# vtk DataFile Version 3.0
centerline merged from slicer markups curve
ASCII
DATASET POLYDATA
POINTS 10705 float
-1.4899513721466064 -268.458984375 290.4154052734375
-2.4420957565307617 -268.5036926269531 290.73638916015625
-3.379256010055542 -268.5968017578125 291.06903076171875
-4.359677791595459 -268.5837097167969 291.3104553222656
-5.3395867347717285 -268.5508117675781 291.5766296386719
-6.3418474197387695 -268.50054931640625 291.6593933105469
-7.312294006347656 -268.7121276855469 291.8961486816406
-8.294086456298828 -268.61163330078125 292.1144714355469
-9.248353958129885 -268.707763671875 292.43939208984375
-10.187539100646973 -268.46063232421875 292.67730712890625
-11.198563575744627 -268.5497741699219 292.79632568359375
-12.192296028137209 -268.63330078125 292.906982421875
-13.170087814331056 -268.65545654296875 293.0680847167969
-14.164458274841309 -268.53826904296875 293.2175598144531
-15.1121826171875 -268.7191467285156 293.5575866699219
-16.074542999267578 -268.64404296875 293.5876770019531
-17.030271530151367 -268.41961669921875 293.36181640625
-18.026206970214844 -268.40545654296875 293.2083435058594
-19.048688888549805 -268.4721374511719 293.22119140625
-20.05945587158203 -268.56329345703125 293.1615905761719
-20.989286422729492 -268.2487487792969 293.2286682128906
-21.995155334472656 -268.3314514160156 293.3583984375
-22.942882537841797 -268.24652099609375 293.50579833984375
-23.9500675201416 -268.1909484863281 293.95635986328125
-23.9500675201416 -268.1909484863281 293.95635986328125
-23.91670799255371 -267.9103088378906 295.6009826660156
-24.290264129638672 -267.7619934082031 296.6612243652344
-24.309812545776367 -267.7404479980469 297.54541015625
-23.91444206237793 -267.49310302734375 298.43719482421875
-23.62423515319824 -267.4060363769531 299.42083740234375
-22.97669219970703 -267.1100769042969 300.1329345703125
-22.216306686401367 -267.1343078613281 300.7828369140625
-21.35625648498535 -267.1712951660156 301.29693603515625
-20.453140258789062 -267.0842590332031 301.7444152832031
-19.484344482421875 -266.95758056640625 302.0614929199219
-18.519872665405273 -267.08636474609375 302.3200988769531
-17.514833450317383 -267.05841064453125 302.50244140625
-16.541179656982422 -267.06610107421875 302.7527160644531
-15.556771278381348 -267.0268859863281 302.90802001953125
-14.553089141845703 -267.0721130371094 303.0175476074219
-13.545669555664064 -267.07373046875 303.1054382324219
-12.558599472045898 -267.1455993652344 303.2721862792969
-11.580155372619627 -267.00628662109375 303.48681640625
-10.584576606750488 -266.9833984375 303.66448974609375
-9.577253341674805 -266.96356201171875 303.76458740234375
-8.583184242248535 -266.7904052734375 303.8473815917969
-7.588634014129639 -266.7216796875 304.011962890625
-6.579969882965088 -266.8864440917969 304.2791748046875
-5.653298377990723 -266.79876708984375 304.3965148925781
-4.7024617195129395 -266.6381530761719 304.0946350097656
-3.7374110221862793 -266.34698486328125 303.9766540527344
-2.7690393924713135 -266.0783996582031 303.9940490722656
-1.7943058013916016 -265.91259765625 303.9388427734375
-23.9500675201416 -268.1909484863281 293.95635986328125
-25.440587997436523 -268.31182861328125 293.4299621582031
-26.30970001220703 -268.4559631347656 293.6973571777344
-27.336519241333008 -268.0150146484375 293.95050048828125
-28.1807804107666 -267.9116516113281 294.22503662109375
-29.17498207092285 -267.79644775390625 294.2471008300781
-30.129905700683594 -267.9679870605469 293.9972229003906
-31.11962890625 -267.92767333984375 293.82061767578125
-32.09156799316406 -267.89874267578125 293.5787048339844
-33.05860900878906 -267.8125915527344 293.3404541015625
-34.032711029052734 -267.997314453125 293.1723327636719
-34.98709487915039 -267.8944396972656 292.893310546875
-35.950706481933594 -267.7305908203125 292.7914733886719
-36.92647933959961 -267.6188659667969 292.6323547363281
-37.9300651550293 -267.7477111816406 292.4413757324219
-38.871700286865234 -267.437255859375 292.3673095703125
-39.87238311767578 -267.41070556640625 292.3504943847656
-40.85323715209961 -267.36334228515625 292.30804443359375
-41.81912612915039 -267.3004150390625 292.02264404296875
-42.80964279174805 -267.3872985839844 291.9156188964844
-43.76646041870117 -266.9955749511719 292.05987548828125
-44.69231414794922 -266.767333984375 292.0729064941406
-45.674560546875 -266.9405822753906 291.9978332519531
-46.67815780639648 -266.939697265625 291.9844055175781
-47.67098236083984 -266.95758056640625 291.97796630859375
-48.6408805847168 -266.94268798828125 292.23394775390625
-49.59269714355469 -266.7208251953125 292.05328369140625
-50.56832504272461 -266.5133056640625 291.9392395019531
-51.557830810546875 -266.4728698730469 291.7879638671875
-52.5297737121582 -266.24603271484375 291.7474365234375
-53.49104309082031 -266.0647277832031 291.6474914550781
-54.484413146972656 -266.0763244628906 291.7496337890625
-55.481502532958984 -265.9749755859375 291.6701354980469
-56.474952697753906 -266.1013488769531 291.5539855957031
-57.45280456542969 -266.3428649902344 291.5862121582031
-58.44687271118164 -266.247314453125 291.5999450683594
-59.423927307128906 -265.9831848144531 291.6435241699219
-60.397430419921875 -265.7861633300781 291.5832824707031
-61.38933944702149 -265.790283203125 291.4398193359375
-62.37887191772461 -265.7484436035156 291.3924255371094
-63.36809921264648 -265.6509704589844 291.3460998535156
-64.37655639648438 -265.65087890625 291.3304138183594
-65.35193634033203 -265.6300048828125 291.1234130859375
-66.34495544433594 -265.50872802734375 291.1199035644531
-67.31636810302734 -265.2758483886719 291.2454528808594
-68.30088806152344 -265.2916564941406 291.3409729003906
-69.29375457763672 -265.2281494140625 291.49591064453125
-70.2869644165039 -265.24591064453125 291.3793029785156
-71.27934265136719 -265.21478271484375 291.4576416015625
-72.2724838256836 -265.1090393066406 291.52618408203125
-73.26229858398438 -264.973876953125 291.560302734375
-74.24364471435547 -264.86627197265625 291.3840026855469
-75.21974182128906 -264.6434020996094 291.361328125
-76.21527099609375 -264.6128234863281 291.2821960449219
-77.21442413330078 -264.5930480957031 291.2840576171875
-78.19560241699219 -264.4327697753906 291.3387145996094
-79.18448638916016 -264.5375671386719 291.41021728515625
-80.18698120117188 -264.5314025878906 291.43255615234375
-81.1835708618164 -264.40338134765625 291.41790771484375
-82.17208862304688 -264.3366394042969 291.353515625
-83.15660858154297 -264.49542236328125 291.4420471191406
-84.13835906982422 -264.43096923828125 291.6296081542969
-85.13487243652344 -264.35443115234375 291.619140625
-86.11385345458984 -264.3311462402344 291.41790771484375
-87.0927963256836 -264.1510009765625 291.28619384765625
-88.03873443603516 -263.9931335449219 291.0242004394531
-89.03260040283203 -263.90850830078125 291.1556701660156
-90.03694152832031 -263.8398742675781 291.1443786621094
-91.02899169921876 -263.77667236328125 291.3083190917969
-92.01844787597656 -263.6626281738281 291.31500244140625
-92.9968032836914 -263.5450744628906 291.4574890136719
-93.99603271484376 -263.5235290527344 291.3879089355469
-94.98741912841795 -263.53887939453125 291.49676513671875
-96.00116729736328 -263.4726867675781 291.5835876464844
-96.98086547851564 -263.55682373046875 291.73388671875
-97.936279296875 -263.64849853515625 291.6364440917969
-98.93836975097656 -263.4635925292969 291.6005859375
-99.9363021850586 -263.3718566894531 291.553955078125
-100.92304229736328 -263.2292785644531 291.47198486328125
-101.91009521484376 -263.077880859375 291.51153564453125
-102.8807601928711 -262.8928527832031 291.659423828125
-103.84915924072266 -262.7681884765625 291.81634521484375
-104.84667205810548 -262.6371154785156 291.8112487792969
-105.84281158447266 -262.50689697265625 291.8043518066406
-106.8394775390625 -262.58502197265625 291.874267578125
-107.818359375 -262.58001708984375 291.947021484375
-108.80518341064452 -262.3515319824219 291.9958190917969
-109.76115417480467 -262.1422119140625 292.1739501953125
-110.7511215209961 -261.9825439453125 292.27117919921875
-111.7366943359375 -261.8397216796875 292.25836181640625
-112.70207977294922 -261.5942687988281 292.34423828125
-113.692626953125 -261.4290771484375 292.29620361328125
-114.67996978759766 -261.2962341308594 292.39569091796875
-115.67561340332033 -261.3196716308594 292.32781982421875
-116.66789245605467 -261.2884216308594 292.2496032714844
-117.64833068847656 -261.251953125 292.3870544433594
-118.63380432128906 -261.1463623046875 292.5216369628906
-119.60077667236328 -260.9156799316406 292.6343994140625
-120.56237030029295 -260.6955871582031 292.8140563964844
-121.52932739257812 -260.51861572265625 292.98553466796875
-122.51675415039064 -260.3863525390625 293.1205139160156
-123.49445343017578 -260.259521484375 293.2372131347656
-124.47433471679688 -260.08465576171875 293.2384338378906
-125.46907806396484 -259.9231262207031 293.31732177734375
-126.4647445678711 -259.8633117675781 293.3653564453125
-127.4578628540039 -259.72406005859375 293.3934020996094
-128.43959045410156 -259.56561279296875 293.4805603027344
-129.4198455810547 -259.57159423828125 293.6667175292969
-130.3904571533203 -259.38690185546875 293.8214416503906
-131.37281799316406 -259.2149353027344 293.9525451660156
-132.30259704589844 -259.0838623046875 294.25030517578125
-133.3037872314453 -259.0064392089844 294.2982482910156
-134.30426025390625 -258.91046142578125 294.37188720703125
-135.2773895263672 -258.8599548339844 294.6063232421875
-136.26416015625 -258.8845520019531 294.5434875488281
-137.24636840820312 -258.6976318359375 294.478759765625
-138.24559020996094 -258.63623046875 294.43701171875
-139.24195861816406 -258.50433349609375 294.45318603515625
-140.2357940673828 -258.4947814941406 294.5054016113281
-141.2272491455078 -258.55712890625 294.5466003417969
-142.220947265625 -258.4328308105469 294.50091552734375
-143.20657348632812 -258.4127502441406 294.63177490234375
-144.18414306640625 -258.4902038574219 294.771728515625
-145.17013549804688 -258.42462158203125 294.9458923339844
-146.12940979003906 -258.3883056640625 295.20367431640625
-147.12255859375 -258.2644958496094 295.2685852050781
-148.09475708007812 -258.20660400390625 295.50445556640625
-149.06924438476565 -258.11932373046875 295.5503234863281
-150.05450439453125 -257.8716735839844 295.46197509765625
-151.0423126220703 -257.75457763671875 295.4370422363281
-152.03530883789065 -257.63800048828125 295.5008544921875
-153.01577758789065 -257.56903076171875 295.6953125
-154.01217651367188 -257.49273681640625 295.8195495605469
-154.98995971679688 -257.48931884765625 295.8771667480469
-155.97576904296875 -257.58343505859375 296.02716064453125
-156.95777893066406 -257.613037109375 296.2287902832031
-157.9403533935547 -257.5099792480469 296.34686279296875
-158.9461669921875 -257.4412841796875 296.4747009277344
-159.90347290039065 -257.20849609375 296.4781799316406
-160.86846923828125 -256.9480285644531 296.40167236328125
-161.84579467773438 -256.8119201660156 296.54632568359375
-162.8410186767578 -256.7842712402344 296.6322937011719
-163.83724975585938 -256.70587158203125 296.6785888671875
-164.82516479492188 -256.6334533691406 296.7811584472656
-165.82032775878906 -256.65399169921875 296.79779052734375
-166.7963409423828 -256.531494140625 296.9001159667969
-167.7603759765625 -256.2275390625 297.0244140625
-168.70249938964844 -256.0215148925781 297.265380859375
-169.66722106933594 -255.82281494140625 297.44476318359375
-170.65408325195312 -255.66574096679688 297.4469299316406
-171.64495849609375 -255.55682373046875 297.4978942871094
-172.63790893554688 -255.42791748046875 297.53253173828125
-173.62649536132812 -255.3348388671875 297.56756591796875
-174.61288452148438 -255.19837951660156 297.5144348144531
-175.58645629882812 -254.99917602539065 297.4462585449219
-176.55921936035156 -254.71685791015625 297.484375
-177.51162719726565 -254.49676513671875 297.65777587890625
-178.40870666503906 -254.13221740722656 297.9258117675781
-179.23117065429688 -253.72572326660156 298.3771667480469
-180.39193725585935 -252.91616821289065 299.3155212402344
-180.39193725585935 -252.91616821289065 299.3155212402344
-179.7693634033203 -251.84967041015625 301.2056884765625
-179.51841735839844 -251.33099365234375 302.06512451171875
-179.01573181152344 -250.91615295410156 302.833984375
-178.48011779785156 -250.67396545410156 303.663330078125
-177.68780517578125 -250.4551544189453 304.25543212890625
-176.78060913085938 -250.44802856445312 304.7511291503906
-175.8874969482422 -250.51016235351565 305.2317810058594
-174.92897033691406 -250.49964904785156 305.5994567871094
-173.97024536132812 -250.45330810546875 305.94427490234375
-173.0382080078125 -250.5300140380859 306.3630676269531
-172.14501953125 -250.56529235839844 306.8609313964844
-171.17385864257812 -250.52471923828125 307.1648254394531
-170.197509765625 -250.44151306152344 307.4627990722656
-169.23866271972656 -250.50283813476565 307.8211364746094
-168.2350311279297 -250.52392578125 308.0290222167969
-167.25674438476565 -250.6269989013672 308.31427001953125
-166.3337860107422 -250.77671813964844 308.7210998535156
-165.37799072265625 -250.87127685546875 309.0525817871094
-164.4562225341797 -250.90313720703125 309.4923095703125
-163.50128173828125 -250.99252319335935 309.8502197265625
-162.54071044921875 -250.92971801757812 310.20672607421875
-161.5789031982422 -250.98171997070312 310.5539245605469
-160.6232452392578 -250.89080810546875 310.9089660644531
-159.64981079101565 -250.8179473876953 311.221923828125
-158.6912078857422 -250.57118225097656 311.48345947265625
-157.84861755371094 -250.38162231445312 312.0207214355469
-156.8865966796875 -250.33438110351565 312.3853454589844
-155.95501708984375 -250.3493194580078 312.804931640625
-155.0003662109375 -250.31492614746097 313.18206787109375
-154.0880126953125 -250.4424591064453 313.6370849609375
-153.096435546875 -250.5260009765625 313.8524475097656
-152.10763549804688 -250.4495391845703 313.91259765625
-180.39193725585935 -252.91616821289065 299.3155212402344
-182.03457641601565 -252.689697265625 299.09857177734375
-182.8946533203125 -252.43524169921875 299.5114440917969
-183.7605743408203 -251.94805908203125 299.4056091308594
-184.7155914306641 -251.61326599121097 299.42242431640625
-185.71566772460935 -251.41119384765625 299.5052185058594
-186.7163543701172 -251.3172149658203 299.58056640625
-187.69552612304688 -251.27316284179688 299.4153137207031
-188.65036010742188 -251.20645141601565 299.0788269042969
-189.5961151123047 -251.15267944335935 298.75567626953125
-190.5854034423828 -251.160400390625 298.6044921875
-191.5307159423828 -251.14056396484375 298.26593017578125
-192.5133056640625 -251.00604248046875 298.16229248046875
-193.50689697265625 -250.9523468017578 298.056640625
-194.4819793701172 -250.7868194580078 297.9346008300781
-195.46083068847656 -250.63009643554688 297.8116455078125
-196.445556640625 -250.5552520751953 297.6602478027344
-197.43080139160156 -250.4009246826172 297.58685302734375
-198.41571044921875 -250.22666931152344 297.68499755859375
-199.40719604492188 -250.1865997314453 297.6619567871094
-200.37831115722656 -249.9151611328125 297.68414306640625
-201.34913635253903 -249.6963653564453 297.5672607421875
-202.33694458007812 -249.54917907714844 297.6031799316406
-203.30772399902344 -249.31101989746097 297.5956115722656
-204.28184509277344 -249.07530212402344 297.5991516113281
-205.244384765625 -248.8634490966797 297.48712158203125
-206.2252197265625 -248.7109832763672 297.5854187011719
-207.20892333984375 -248.5508728027344 297.5879211425781
-208.2007751464844 -248.45263671875 297.6587829589844
-209.19332885742188 -248.361572265625 297.680908203125
-210.18959045410156 -248.2511444091797 297.5955505371094
-211.1708984375 -248.0999755859375 297.659912109375
-212.147216796875 -247.90513610839844 297.5157165527344
-213.1100311279297 -247.64096069335935 297.5749206542969
-214.1072998046875 -247.63510131835935 297.52850341796875
-215.08209228515625 -247.51422119140625 297.3531188964844
-216.05859375 -247.337890625 297.2330627441406
-217.0345916748047 -247.1472625732422 297.123046875
-218.01512145996097 -246.99185180664065 297.03240966796875
-218.9846038818359 -246.7521820068359 297.09326171875
-219.97341918945312 -246.77886962890625 297.235107421875
-220.95849609375 -246.6534423828125 297.1665344238281
-221.94834899902344 -246.5597686767578 297.1894226074219
-222.9219970703125 -246.3386383056641 297.1877746582031
-223.90394592285156 -246.16323852539065 297.1264343261719
-224.8632354736328 -245.90809631347656 297.2254333496094
-225.85595703125 -245.80191040039065 297.19512939453125
-226.8282470703125 -245.6220245361328 297.0822448730469
-227.78221130371097 -245.33953857421875 297.1711730957031
-228.74929809570312 -245.0924072265625 297.1769714355469
-229.7144317626953 -244.85499572753903 297.2766418457031
-230.67031860351565 -244.5595245361328 297.2379455566406
-231.6288299560547 -244.28387451171875 297.2414245605469
-232.61241149902344 -244.10479736328125 297.298583984375
-233.5613555908203 -243.8195953369141 297.40838623046875
-234.506103515625 -243.50286865234375 297.48193359375
-235.42123413085935 -243.1141357421875 297.49072265625
-236.39117431640625 -242.87025451660156 297.6030578613281
-237.33387756347656 -242.60488891601565 297.85736083984375
-238.260498046875 -242.24539184570312 297.900634765625
-239.2365875244141 -242.05418395996097 297.9299621582031
-240.1616973876953 -241.68255615234375 297.775634765625
-241.13250732421875 -241.47154235839844 297.8778991699219
-242.0540771484375 -241.07614135742188 297.91302490234375
-242.9737548828125 -240.67913818359375 297.8665466308594
-243.91259765625 -240.3708953857422 298.0324401855469
-244.8639984130859 -240.09710693359375 297.9718017578125
-245.81019592285156 -239.80776977539065 298.0293273925781
-246.7557830810547 -239.4683532714844 298.0199279785156
-247.71192932128903 -239.1790008544922 298.0261535644531
-248.64453125 -238.82179260253903 298.04791259765625
-249.59906005859375 -238.52767944335935 298.08135986328125
-250.5391845703125 -238.19595336914065 298.0760498046875
-251.51039123535156 -237.97962951660156 298.132568359375
-252.44473266601565 -237.61956787109375 298.1809997558594
-253.39651489257812 -237.33404541015625 298.1976623535156
-254.3726806640625 -237.16201782226565 298.34326171875
-255.34605407714844 -236.93984985351565 298.3345947265625
-256.2990417480469 -236.6704559326172 298.4975280761719
-257.27734375 -236.49105834960935 298.5340576171875
-258.24346923828125 -236.29299926757812 298.6832275390625
-259.1755065917969 -235.9459991455078 298.79522705078125
-260.13140869140625 -235.66705322265625 298.8830871582031
-261.0855712890625 -235.37387084960935 298.95452880859375
-262.01922607421875 -235.01625061035156 298.9812927246094
-262.9666442871094 -234.76254272460935 299.16802978515625
-263.8870544433594 -234.4579315185547 299.3983459472656
-264.85595703125 -234.27798461914065 299.5695495605469
-265.81781005859375 -234.02285766601565 299.69769287109375
-266.76544189453125 -233.81407165527344 299.92938232421875
-267.7105407714844 -233.5240478515625 300.0703430175781
-268.6595764160156 -233.2434844970703 300.1755676269531
-269.6015625 -232.9829559326172 300.3775329589844
-270.5321044921875 -232.7173614501953 300.6282958984375
-271.478759765625 -232.47715759277344 300.8346252441406
-272.4441223144531 -232.35031127929688 301.0778503417969
-273.4021911621094 -232.11378479003903 301.2203369140625
-274.3800964355469 -231.9217529296875 301.3163757324219
-275.2806091308594 -231.6792449951172 301.66387939453125
-276.2399597167969 -231.57412719726565 301.91778564453125
-277.1899108886719 -231.40516662597656 302.1645812988281
-278.1305847167969 -231.26324462890625 302.4640808105469
-279.05572509765625 -230.9679412841797 302.6968078613281
-280.0101318359375 -230.82095336914065 302.9654846191406
-280.9485168457031 -230.64334106445312 303.25994873046875
-281.91009521484375 -230.4764862060547 303.4457702636719
-282.8951416015625 -230.4738616943359 303.61676025390625
-283.8617248535156 -230.49679565429688 303.8617248535156
-284.8269958496094 -230.3060760498047 304.0388488769531
-285.7941589355469 -230.27981567382812 304.28564453125
-286.77117919921875 -230.22702026367188 304.4813537597656
-287.6958312988281 -230.076416015625 304.8317565917969
-288.6484069824219 -230.0626983642578 305.1156005859375
-289.58416748046875 -229.9965057373047 305.4607238769531
-290.5763854980469 -229.91043090820312 305.5587463378906
-291.5436096191406 -229.87551879882812 305.81243896484375
-292.4960021972656 -229.763427734375 306.0858154296875
-293.4508056640625 -229.8146514892578 306.3852233886719
-294.43524169921875 -229.79034423828125 306.5198059082031
-295.42999267578125 -229.80943298339844 306.6002502441406
-296.3891296386719 -229.91705322265625 306.86297607421875
-297.354248046875 -229.93470764160156 307.10272216796875
-298.2769470214844 -230.0348663330078 307.4783935546875
-299.220703125 -230.16229248046875 307.7403259277344
-300.21630859375 -230.1132049560547 307.879638671875
-301.1841125488281 -230.129638671875 308.130615234375
-302.16595458984375 -230.1324462890625 308.3249816894531
-303.1257019042969 -230.13771057128903 308.5967102050781
-304.0972595214844 -230.0980224609375 308.82672119140625
-305.07073974609375 -230.12451171875 309.0570373535156
-306.0311584472656 -230.0783538818359 309.33172607421875
-306.99688720703125 -230.0542907714844 309.588134765625
-307.97698974609375 -230.14779663085935 309.7542419433594
-308.9500427246094 -230.2671661376953 309.94439697265625
-309.9185791015625 -230.35595703125 310.1698303222656
-310.90203857421875 -230.3280487060547 310.322021484375
-311.8835754394531 -230.22781372070312 310.4514465332031
-312.84912109375 -230.1787567138672 310.7137756347656
-313.84759521484375 -230.25994873046875 310.76531982421875
-314.8359069824219 -230.23602294921875 310.88323974609375
-315.7903747558594 -230.34312438964844 311.1674499511719
-316.7693786621094 -230.2788848876953 311.3531188964844
-317.7384948730469 -230.15911865234375 311.5760192871094
-318.7208251953125 -230.2078094482422 311.69903564453125
-319.71942138671875 -230.09092712402344 311.8125
-320.6667785644531 -230.16355895996097 312.1102294921875
-321.6098937988281 -230.2503662109375 312.4290466308594
-322.58929443359375 -230.15670776367188 312.54248046875
-323.59320068359375 -230.0684509277344 312.6344909667969
-324.5600280761719 -230.2040557861328 312.8583679199219
-325.55169677734375 -230.0593719482422 312.9588317871094
-326.52728271484375 -230.15037536621097 313.15582275390625
-327.5215148925781 -230.19142150878903 313.2690124511719
-328.49444580078125 -230.3074951171875 313.46148681640625
-329.45538330078125 -230.31529235839844 313.7807312011719
-330.3943786621094 -230.5084228515625 314.0218505859375
-331.3939208984375 -230.5097198486328 314.1140441894531
-332.3805236816406 -230.5550537109375 314.2627868652344
-333.36053466796875 -230.50857543945312 314.46484375
-334.35552978515625 -230.5565948486328 314.4607238769531
-335.3448791503906 -230.69764709472656 314.4757080078125
-336.32830810546875 -230.8137664794922 314.6062316894531
-337.2388610839844 -231.1512451171875 314.88702392578125
-338.1885070800781 -231.22433471679688 315.05859375
-339.1531677246094 -231.0495758056641 315.21942138671875
-340.09625244140625 -230.8240966796875 315.513427734375
-341.06573486328125 -230.71530151367188 315.79376220703125
-342.0471496582031 -230.5929718017578 315.87957763671875
-343.02874755859375 -230.62051391601565 315.8584899902344
-344.0096130371094 -230.87271118164065 316.00604248046875
-344.9866027832031 -230.7605438232422 316.1506652832031
-345.9584045410156 -230.7255096435547 316.3583068847656
-346.9309387207031 -230.79017639160156 316.58294677734375
-347.9071044921875 -230.7199554443359 316.74261474609375
-348.87847900390625 -230.6100921630859 316.96697998046875
-349.8616943359375 -230.6289978027344 317.1220703125
-350.8602294921875 -230.60353088378903 317.24609375
-351.83880615234375 -230.67227172851565 317.423828125
-352.7942810058594 -230.7206573486328 317.733154296875
-353.78466796875 -230.7893829345703 317.8848571777344
-354.7620849609375 -230.60491943359375 317.9266052246094
-355.75115966796875 -230.62501525878903 318.0889892578125
-356.7091369628906 -230.4297332763672 318.3458251953125
-357.6833190917969 -230.49183654785156 318.4957275390625
-358.6248474121094 -230.5565643310547 318.83843994140625
-359.56695556640625 -230.63836669921875 319.15625
-360.548828125 -230.76315307617188 319.3216857910156
-361.5091857910156 -230.80088806152344 319.5897521972656
-362.5057678222656 -230.79991149902344 319.7289733886719
-363.4385986328125 -230.63121032714844 320.0278015136719
-364.40814208984375 -230.5696258544922 320.277099609375
-365.3963317871094 -230.5495758056641 320.4493713378906
-366.3627624511719 -230.39341735839844 320.6134033203125
-367.3236999511719 -230.25404357910156 320.8588562011719
-368.2742309570313 -230.19717407226565 321.1509094238281
-369.18707275390625 -229.9396209716797 321.46630859375
-370.1181945800781 -229.69192504882812 321.73321533203125
-371.0808715820313 -229.4831695556641 321.89630126953125
-372.0274353027344 -229.2097320556641 322.0389099121094
-372.93701171875 -228.91221618652344 322.3229064941406
-373.8373718261719 -228.55508422851565 322.5675964355469
-374.7430114746094 -228.2864227294922 322.8714904785156
-375.6653442382813 -227.93605041503903 323.04010009765625
-376.581787109375 -227.58132934570312 323.22039794921875
-377.5125732421875 -227.35096740722656 323.50762939453125
-378.4530944824219 -227.1382598876953 323.76019287109375
-379.3802795410156 -226.81005859375 323.9592590332031
-380.260986328125 -226.46636962890625 324.27203369140625
-381.11187744140625 -225.97149658203125 324.4637451171875
-381.97357177734375 -225.54823303222656 324.73919677734375
-382.86907958984375 -225.14833068847656 324.936767578125
-383.7771911621094 -224.7843780517578 325.114990234375
-384.64947509765625 -224.32765197753903 325.2921447753906
-385.4855651855469 -223.8002471923828 325.4631652832031
-386.3939514160156 -223.44874572753903 325.66558837890625
-387.28851318359375 -223.03082275390625 325.7916259765625
-388.1927795410156 -222.6521453857422 326.0018310546875
-389.0621032714844 -222.17088317871097 326.1050720214844
-389.9462585449219 -221.71755981445312 326.20391845703125
-390.8185729980469 -221.29962158203125 326.4742126464844
-391.70159912109375 -220.84478759765625 326.5808410644531
-392.5874328613281 -220.40081787109375 326.6979675292969
-393.4749755859375 -220.0079040527344 326.9443664550781
-394.3821105957031 -219.60317993164065 327.0630187988281
-395.2578430175781 -219.1197509765625 327.1363830566406
-396.1411437988281 -218.7259063720703 327.3628234863281
-397.0434265136719 -218.33558654785156 327.5436096191406
-397.9542846679687 -217.94078063964844 327.6698303222656
-398.8232421875 -217.47427368164065 327.8081970214844
-399.7148742675781 -217.06674194335935 328.0098571777344
-400.6490173339844 -216.742431640625 328.1107177734375
-401.6102294921875 -216.51266479492188 328.27349853515625
-402.48382568359375 -216.0729827880859 328.47357177734375
-403.3913269042969 -215.6701507568359 328.5780334472656
-404.2837829589844 -215.223876953125 328.6130065917969
-405.1881713867187 -214.8097381591797 328.7149353027344
-406.0887451171875 -214.38626098632812 328.81475830078125
-406.9911804199219 -214.0222625732422 329.0486145019531
-407.89752197265625 -213.6341094970703 329.2040710449219
-408.84814453125 -213.3244781494141 329.2392272949219
-409.78564453125 -212.99952697753903 329.3509216308594
-410.7246398925781 -212.67469787597656 329.4632263183594
-411.6218566894531 -212.22911071777344 329.4844665527344
-412.5133056640625 -211.79209899902344 329.51263427734375
-413.3908081054687 -211.3161163330078 329.5975036621094
-414.3410034179687 -211.01644897460935 329.59466552734375
-415.32427978515625 -210.82699584960935 329.6263732910156
-416.2466125488281 -210.4630889892578 329.6862487792969
-417.1729431152344 -210.0924530029297 329.7609558105469
-418.150390625 -209.87586975097656 329.73486328125
-419.0749816894531 -209.50616455078125 329.8024597167969
-420.0178527832031 -209.18185424804688 329.72637939453125
-420.9747619628906 -208.8986663818359 329.70062255859375
-421.8863220214844 -208.4911651611328 329.7809143066406
-422.8274841308594 -208.1591339111328 329.7362060546875
-423.79583740234375 -207.91082763671875 329.685546875
-424.7049255371094 -207.49484252929688 329.6829833984375
-425.6450500488281 -207.16915893554688 329.60601806640625
-426.5708923339844 -206.81153869628903 329.6020202636719
-427.5303039550781 -206.5190887451172 329.5369567871094
-428.4508056640625 -206.12368774414065 329.5092468261719
-429.42724609375 -205.93991088867188 329.3972473144531
-430.358642578125 -205.5822906494141 329.31903076171875
-431.2982177734375 -205.2795257568359 329.1923828125
-432.2614440917969 -205.0381622314453 329.08831787109375
-433.17913818359375 -204.684326171875 328.90869140625
-434.113037109375 -204.33937072753903 328.8371276855469
-435.03955078125 -204.0052032470703 328.6760559082031
-435.9812927246094 -203.6927032470703 328.71728515625
-436.9187622070313 -203.39096069335935 328.5089416503906
-437.82183837890625 -202.9494476318359 328.4784851074219
-438.7481384277344 -202.6423492431641 328.296630859375
-439.6493225097656 -202.272216796875 328.0945739746094
-440.5758666992187 -201.97982788085935 327.8786926269531
-441.5137939453125 -201.87109375 327.53900146484375
-442.4170227050781 -201.61300659179688 327.2477111816406
-443.3853759765625 -201.3798370361328 327.2403869628906
-444.3772583007813 -201.30935668945312 327.1179504394531
-445.3204040527344 -201.1170196533203 326.83160400390625
-446.25250244140625 -200.83346557617188 326.61346435546875
-447.2431335449219 -200.7028961181641 326.52288818359375
-448.1339111328125 -200.59445190429688 326.0813903808594
-449.0584716796875 -200.38487243652344 325.80316162109375
-449.9701232910156 -200.0278778076172 325.5892639160156
-450.9413146972656 -199.96749877929688 325.3522644042969
-451.8000183105469 -199.7715759277344 324.88055419921875
-452.7584533691406 -199.7244873046875 324.61431884765625
-453.7127990722656 -199.73025512695312 324.3222961425781
-454.5823364257813 -199.45404052734375 323.9193115234375
-455.50494384765625 -199.3323211669922 323.5558166503906
-456.4744873046875 -199.2513427734375 323.3226623535156
-457.42083740234375 -199.14051818847656 323.0381164550781
-458.4010620117187 -199.09947204589844 322.8544616699219
-459.38092041015625 -199.14581298828125 322.66864013671875
-460.3453369140625 -199.0723114013672 322.4189758300781
-461.2973327636719 -199.0095977783203 322.1239318847656
-462.2178649902344 -198.82911682128903 321.7776794433594
-463.1382751464844 -198.6959991455078 321.40869140625
-464.0744018554687 -198.5970458984375 321.0705871582031
-465.0419006347656 -198.52459716796875 320.8363952636719
-466.0003662109375 -198.49295043945312 320.54595947265625
-466.9316711425781 -198.4136505126953 320.2033386230469
-467.862060546875 -198.2859039306641 319.8619384765625
-468.8106689453125 -198.14987182617188 319.573486328125
-469.7404479980469 -197.94009399414065 319.2789611816406
-470.6707763671875 -197.72218322753903 318.98828125
-471.6345520019531 -197.6153259277344 318.7344665527344
-472.5802307128906 -197.52732849121097 318.4376525878906
-473.5426330566406 -197.51348876953125 318.1602783203125
-474.4936828613281 -197.51394653320312 317.8611145019531
-475.4360046386719 -197.47784423828125 317.5346984863281
-476.3877258300781 -197.4263916015625 317.2296447753906
-477.3206787109375 -197.2720947265625 316.91851806640625
-478.2449035644531 -197.09182739257812 316.5904235839844
-479.1847534179687 -197.02491760253903 316.2579345703125
-480.1522216796875 -196.8708343505859 316.05230712890625
-481.1224365234375 -196.92645263671875 315.8524169921875
-482.0939636230469 -196.954833984375 315.8687744140625
-483.0196838378906 -197.03233337402344 315.9343566894531
-485.2355041503906 -197.24118041992188 316.8401184082031
-485.2355041503906 -197.24118041992188 316.8401184082031
-486.3489685058594 -198.0718536376953 319.0875549316406
-487.0707702636719 -198.571533203125 320.66082763671875
-486.1807556152344 -198.47314453125 321.8539123535156
-486.1807556152344 -198.47314453125 321.8539123535156
-484.15185546875 -200.54527282714844 323.2421569824219
-483.1647033691406 -200.89878845214844 323.6022644042969
-482.3774719238281 -201.1092071533203 323.9778137207031
-481.5233459472656 -201.41847229003903 324.3881530761719
-480.5728454589844 -201.70587158203125 324.5929260253906
-479.6694030761719 -202.01480102539065 324.9243469238281
-478.7514343261719 -202.07456970214844 325.3206481933594
-477.78961181640625 -202.2271423339844 325.5673828125
-476.8437805175781 -202.37547302246097 325.86090087890625
-475.8806457519531 -202.454345703125 326.1123962402344
-474.90728759765625 -202.49603271484375 326.36639404296875
-473.92864990234375 -202.64414978027344 326.5411376953125
-472.94183349609375 -202.78118896484375 326.6426086425781
-471.9902648925781 -203.1013336181641 326.6463317871094
-471.0068054199219 -203.2976226806641 326.6627197265625
-470.0157165527344 -203.4471435546875 326.6802978515625
-469.0337829589844 -203.5580596923828 326.8511047363281
-468.0723876953125 -203.79014587402344 327.0168151855469
-467.1007385253906 -204.0467987060547 326.97100830078125
-466.1712341308594 -204.40985107421875 326.9542236328125
-465.1949462890625 -204.6423797607422 326.9010314941406
-464.2197265625 -204.88507080078125 326.8917236328125
-463.3087463378906 -205.29901123046875 326.828857421875
-462.3459777832031 -205.54763793945312 326.6668395996094
-461.3939514160156 -205.8464508056641 326.56903076171875
-460.39544677734375 -205.9894256591797 326.5238037109375
-459.3938598632813 -206.0379638671875 326.5126037597656
-458.4146423339844 -206.227783203125 326.4142761230469
-457.4145812988281 -206.28076171875 326.41339111328125
-456.4298400878906 -206.3572540283203 326.25335693359375
-455.47894287109375 -206.56187438964844 326.0
-454.524658203125 -206.7048797607422 325.71734619140625
-453.5796203613281 -207.00515747070312 325.5411376953125
-452.5881042480469 -206.95413208007812 325.3470458984375
-451.60357666015625 -207.04010009765625 325.2475891113281
-450.6399841308594 -207.2935333251953 325.1460266113281
-449.6742858886719 -207.4929962158203 324.9537048339844
-448.6980590820313 -207.6775360107422 324.7858581542969
-447.7122802734375 -207.8137359619141 324.71746826171875
-446.7148742675781 -207.85391235351565 324.6177062988281
-445.7215881347656 -207.7904815673828 324.4732360839844
-444.75970458984375 -207.78411865234375 324.1843566894531
-443.7646789550781 -207.81829833984375 324.0543212890625
-442.7870788574219 -207.91326904296875 323.8319396972656
-441.8013610839844 -207.97970581054688 323.62994384765625
-440.8041687011719 -207.9385528564453 323.5201110839844
-439.8572082519531 -208.13079833984375 323.2669677734375
-438.87884521484375 -208.2561492919922 323.04718017578125
-437.9483337402344 -208.41603088378903 322.7134094238281
-436.9957580566406 -208.49351501464844 322.4083557128906
-436.0650939941406 -208.6468505859375 322.0665588378906
-435.0944519042969 -208.81149291992188 321.85723876953125
-434.1961364746094 -208.8195037841797 321.408935546875
-433.24505615234375 -208.91554260253903 321.1127624511719
-432.27581787109375 -208.98341369628903 320.85162353515625
-431.340576171875 -209.01922607421875 320.5054626464844
-430.382080078125 -209.04519653320312 320.2051086425781
-429.4828186035156 -209.15919494628903 319.7725524902344
-428.5931701660156 -209.26141357421875 319.3197021484375
-427.7014770507813 -209.40228271484375 318.89892578125
-426.7758483886719 -209.4327087402344 318.5204772949219
-425.8813171386719 -209.39305114746097 318.0683898925781
-424.9606628417969 -209.49331665039065 317.6740417480469
-424.1233215332031 -209.5443878173828 317.1199035644531
-423.2420654296875 -209.6949157714844 316.6678771972656
-422.3463439941406 -209.84332275390625 316.2337951660156
-421.4542236328125 -209.98568725585935 315.79156494140625
-420.6290588378906 -210.25668334960935 315.2872314453125
-419.8426513671875 -210.6199951171875 314.785888671875
-419.1275939941406 -211.08441162109375 314.258544921875
-418.43511962890625 -211.6346893310547 313.7869873046875
-417.7908630371094 -212.21034240722656 313.2798156738281
-417.2898559570313 -212.92160034179688 312.7677001953125
-416.7384338378906 -213.51914978027344 312.1856384277344
-416.0780334472656 -214.0704345703125 311.64715576171875
-415.5424499511719 -214.6742706298828 311.05303955078125
-414.9498901367187 -215.34022521972656 310.6121826171875
-414.3877258300781 -215.98736572265625 310.0773010253906
-413.9172973632813 -216.7484893798828 309.6332092285156
-413.5612487792969 -217.49270629882812 309.0384826660156
-413.1196594238281 -218.1038055419922 308.52447509765625
-412.4750061035156 -219.0660858154297 307.8128967285156
-412.4750061035156 -219.0660858154297 307.8128967285156
-410.3611755371094 -219.25767517089844 307.0262756347656
-409.5933837890625 -219.65538024902344 306.4857482910156
-408.93359375 -219.9749298095703 305.790283203125
-408.4280700683594 -220.3178253173828 304.97161865234375
-407.9194641113281 -220.6983642578125 304.16741943359375
-407.3587341308594 -221.29197692871097 303.56195068359375
-406.9452209472656 -221.9999542236328 302.9553527832031
-406.7124938964844 -222.79122924804688 302.35272216796875
-406.5376892089844 -223.6334686279297 301.8119201660156
-406.3663940429687 -224.43495178222656 301.2180480957031
-406.1138610839844 -225.322265625 300.7613525390625
-405.5765380859375 -226.0746612548828 300.36456298828125
-405.1249084472656 -226.87045288085935 299.9199523925781
-404.7356262207031 -227.720947265625 299.5224304199219
-404.2457275390625 -228.54116821289065 299.1756286621094
-403.7549743652344 -229.27935791015625 298.6629943847656
-403.2515869140625 -230.1203460693359 298.3767395019531
-402.8593444824219 -230.98974609375 298.0154113769531
-402.4065246582031 -231.7390594482422 297.5090637207031
-401.8272399902344 -232.5061798095703 297.2061462402344
-401.2105712890625 -233.1717987060547 296.7207946777344
-400.672119140625 -233.92141723632812 296.3294677734375
-400.1742858886719 -234.7181854248047 295.9419250488281
-399.6524963378906 -235.4833984375 295.5196838378906
-399.2464904785156 -236.3439483642578 295.1517333984375
-398.7561340332031 -237.1951141357422 294.8954772949219
-398.2500915527344 -238.03488159179688 294.63916015625
-397.8602294921875 -238.91192626953125 294.32135009765625
-397.4275207519531 -239.811279296875 294.1373291015625
-396.960205078125 -240.690185546875 293.91058349609375
-396.5274658203125 -241.60353088378903 293.7635192871094
-396.32464599609375 -242.5684356689453 293.5700988769531
-396.3768615722656 -243.58203125 293.4881896972656
-396.1914978027344 -244.5829620361328 293.4338684082031
-396.1300964355469 -245.59764099121097 293.4330749511719
-396.1034851074219 -246.6143798828125 293.3988037109375
-396.1303405761719 -247.63284301757812 293.40216064453125
-395.8556823730469 -248.6194610595703 293.8717956542969
-395.6152038574219 -249.51861572265625 293.87060546875
-395.83160400390625 -250.4498291015625 293.4991760253906
-395.9541931152344 -251.45889282226565 293.4787292480469
-395.9359436035156 -252.48487854003903 293.52386474609375
-395.84857177734375 -253.4805145263672 293.37408447265625
-395.6766052246094 -254.5092010498047 293.3562316894531
-395.5087585449219 -255.43197631835935 293.47125244140625
-395.4656066894531 -256.3172607421875 293.5448303222656
-395.7409362792969 -257.5462341308594 293.34356689453125
-412.4750061035156 -219.0660858154297 307.8128967285156
-413.69097900390625 -221.2498321533203 307.06817626953125
-413.9671630859375 -222.15924072265625 306.6419982910156
-414.234375 -222.9816436767578 306.1761474609375
-414.57275390625 -223.7324676513672 305.5796813964844
-414.8940124511719 -224.39129638671875 304.8758544921875
-415.0939025878906 -225.0264892578125 304.1044616699219
-415.2874755859375 -225.6401824951172 303.3204345703125
-415.801513671875 -226.28207397460935 302.7046203613281
-416.1582336425781 -227.0410919189453 302.1263427734375
-416.3084411621094 -227.7924346923828 301.4716796875
-416.5666809082031 -228.59861755371097 300.92034912109375
-416.8060302734375 -229.5129241943359 300.56756591796875
-416.9890441894531 -230.3364715576172 300.0171813964844
-417.3267517089844 -231.2736358642578 299.7220153808594
-417.5989685058594 -232.0991973876953 299.30145263671875
-417.67431640625 -232.93161010742188 298.6847839355469
-417.9696350097656 -233.9320526123047 298.673828125
-418.54449462890625 -234.68374633789065 298.3175048828125
-418.9371032714844 -235.55264282226565 297.96087646484375
-419.22271728515625 -236.45587158203125 297.5693054199219
-419.4367370605469 -237.3382110595703 297.10565185546875
-419.5750427246094 -238.31163024902344 296.7943420410156
-419.9387512207031 -239.06478881835935 296.2192687988281
-420.1006164550781 -240.04299926757812 295.9128112792969
-420.3408508300781 -240.92445373535156 295.5032043457031
-420.45654296875 -241.83868408203125 295.0708312988281
-420.7052612304687 -242.73236083984375 294.6555480957031
-420.8665771484375 -243.6803436279297 294.2920227050781
-420.9483337402344 -244.6015167236328 293.89111328125
-421.0893859863281 -245.65785217285156 293.9034118652344
-421.1297302246094 -246.54185485839844 293.4458312988281
-421.3358459472656 -247.5074462890625 293.1602478027344
-421.53564453125 -248.50819396972656 293.17083740234375
-421.6249084472656 -249.4911346435547 292.90740966796875
-421.43121337890625 -250.4673767089844 292.9532165527344
-421.4121398925781 -251.42344665527344 293.2458190917969
-421.3045043945313 -252.42581176757812 293.0495300292969
-421.3516845703125 -253.434814453125 293.0774841308594
-421.1645202636719 -254.45913696289065 293.06878662109375
-421.21630859375 -255.4576110839844 293.1460876464844
-421.10009765625 -256.4708251953125 293.2307434082031
-420.8781433105469 -257.28985595703125 292.6034240722656
-485.2355041503906 -197.24118041992188 316.8401184082031
-486.92340087890625 -196.3311767578125 315.0046081542969
-487.8836059570313 -196.401611328125 314.8965759277344
-488.916748046875 -196.24697875976565 314.89141845703125
-489.8883361816406 -196.05775451660156 314.94012451171875
-490.8874816894531 -196.04241943359375 314.9932556152344
-491.8703308105469 -195.82408142089844 315.01531982421875
-492.8646240234375 -195.7079315185547 314.96142578125
-493.8555908203125 -195.6160888671875 314.9268798828125
-494.7510070800781 -195.404541015625 314.5193786621094
-495.6542053222656 -195.2142791748047 314.1363525390625
-496.6059265136719 -194.94679260253903 313.9894714355469
-497.5874328613281 -194.8116455078125 313.8513488769531
-498.5551452636719 -194.69464111328125 313.6604919433594
-499.4995422363281 -194.42176818847656 313.4320983886719
-500.4728698730469 -194.4700164794922 313.2208251953125
-501.4657897949219 -194.5262451171875 313.11529541015625
-502.4447326660156 -194.46026611328125 312.91082763671875
-503.4383850097656 -194.40121459960935 312.7797546386719
-504.4237060546875 -194.48988342285156 312.63262939453125
-505.4084777832031 -194.39512634277344 312.4478454589844
-506.4042053222656 -194.26861572265625 312.4923095703125
-507.3861389160156 -194.1276397705078 312.4980773925781
-508.3443298339844 -193.80291748046875 312.46429443359375
-509.3162536621094 -193.62754821777344 312.4639587402344
-510.2957458496094 -193.4901580810547 312.351318359375
-511.29302978515625 -193.41000366210935 312.3806457519531
-512.2860107421875 -193.3171539306641 312.4157409667969
-513.2810668945312 -193.2873687744141 312.54937744140625
-514.2594604492188 -193.18865966796875 312.67352294921875
-515.2322998046875 -193.42735290527344 312.7926330566406
-516.1990356445312 -193.4771423339844 313.0754699707031
-517.1375732421875 -193.6780548095703 313.32257080078125
-518.10693359375 -193.82794189453125 313.5541076660156
-519.0725708007812 -194.0148468017578 313.7489929199219
-520.00732421875 -194.30564880371097 313.9394836425781
-521.007568359375 -194.38804626464844 314.0431823730469
-522.0269165039062 -194.3589630126953 314.0283508300781
-523.0095825195312 -194.24659729003903 314.1419372558594
-523.996826171875 -194.14654541015625 314.27783203125
-524.9920043945312 -194.12774658203125 314.3781433105469
-525.9837646484375 -194.05113220214844 314.5107421875
-526.9773559570312 -194.13372802734375 314.61151123046875
-527.96875 -194.10601806640625 314.7200012207031
-528.9666137695312 -194.10125732421875 314.8230285644531
-529.9602661132812 -194.20693969726565 314.8736877441406
-530.9444580078125 -194.161376953125 315.0566711425781
-531.921142578125 -194.22409057617188 315.2615966796875
-532.8997192382812 -194.3360137939453 315.44342041015625
-533.8863525390625 -194.32510375976565 315.63604736328125
-534.8714599609375 -194.3182373046875 315.7920227050781
-535.8712158203125 -194.35650634765625 315.8247985839844
-536.8558349609375 -194.51358032226565 315.7438049316406
-537.8511962890625 -194.65676879882812 315.7327880859375
-538.8452758789062 -194.6167449951172 315.8432312011719
-539.84521484375 -194.6368103027344 315.87213134765625
-540.80517578125 -194.861083984375 316.03375244140625
-541.7549438476562 -195.14132690429688 316.2231750488281
-542.7048950195312 -195.1646728515625 316.5204162597656
-543.6484985351562 -195.1966094970703 316.8282470703125
-544.6102294921875 -195.37925720214844 317.0388488769531
-545.5493774414062 -195.2517852783203 317.401123046875
-546.4697265625 -195.27386474609375 317.7724914550781
-547.4189453125 -195.2187957763672 318.0924072265625
-548.4028930664062 -195.2126617431641 318.2157287597656
-549.39111328125 -195.3665008544922 318.2582702636719
-550.38232421875 -195.34002685546875 318.39617919921875
-551.3802490234375 -195.42518615722656 318.4737243652344
-552.3721923828125 -195.43789672851565 318.5646667480469
-553.3494873046875 -195.6470947265625 318.54193115234375
-554.321533203125 -195.88278198242188 318.6095275878906
-555.3214111328125 -195.9055023193359 318.6790771484375
-556.3216552734375 -195.9871063232422 318.7021789550781
-557.2926025390625 -195.9108734130859 318.9130554199219
-558.2525024414062 -195.66116333007812 319.0556945800781
-559.22509765625 -195.51853942871097 319.25079345703125
-560.1874389648438 -195.25111389160156 319.3218688964844
-561.1884765625 -195.20870971679688 319.32568359375
-562.1762084960938 -195.1945648193359 319.4899597167969
-563.155517578125 -195.15267944335935 319.6961975097656
-564.1109619140625 -195.19387817382812 319.9882507324219
-565.1021728515625 -195.0673065185547 320.0264892578125
-566.0970458984375 -194.98817443847656 319.9316101074219
-567.0878295898438 -194.8835906982422 320.104248046875
-568.0753173828125 -194.8451690673828 320.2375183105469
-569.0668334960938 -194.8887481689453 320.2240295410156
-570.071533203125 -194.8863067626953 320.3194580078125
-571.044677734375 -194.98390197753903 320.10455322265625
-572.0214233398438 -195.05044555664065 320.0065002441406
-573.04541015625 -194.96568298339844 320.0552978515625
-573.9918212890625 -195.113037109375 319.7852783203125
-574.9263916015625 -195.37503051757812 319.5312194824219
-575.88623046875 -195.63150024414065 319.42889404296875
-576.8526611328125 -195.87144470214844 319.4858703613281
-577.782958984375 -196.255126953125 319.5146484375
-578.7540283203125 -196.56968688964844 319.51776123046875
-579.740234375 -196.705322265625 319.3850402832031
-580.7199096679688 -196.6995086669922 319.20257568359375
-581.6996459960938 -196.85443115234375 319.0276184082031
-582.690185546875 -196.98573303222656 318.9960632324219
-583.6927490234375 -197.07421875 318.9296875
-584.6585083007812 -197.25833129882812 318.7768859863281
-585.59814453125 -197.46226501464844 318.5059509277344
-586.5448608398438 -197.7713165283203 318.3792724609375
-587.5097045898438 -197.9304046630859 318.1510009765625
-588.44873046875 -198.11697387695312 317.8670654296875
-589.331298828125 -198.47802734375 317.5738220214844
-590.2169189453125 -198.75146484375 317.1893005371094
-591.1069946289062 -199.0153045654297 316.82489013671875
-591.95068359375 -199.45314025878903 316.49237060546875
-592.74755859375 -199.91204833984375 316.1050109863281
-593.5020751953125 -200.3860626220703 315.64764404296875
-594.1967163085938 -200.975341796875 315.2330017089844
-594.9556884765625 -201.5232696533203 314.8802185058594
-595.7551879882812 -201.99327087402344 314.5050354003906
-596.5082397460938 -202.5134429931641 314.10272216796875
-597.288818359375 -202.90719604492188 313.6127014160156
-597.997314453125 -203.47520446777344 313.1855163574219
-598.8236083984375 -203.87855529785156 312.7825622558594
-599.6221313476562 -204.38555908203125 312.4808044433594
-600.3592529296875 -204.8807830810547 312.0177307128906
-601.0872802734375 -205.46473693847656 311.6490783691406
-601.7603149414062 -206.03599548339844 311.1786804199219
-602.4238891601562 -206.6846160888672 310.7917785644531
-603.1002807617188 -207.2779541015625 310.3545227050781
-603.7138671875 -207.9030303955078 309.8685302734375
-604.3385620117188 -208.60833740234375 309.5364685058594
-604.99072265625 -209.22705078125 309.0914611816406
-605.6837158203125 -209.80416870117188 308.6497802734375
-606.4026489257812 -210.38601684570312 308.2961120605469
-606.8750610351562 -211.1815185546875 307.8982849121094
-607.3991088867188 -211.8440399169922 307.35797119140625
-608.025634765625 -212.48538208007812 306.9197692871094
-608.6726684570312 -213.1427764892578 306.5491027832031
-609.2939453125 -213.75082397460935 306.04742431640625
-609.9196166992188 -214.463623046875 305.7127685546875
-610.54736328125 -215.1711883544922 305.38665771484375
-611.15625 -215.79783630371097 304.9130554199219
-611.756591796875 -216.38442993164065 304.3637390136719
-612.4285278320312 -216.99656677246097 303.9395446777344
-613.1472778320312 -217.4873962402344 303.4637451171875
-614.0230712890625 -217.8194580078125 303.08819580078125
-614.8616333007812 -218.15643310546875 302.6593933105469
-615.6357421875 -218.6455993652344 302.2563171386719
-616.394287109375 -219.10467529296875 301.7902526855469
-617.1722412109375 -219.5530242919922 301.34527587890625
-618.0038452148438 -219.87110900878903 300.89739990234375
-618.8352661132812 -220.2126007080078 300.4642639160156
-619.6319580078125 -220.5686492919922 299.9742736816406
-620.4046020507812 -220.93638610839844 299.44268798828125
-621.2476196289062 -221.24826049804688 299.0156555175781
-622.1099243164062 -221.5040740966797 298.582275390625
-622.9561767578125 -221.7787628173828 298.12982177734375
-623.8250122070312 -222.00668334960935 297.6905517578125
-624.6944580078125 -222.21063232421875 297.2378234863281
-625.532470703125 -222.44532775878903 296.7456359863281
-626.4375610351562 -222.68731689453125 296.3952941894531
-627.3037719726562 -222.9161376953125 295.94573974609375
-628.1746215820312 -223.1475372314453 295.510498046875
-629.0531005859375 -223.32839965820312 295.0618896484375
-629.9564208984375 -223.44857788085935 294.64697265625
-630.8644409179688 -223.5113525390625 294.2290344238281
-631.7254638671875 -223.59024047851565 293.73126220703125
-632.6719360351562 -223.65206909179688 293.3924255371094
-633.5820922851562 -223.6209716796875 292.9725036621094
-634.5005493164062 -223.717529296875 292.5917053222656
-635.3516235351562 -223.75299072265625 292.0677795410156
-636.16650390625 -223.88162231445312 291.5120544433594
-637.0006713867188 -223.95936584472656 290.9637756347656
-637.7806396484375 -224.00550842285156 290.33966064453125
-638.5729370117188 -224.0885772705078 289.7187194824219
-639.3111572265625 -224.20201110839844 289.1087951660156
-640.7994995117188 -224.77114868164065 287.4620361328125
-640.7994995117188 -224.77114868164065 287.4620361328125
-639.9130859375 -227.30015563964844 284.811767578125
-639.9347534179688 -227.98910522460935 284.33148193359375
-639.671875 -228.87673950195312 283.6190490722656
-639.091552734375 -229.66436767578125 283.34832763671875
-638.3890991210938 -230.3093109130859 283.01611328125
-637.712890625 -230.99964904785156 282.7344665527344
-637.0128784179688 -231.71250915527344 282.55657958984375
-636.1315307617188 -232.1791534423828 282.50140380859375
-635.1729736328125 -232.495849609375 282.4781799316406
-634.1901245117188 -232.68653869628903 282.5555725097656
-633.201171875 -232.87107849121097 282.5330505371094
-632.219482421875 -233.07147216796875 282.6242370605469
-631.2310791015625 -233.1793670654297 282.7587585449219
-630.2540893554688 -233.3795623779297 282.85205078125
-629.2529907226562 -233.31417846679688 282.99176025390625
-628.255615234375 -233.26223754882812 283.0577697753906
-627.2755737304688 -233.11143493652344 283.28778076171875
-626.2888793945312 -233.1450653076172 283.4178466796875
-625.2930297851562 -233.2029266357422 283.49981689453125
-624.2972412109375 -233.2257537841797 283.3514404296875
-623.303955078125 -233.1980438232422 283.1963806152344
-622.3009033203125 -233.21934509277344 283.16778564453125
-621.3029174804688 -233.28909301757812 283.19464111328125
-620.3466796875 -233.48556518554688 282.95245361328125
-619.3753051757812 -233.51748657226565 282.7049255371094
-618.3679809570312 -233.43008422851565 282.69012451171875
-617.352783203125 -233.3695068359375 282.79339599609375
-616.3548583984375 -233.45755004882812 282.8487854003906
-615.3643188476562 -233.5492401123047 282.7684631347656
-614.3545532226562 -233.5759124755859 282.75048828125
-613.3614501953125 -233.64620971679688 282.8122253417969
-612.375732421875 -233.42364501953125 282.89666748046875
-611.3966064453125 -233.2342987060547 282.9276123046875
-610.3990478515625 -233.2291717529297 282.94073486328125
-609.4060668945312 -233.15785217285156 283.1018981933594
-608.4061279296875 -233.07638549804688 283.1861877441406
-607.41064453125 -232.90982055664065 283.17364501953125
-606.4197998046875 -232.9959259033203 283.1067810058594
-605.43310546875 -233.1868438720703 283.09539794921875
-604.4352416992188 -233.3380889892578 283.08453369140625
-603.4284057617188 -233.42474365234375 283.12115478515625
-602.41162109375 -233.4083709716797 283.0954895019531
-601.416015625 -233.2778778076172 283.16595458984375
-600.4613647460938 -233.18051147460935 283.3731994628906
-599.47998046875 -233.35826110839844 283.23797607421875
-598.5094604492188 -233.28904724121097 282.9520263671875
-597.5233764648438 -233.16075134277344 282.93719482421875
-596.5302124023438 -233.02699279785156 282.9985656738281
-595.5191650390625 -233.0766143798828 283.0040588378906
-594.5208129882812 -233.1577911376953 282.95013427734375
-593.5349731445312 -233.31637573242188 282.913330078125
-592.5492553710938 -233.5438232421875 282.9540710449219
-591.5565795898438 -233.67616271972656 282.96368408203125
-590.56298828125 -233.81605529785156 282.9515686035156
-589.5768432617188 -234.03968811035156 282.93804931640625
-588.5899047851562 -234.1989288330078 282.97174072265625
-587.6325073242188 -234.4926300048828 282.93212890625
-586.688232421875 -234.84378051757812 282.82940673828125
-585.7503662109375 -235.2008819580078 282.72637939453125
-584.8297729492188 -235.584228515625 282.5876770019531
-583.8992919921875 -235.95118713378903 282.53741455078125
-582.9708251953125 -236.31985473632812 282.5982666015625
-582.0404052734375 -236.68006896972656 282.66485595703125
-581.1324462890625 -237.10264587402344 282.6297302246094
-580.2252807617188 -237.53465270996097 282.60601806640625
-579.3775634765625 -238.0428466796875 282.59942626953125
-578.5016479492188 -238.5311279296875 282.71258544921875
-577.706298828125 -239.02098083496097 282.751708984375
-575.7714233398438 -240.0392303466797 283.0551452636719
-575.7714233398438 -240.0392303466797 283.0551452636719
-574.4790649414062 -241.7152862548828 284.9063415527344
-573.6730346679688 -242.27828979492188 285.19000244140625
-572.921142578125 -242.83091735839844 285.5072326660156
-572.1055908203125 -243.20057678222656 285.9678955078125
-571.3180541992188 -243.5747528076172 286.4843444824219
-570.7349243164062 -244.03030395507812 287.163818359375
-569.8908081054688 -244.24710083007812 287.6312561035156
-568.9189453125 -244.43795776367188 287.8670654296875
-567.9662475585938 -244.46469116210935 288.1860656738281
-566.980224609375 -244.53611755371097 288.3512268066406
-566.02783203125 -244.38314819335935 288.6579895019531
-565.095458984375 -244.0782470703125 288.8110656738281
-564.119140625 -243.9410858154297 289.0429382324219
-563.1975708007812 -243.4704742431641 289.08148193359375
-562.3201904296875 -243.18516540527344 289.4327392578125
-561.4547119140625 -242.75360107421875 289.72235107421875
-560.5941772460938 -242.2381591796875 289.7640686035156
-559.7298583984375 -241.76068115234375 289.8811340332031
-558.898681640625 -241.23521423339844 290.0660095214844
-558.1622314453125 -240.56529235839844 290.2021484375
-557.385986328125 -240.024169921875 290.5391540527344
-556.63671875 -239.37765502929688 290.71844482421875
-555.8935546875 -238.74668884277344 290.93328857421875
-555.1585083007812 -238.0698699951172 291.0921325683594
-554.4940185546875 -237.3790740966797 291.4028625488281
-553.7738037109375 -236.71722412109375 291.6270751953125
-552.953369140625 -236.20065307617188 291.8836669921875
-552.0695190429688 -235.7472991943359 292.0496826171875
-551.187255859375 -235.30564880371097 292.2618103027344
-550.2861938476562 -234.97059631347656 292.5640563964844
-549.4301147460938 -234.58201599121097 292.94049072265625
-548.4892578125 -234.32925415039065 293.1882629394531
-547.5918579101562 -234.1407470703125 293.5512390136719
-546.2237548828125 -233.84779357910156 294.2776184082031
-546.2237548828125 -233.84779357910156 294.2776184082031
-544.4120483398438 -234.9746551513672 294.09881591796875
-543.556640625 -235.49887084960935 294.1026611328125
-542.81689453125 -236.17201232910156 294.0919494628906
-541.9395751953125 -236.63262939453125 294.31085205078125
-541.0612182617188 -237.1036071777344 294.30328369140625
-540.2506103515625 -237.70425415039065 294.3369445800781
-539.3351440429688 -238.1387939453125 294.3168640136719
-538.5264892578125 -238.64395141601565 294.0008850097656
-537.7882080078125 -239.3067169189453 294.0458984375
-536.8646850585938 -239.7119903564453 294.0056457519531
-535.852294921875 -239.7888946533203 294.09698486328125
-534.89697265625 -239.9319610595703 293.79339599609375
-533.9219970703125 -239.9278564453125 293.56072998046875
-532.9637451171875 -239.93594360351565 293.2647399902344
-531.9741821289062 -239.9478454589844 293.1169738769531
-530.9873046875 -239.92955017089844 292.9473571777344
-529.986572265625 -239.9206085205078 292.8467712402344
-528.9930419921875 -239.83399963378903 292.7840270996094
-527.9830322265625 -239.9065093994141 292.8356018066406
-527.0057983398438 -239.9539337158203 292.62109375
-526.0438232421875 -239.79737854003903 292.38482666015625
-525.0430908203125 -239.80210876464844 292.23626708984375
-524.1095581054688 -239.6109619140625 291.8763122558594
-523.1751098632812 -239.3900146484375 291.6576232910156
-522.2142944335938 -239.3558349609375 291.35711669921875
-521.2664794921875 -239.2234649658203 291.0604248046875
-520.2774658203125 -239.22312927246097 290.9225158691406
-519.3079833984375 -239.0745391845703 290.7177429199219
-518.3119506835938 -238.9650115966797 290.7025451660156
-517.3386840820312 -238.7841796875 290.57080078125
-516.387939453125 -238.5767517089844 290.3500061035156
-515.41455078125 -238.4933624267578 290.222900390625
-514.4325561523438 -238.417236328125 290.0877990722656
-513.4826049804688 -238.1188812255859 289.91876220703125
-512.5463256835938 -238.1001739501953 289.70843505859375
-511.5734252929687 -238.14065551757812 289.48980712890625
-510.6585083007813 -237.95896911621097 289.15960693359375
-509.6911926269531 -238.09518432617188 288.91925048828125
-508.7527465820313 -237.9154052734375 288.8116455078125
-507.835693359375 -237.6723175048828 288.5222473144531
-506.9201049804687 -237.34469604492188 288.46661376953125
-506.0224914550781 -237.25045776367188 288.1114196777344
-505.0773620605469 -236.86959838867188 288.19403076171875
-504.1092529296875 -236.6531219482422 288.0236511230469
-503.2683715820313 -236.9585723876953 287.8851013183594
-502.2262878417969 -236.93389892578125 287.9209899902344
-501.2725524902344 -236.92127990722656 287.7617492675781
-500.2852478027344 -236.7840576171875 287.6631164550781
-499.3754577636719 -236.62701416015625 287.54351806640625
-498.4086608886719 -236.4488067626953 287.4788513183594
-497.4612426757813 -236.62765502929688 287.4383850097656
-496.515380859375 -236.7536468505859 287.49566650390625
-495.5654296875 -236.51296997070312 287.4360656738281
-494.7218322753906 -235.99984741210935 287.4179992675781
-493.7799377441406 -235.7389373779297 287.26043701171875
-492.8545227050781 -235.4142913818359 287.5141296386719
-491.9034118652344 -235.1394195556641 287.4887390136719
-490.9231262207031 -235.09854125976565 287.46783447265625
-489.9522399902344 -234.6356964111328 287.625
-489.1827392578125 -235.0347595214844 287.6750793457031
-488.27642822265625 -235.3045654296875 287.5345764160156
-487.30169677734375 -235.40538024902344 287.556640625
-486.3571472167969 -235.33607482910156 287.19158935546875
-485.4471740722656 -235.2054443359375 287.4849853515625
-484.54400634765625 -234.88265991210935 287.7841796875
-483.5757141113281 -234.68936157226565 287.6488037109375
-482.6140441894531 -234.4981689453125 287.5061950683594
-481.6267395019531 -234.3840789794922 287.63818359375
-480.6662902832031 -234.22283935546875 287.82366943359375
-479.6990966796875 -234.02340698242188 288.0414123535156
-478.7641906738281 -234.03067016601565 287.8937072753906
-477.7772216796875 -234.063232421875 287.93798828125
-476.8663024902344 -233.49412536621097 288.0538635253906
-475.9549865722656 -233.65545654296875 288.07012939453125
-475.0382995605469 -234.2374725341797 287.8352966308594
-474.2109069824219 -234.1531524658203 287.9726257324219
-473.3472900390625 -234.03451538085935 288.4742126464844
-472.3843078613281 -234.07762145996097 288.6759948730469
-471.4148254394531 -234.1969757080078 288.85699462890625
-470.45562744140625 -234.37025451660156 289.0191650390625
-469.5172729492187 -234.4629669189453 289.30279541015625
-468.5346984863281 -234.5968017578125 289.265380859375
-467.5745544433594 -234.91400146484375 289.2559509277344
-466.6539611816406 -234.9873962402344 289.5065002441406
-465.7303161621094 -234.800048828125 289.8104553222656
-464.8023376464844 -235.1091766357422 290.0027770996094
-463.8240356445313 -235.1104736328125 290.0074462890625
-462.8930358886719 -235.46282958984375 289.91534423828125
-461.9891357421875 -235.85023498535156 289.8515625
-461.16802978515625 -236.15603637695312 290.09222412109375
-460.2162170410156 -236.3852081298828 290.1548156738281
-459.4385681152344 -236.76507568359375 290.68475341796875
-458.495361328125 -236.9158935546875 290.9527893066406
-457.53662109375 -237.1540069580078 291.0205993652344
-456.60784912109375 -237.46348571777344 290.9296569824219
-455.7116394042969 -237.8620147705078 291.114990234375
-454.8000183105469 -238.27166748046875 291.07305908203125
-454.0767517089844 -238.89956665039065 291.3421325683594
-453.3015747070313 -239.3316345214844 291.78955078125
-452.4730224609375 -239.8777618408203 291.851806640625
-451.6080017089844 -240.3145446777344 291.98956298828125
-450.80560302734375 -240.8509063720703 292.25543212890625
-450.1112060546875 -241.55810546875 292.19439697265625
-449.60406494140625 -242.3435211181641 292.5152282714844
-448.86676025390625 -242.83932495117188 292.89752197265625
-448.322265625 -243.704833984375 293.0294494628906
-447.7218933105469 -244.4924774169922 292.8957824707031
-447.2938537597656 -245.3931579589844 293.08953857421875
-446.78265380859375 -246.25584411621097 293.00274658203125
-446.4033508300781 -247.1563720703125 292.96136474609375
-446.1850891113281 -248.1178741455078 292.9419860839844
-446.2568664550781 -249.09535217285156 293.1188659667969
-446.1626892089844 -250.05422973632812 293.3990173339844
-446.0109558105469 -251.0265655517578 293.3145751953125
-445.86041259765625 -251.99253845214844 293.12042236328125
-445.87347412109375 -252.97808837890625 293.3232421875
-445.8857421875 -253.982666015625 293.2345275878906
-445.8160705566406 -254.9856109619141 293.2226257324219
-445.6539611816406 -255.9846343994141 293.2195739746094
-445.6443786621094 -256.98077392578125 293.32867431640625
-486.1807556152344 -198.47314453125 321.8539123535156
-485.5201721191406 -196.1789398193359 324.02728271484375
-484.8608703613281 -195.5642547607422 324.514892578125
-484.1158142089844 -195.03121948242188 325.0722961425781
-483.2486572265625 -194.5359649658203 325.3199462890625
-482.4186706542969 -193.9793243408203 325.61175537109375
-481.5521545410156 -193.4805603027344 325.9119567871094
-480.606201171875 -193.27452087402344 326.2779235839844
-479.6428833007813 -192.91116333007812 326.4605407714844
-478.6572570800781 -192.72299194335935 326.7221984863281
-477.638427734375 -192.70204162597656 326.9324035644531
-476.6142578125 -192.58975219726565 327.03680419921875
-475.6024475097656 -192.48760986328125 327.25860595703125
-474.5910034179687 -192.3635406494141 327.47393798828125
-473.5643615722656 -192.2281188964844 327.535888671875
-472.5596618652344 -191.94224548339844 327.5872497558594
-471.543701171875 -191.7881774902344 327.7613525390625
-470.5240173339844 -191.68069458007812 327.87451171875
-469.494384765625 -191.6717987060547 328.02362060546875
-468.5281066894531 -191.61837768554688 328.3605651855469
-467.6589660644531 -191.83187866210935 328.7434387207031
-466.48040771484375 -192.0477752685547 329.1769104003906
-466.48040771484375 -192.0477752685547 329.1769104003906
-464.5886840820313 -191.7366943359375 328.5625
-463.526123046875 -191.73721313476565 328.3833312988281
-462.60162353515625 -191.7647247314453 328.3259582519531
-461.6131896972656 -191.78990173339844 328.2911376953125
-460.6212768554687 -191.92208862304688 328.3791809082031
-459.6185607910156 -191.917724609375 328.2358093261719
-458.6230773925781 -191.83572387695312 328.23321533203125
-457.6313781738281 -192.00645446777344 328.2998352050781
-456.6452331542969 -192.03407287597656 328.48345947265625
-455.6751403808594 -192.13282775878903 328.721435546875
-454.7146911621094 -192.10211181640625 328.9954833984375
-453.7532958984375 -192.15853881835935 329.2828674316406
-452.7861328125 -192.24893188476565 329.52783203125
-451.857666015625 -192.42874145507812 329.8768615722656
-450.9603576660156 -192.55853271484375 330.281982421875
-450.1295776367187 -192.71942138671875 330.85137939453125
-449.261962890625 -192.94390869140625 331.2975158691406
-448.37298583984375 -192.9031219482422 331.7796630859375
-447.5298767089844 -192.916015625 332.3141174316406
-446.6780090332031 -193.0120849609375 332.83612060546875
-445.7460021972656 -192.9633026123047 333.2311096191406
-444.88421630859375 -192.63754272460935 333.63702392578125
-444.0675659179687 -192.5285491943359 334.215576171875
-443.27105712890625 -192.21034240722656 334.7481384277344
-442.41461181640625 -192.07083129882812 335.2315979003906
-441.5293273925781 -191.96043395996097 335.7020568847656
-440.6273193359375 -191.88475036621097 336.1350402832031
-439.7497863769531 -191.8148956298828 336.626708984375
-438.9088134765625 -191.4893341064453 337.0884704589844
-438.0238952636719 -191.24159240722656 337.4819030761719
-437.0685119628906 -191.0924530029297 337.7598876953125
-436.1448059082031 -191.1558380126953 338.1645812988281
-435.4578857421875 -191.37442016601565 338.8800354003906
-434.9447021484375 -191.87152099609375 339.58135986328125
-434.63720703125 -192.37631225585935 340.3839416503906
-434.4642333984375 -193.07669067382812 341.0779724121094
-434.3602600097656 -193.81124877929688 341.75799560546875
-434.4771423339844 -194.6582946777344 342.2754211425781
-434.6310424804687 -195.4567718505859 342.8472595214844
-434.9971923828125 -196.28189086914065 343.28790283203125
-435.3794860839844 -196.97531127929688 343.897705078125
-435.8072509765625 -197.8423614501953 344.187255859375
-436.2283325195313 -198.5941925048828 344.69061279296875
-436.5423889160156 -199.40805053710935 345.1755065917969
-437.0436401367187 -200.20851135253903 345.5239562988281
-437.7534484863281 -200.7883453369141 345.91217041015625
-438.318603515625 -201.47999572753903 346.3638000488281
-438.725830078125 -202.26011657714844 346.82568359375
-439.2423400878906 -203.06716918945312 347.14434814453125
-439.8201904296875 -203.76170349121097 347.5621643066406
-440.37738037109375 -204.4429931640625 347.9422607421875
-440.9948425292969 -205.23521423339844 348.131591796875
-441.6370544433594 -205.9108428955078 348.5452575683594
-442.1989135742187 -206.6911163330078 348.8092346191406
-442.7726745605469 -207.43966674804688 349.0417785644531
-443.3476867675781 -208.22496032714844 349.3009948730469
-443.8971252441406 -208.93753051757812 349.7276916503906
-444.4703674316406 -209.7228240966797 349.9833984375
-445.116943359375 -210.43246459960935 350.2886962890625
-445.7289733886719 -211.1590576171875 350.6408996582031
-446.3651428222656 -211.9035186767578 350.7654724121094
-447.0730285644531 -212.5169677734375 351.0784606933594
-447.6519470214844 -213.3006591796875 351.06085205078125
-448.3669738769531 -214.02603149414065 351.0904235839844
-448.9735412597656 -214.7687225341797 351.3440246582031
-449.6466369628906 -215.4362640380859 351.6607666015625
-450.2928466796875 -216.20652770996097 351.7631530761719
-450.8720397949219 -216.93553161621097 352.08746337890625
-451.5377502441406 -217.67056274414065 352.24761962890625
-452.284423828125 -218.3016815185547 352.4217224121094
-452.8336181640625 -219.09884643554688 352.5599365234375
-453.3616333007813 -219.92514038085935 352.8713684082031
-453.9964294433594 -220.67762756347656 352.9682922363281
-454.6728515625 -221.37466430664065 353.0297546386719
-455.3058471679687 -222.07237243652344 353.3733825683594
-455.9026794433594 -222.86245727539065 353.5793151855469
-456.4598083496094 -223.64268493652344 353.7672424316406
-457.0774841308594 -224.4122314453125 354.0210876464844
-457.7965087890625 -225.0760498046875 353.94818115234375
-458.339599609375 -225.94699096679688 353.8125
-458.996826171875 -226.6444091796875 354.13525390625
-459.6079406738281 -227.41574096679688 354.2674560546875
-460.06536865234375 -228.2668914794922 354.5292053222656
-460.5856628417969 -229.0777587890625 354.751220703125
-461.0988159179687 -229.9052734375 354.96258544921875
-461.5939636230469 -230.7676696777344 354.9907531738281
-462.14459228515625 -231.55953979492188 355.28253173828125
-462.5537414550781 -232.43148803710935 355.54083251953125
-462.972900390625 -233.2589111328125 355.90679931640625
-463.2972106933594 -234.21083068847656 355.7578125
-463.7796630859375 -235.0466156005859 355.9986572265625
-464.0162353515625 -236.0108184814453 356.0408935546875
-464.5172119140625 -236.8467712402344 356.3412780761719
-464.8150634765625 -237.7586669921875 356.6194152832031
-465.076171875 -238.65916442871097 356.9725036621094
-465.39935302734375 -239.60264587402344 356.92706298828125
-465.6103820800781 -240.5694580078125 356.97052001953125
-465.92669677734375 -241.4864196777344 357.1168212890625
-466.1800842285156 -242.44021606445312 357.0195617675781
-466.3571166992187 -243.4071044921875 357.24176025390625
-466.5484619140625 -244.3192901611328 357.6048889160156
-466.5622863769531 -245.30824279785156 357.837646484375
-466.49365234375 -246.28616333007812 357.97723388671875
-466.31298828125 -247.30030822753903 357.9087219238281
-466.3592224121094 -248.29551696777344 358.0039367675781
-466.3661193847656 -249.2627716064453 358.20599365234375
-466.171630859375 -250.20257568359375 358.0893249511719
-466.1473693847656 -251.19387817382812 357.9789123535156
-466.1536560058594 -252.2044219970703 357.8723449707031
-465.9534912109375 -253.1692047119141 357.9297790527344
-465.8616027832031 -254.1717071533203 357.95404052734375
-466.00006103515625 -255.1687469482422 357.876220703125
-466.13629150390625 -256.1818542480469 357.9316101074219
-466.1669006347656 -257.155517578125 357.8858947753906
-466.13726806640625 -258.17376708984375 357.8894958496094
-466.48040771484375 -192.0477752685547 329.1769104003906
-466.1317443847656 -193.1647491455078 331.4031066894531
-465.90435791015625 -193.5718536376953 332.3069152832031
-465.7713012695313 -194.030517578125 333.1650390625
-465.91790771484375 -194.4389190673828 334.041015625
-466.2162780761719 -194.73158264160156 334.9510498046875
-466.4664611816406 -195.29476928710935 335.74676513671875
-466.8802490234375 -195.62033081054688 336.60400390625
-467.3255310058594 -196.12039184570312 337.3489685058594
-467.8814392089844 -196.52064514160156 338.0975036621094
-468.28765869140625 -197.21578979492188 338.6854553222656
-468.786865234375 -197.8061981201172 339.33203125
-469.2454528808594 -198.32374572753903 340.054443359375
-469.6512451171875 -198.95486450195312 340.73834228515625
-469.9656372070313 -199.43484497070312 341.5570373535156
-470.2214965820313 -200.03390502929688 342.33221435546875
-470.5421447753906 -200.4217987060547 343.1943359375
-470.8932189941406 -200.9593963623047 343.95623779296875
-471.2615661621094 -201.54421997070312 344.67523193359375
-471.5960998535156 -202.07289123535156 345.4463195800781
-472.0208740234375 -202.5617523193359 346.2108154296875
-472.51416015625 -203.1583251953125 346.848388671875
-472.8482666015625 -203.686767578125 347.6097412109375
-473.3507995605469 -204.19529724121097 348.30487060546875
-473.7863159179687 -204.6802215576172 349.0361328125
-474.1596984863281 -205.18167114257812 349.795166015625
-474.4952392578125 -205.73919677734375 350.55572509765625
-475.1167297363281 -206.2290496826172 351.1585998535156
-475.6949157714844 -206.8169860839844 351.71392822265625
-476.2586669921875 -207.41078186035156 352.2939453125
-476.7463073730469 -208.09323120117188 352.813232421875
-477.2425231933594 -208.6946258544922 353.4353942871094
-477.7872314453125 -209.28805541992188 354.0641784667969
-478.272705078125 -210.0028533935547 354.55950927734375
-478.9444885253906 -210.58099365234375 355.00738525390625
-479.6349182128906 -211.142578125 355.4469909667969
-480.1543273925781 -211.86756896972656 355.8843688964844
-480.6627197265625 -212.70846557617188 356.1022644042969
-481.1836853027344 -213.3936309814453 356.586181640625
-481.7513732910156 -214.1840362548828 356.7880554199219
-482.3300476074219 -214.90769958496097 357.1566467285156
-482.9432373046875 -215.6221618652344 357.46624755859375
-483.5599365234375 -216.3347625732422 357.7699890136719
-484.13629150390625 -217.0855407714844 358.09283447265625
-484.7625732421875 -217.86817932128903 358.13067626953125
-485.3141174316406 -218.6284942626953 358.41351318359375
-485.81304931640625 -219.38853454589844 358.77630615234375
-486.4161376953125 -220.1745452880859 358.841064453125
-486.9465942382813 -221.00537109375 358.9498291015625
-487.4226379394531 -221.8744659423828 358.9756774902344
-487.9386596679687 -222.6693878173828 359.0234069824219
-488.32861328125 -223.568115234375 358.9349670410156
-488.8946228027344 -224.38612365722656 359.0742492675781
-489.4833984375 -225.18634033203125 358.97943115234375
-489.9920959472656 -226.05162048339844 359.052490234375
-490.4660339355469 -226.90736389160156 358.8492736816406
-490.9412841796875 -227.7019805908203 359.03338623046875
-491.21002197265625 -228.6811065673828 358.8965148925781
-491.6935119628906 -229.51254272460935 359.0664367675781
-492.1533203125 -230.39613342285156 358.9856872558594
-492.4814758300781 -231.33950805664065 359.06976318359375
-492.864013671875 -232.2452392578125 358.858154296875
-493.0566711425781 -233.16567993164065 358.9169921875
-493.5094299316406 -234.06365966796875 358.9949951171875
-493.88336181640625 -234.96035766601565 358.7971496582031
-494.0845642089844 -235.9452362060547 358.7449645996094
-494.4654235839844 -236.84031677246097 358.51904296875
-494.8865051269531 -237.74462890625 358.45367431640625
-494.8337707519531 -238.73165893554688 358.228759765625
-495.1287841796875 -239.735595703125 358.2735900878906
-495.48333740234375 -240.61752319335935 357.8108825683594
-495.7366638183594 -241.49139404296875 357.9035949707031
-495.8108825683594 -242.47056579589844 358.10498046875
-496.0827026367187 -243.44969177246097 357.98297119140625
-496.2345581054687 -244.42576599121097 357.927001953125
-496.3587951660156 -245.4247589111328 358.05743408203125
-496.361083984375 -246.38015747070312 357.7361145019531
-496.3424072265625 -247.37010192871097 357.57830810546875
-496.2374267578125 -248.38165283203125 357.5833435058594
-496.2752380371094 -249.3408966064453 357.6166076660156
-496.63714599609375 -250.22401428222656 357.4093933105469
-496.348876953125 -251.2100524902344 357.44366455078125
-496.2371826171875 -252.2039031982422 357.45318603515625
-496.0549011230469 -253.1868896484375 357.5625305175781
-496.08642578125 -254.18594360351565 357.57843017578125
-496.1561279296875 -255.18310546875 357.57147216796875
-496.1700134277344 -256.1692810058594 357.7400817871094
-495.8912353515625 -257.23858642578125 357.5014343261719
-495.5540466308594 -258.06646728515625 357.8252868652344
-575.7714233398438 -240.0392303466797 283.0551452636719
-573.396728515625 -240.11610412597656 281.6360778808594
-572.4354858398438 -240.48782348632812 281.42047119140625
-571.5433349609375 -240.77845764160156 281.3036804199219
-570.547119140625 -240.8014678955078 281.3675842285156
-569.6211547851562 -241.0968017578125 281.0962829589844
-568.6989135742188 -241.28289794921875 280.7116394042969
-567.7435913085938 -241.2396240234375 280.4034118652344
-566.797607421875 -241.4104766845703 280.11199951171875
-565.8267211914062 -241.40284729003903 279.89166259765625
-564.8450927734375 -241.5507354736328 279.7465515136719
-563.8436279296875 -241.58206176757812 279.75933837890625
-562.8515014648438 -241.69866943359375 279.6476135253906
-561.9135131835938 -242.04673767089844 279.6372375488281
-560.9141845703125 -242.0989990234375 279.5337219238281
-559.9151611328125 -242.1930999755859 279.4770202636719
-558.9414672851562 -242.2003173828125 279.2920837402344
-557.9700317382812 -242.2591094970703 279.0532531738281
-557.0138549804688 -242.366943359375 278.7714538574219
-556.0289916992188 -242.4674072265625 278.6143493652344
-555.0399780273438 -242.4019012451172 278.4658508300781
-554.0325927734375 -242.397705078125 278.3787536621094
-553.06884765625 -242.5393218994141 278.1572570800781
-552.0824584960938 -242.64447021484375 278.0137634277344
-551.1259155273438 -242.8133087158203 277.7639465332031
-550.15185546875 -242.90151977539065 277.56744384765625
-549.1884765625 -243.02574157714844 277.34100341796875
-548.2006225585938 -243.1344757080078 277.2042541503906
-547.2174072265625 -243.29043579101565 277.03253173828125
-546.2489013671875 -243.51283264160156 276.9771423339844
-545.2877807617188 -243.6296234130859 276.6722412109375
-544.3685302734375 -243.8032684326172 276.2696838378906
-543.4088745117188 -244.0049285888672 276.11370849609375
-542.4329223632812 -244.19232177734375 275.97393798828125
-541.4393920898438 -244.2987060546875 275.8937072753906
-540.4985961914062 -244.56326293945312 275.6617126464844
-539.549560546875 -244.86422729492188 275.58642578125
-538.5515747070312 -244.93682861328125 275.4540100097656
-537.6256103515625 -245.1905212402344 275.207763671875
-536.6708374023438 -245.4431304931641 275.03997802734375
-535.7125854492188 -245.62384033203125 274.83599853515625
-534.7462768554688 -245.80223083496097 274.65032958984375
-533.7728881835938 -246.0325164794922 274.6398620605469
-532.7974853515625 -246.2527008056641 274.5444030761719
-531.7972412109375 -246.2410125732422 274.3870849609375
-530.8453979492188 -246.4795684814453 274.2560119628906
-529.8626098632812 -246.59255981445312 274.10247802734375
-528.8784790039062 -246.72523498535156 274.0737609863281
-527.9300537109375 -246.91065979003903 273.82568359375
-526.9627075195312 -247.17282104492188 273.7712097167969
-526.0011596679688 -247.42251586914065 273.6806335449219
-525.0787963867188 -247.79299926757812 273.58013916015625
-524.1150512695312 -247.90467834472656 273.5190734863281
-523.1688842773438 -248.04898071289065 273.24578857421875
-522.2070922851562 -248.33880615234375 273.13165283203125
-521.333984375 -248.72708129882812 272.9307861328125
-520.30078125 -248.74868774414065 273.01763916015625
-519.3451538085938 -248.8722686767578 272.77984619140625
-518.3889770507812 -249.08885192871097 272.644775390625
-517.4102783203125 -249.2486114501953 272.4764709472656
-516.5453491210938 -249.6872711181641 272.47161865234375
-515.6167602539062 -250.112060546875 272.5289001464844
-514.7883911132812 -250.53111267089844 272.65704345703125
-513.8837280273438 -250.08438110351565 272.8418884277344
-512.9005126953125 -250.15505981445312 272.6282958984375
-511.9249572753906 -250.240478515625 272.7029724121094
-510.9698181152344 -250.4971466064453 272.898681640625
-509.9755554199219 -250.56739807128903 272.7763671875
-509.0040893554687 -250.7430877685547 272.9193420410156
-508.080322265625 -250.9594268798828 273.26123046875
-507.1267700195313 -251.23150634765625 273.1175842285156
-506.23590087890625 -251.57432556152344 273.4013366699219
-505.3522644042969 -251.77781677246097 273.6797180175781
-504.4324951171875 -251.96853637695312 273.940185546875
-503.4625854492187 -251.5907745361328 274.0580749511719
-502.62054443359375 -251.6585235595703 273.9911804199219
-501.7247009277344 -251.9231109619141 274.32366943359375
-500.8322448730469 -252.22320556640625 274.67889404296875
-499.891357421875 -252.0404510498047 274.94757080078125
-499.0119018554687 -252.05804443359375 275.3098449707031
-498.0187377929687 -252.18850708007812 275.4576721191406
-497.2665710449219 -252.1615447998047 276.04583740234375
-496.4282531738281 -252.40670776367188 275.8746337890625
-495.40240478515625 -252.24761962890625 275.9422302246094
-494.5845947265625 -252.54330444335935 276.43609619140625
-493.6827087402344 -252.72601318359375 276.8338317871094
-492.7537536621094 -252.99468994140625 277.071533203125
-491.9096374511719 -252.7818603515625 277.58282470703125
-491.0073547363281 -252.77061462402344 278.0133972167969
-490.0674743652344 -252.7141876220703 278.3503112792969
-489.27154541015625 -252.6558380126953 278.9563903808594
-488.4786376953125 -252.22003173828125 279.34808349609375
-487.6616516113281 -252.16937255859375 279.9054870605469
-486.8850708007813 -252.04649353027344 280.5181579589844
-486.1510009765625 -251.8218231201172 281.11474609375
-485.3663330078125 -251.99949645996097 281.68670654296875
-484.4798278808594 -252.16148376464844 282.0753479003906
-483.7056884765625 -252.06016540527344 282.7289733886719
-482.8477783203125 -251.89605712890625 283.1539611816406
-482.0963134765625 -251.9536590576172 283.831787109375
-481.3222351074219 -251.7808380126953 284.4295349121094
-480.6148681640625 -251.4347381591797 285.0403747558594
-479.8808288574219 -251.22821044921875 285.6795959472656
-479.1138000488281 -251.09182739257812 286.28118896484375
-478.4109802246094 -250.7767333984375 286.9227600097656
-477.77044677734375 -250.75042724609375 287.6446533203125
-477.17779541015625 -250.3231658935547 288.33111572265625
-476.53424072265625 -250.00942993164065 289.0251770019531
-475.93609619140625 -249.8092803955078 289.7942810058594
-475.4134216308594 -249.43995666503903 290.5452575683594
-474.9149169921875 -249.2167205810547 291.3951416015625
-474.3050842285156 -248.96583557128903 292.1407165527344
-473.7698059082031 -248.83148193359375 292.9499206542969
-473.3218688964844 -248.4029541015625 293.7379150390625
-473.0204772949219 -248.073486328125 294.623046875
-472.6087646484375 -247.64791870117188 295.4252014160156
-472.2948303222656 -247.2100524902344 296.2697448730469
-471.9540710449219 -246.97344970703125 297.1400146484375
-471.6140441894531 -246.70281982421875 298.0558776855469
-471.3261413574219 -246.25746154785156 298.8819274902344
-471.0009460449219 -245.9569854736328 299.77972412109375
-470.8545227050781 -245.63296508789065 300.7182312011719
-470.6211853027344 -245.29708862304688 301.6214294433594
-470.531005859375 -244.65560913085935 302.3622131347656
-470.4933166503906 -244.5066375732422 303.4015808105469
-470.5158996582031 -243.88510131835935 304.1804504394531
-470.5730590820313 -243.5138397216797 305.0849304199219
-470.58154296875 -243.0880126953125 305.9733581542969
-470.5381774902344 -242.5974578857422 306.833251953125
-470.6412353515625 -242.22840881347656 307.7609558105469
-470.5553588867187 -241.6909637451172 308.593994140625
-470.79144287109375 -241.35699462890625 309.5326232910156
-470.9395751953125 -240.8244781494141 310.3411560058594
-471.3155212402344 -240.4161071777344 311.1839294433594
-471.4190368652344 -239.95506286621097 312.0611877441406
-471.6208190917969 -239.39175415039065 312.8739929199219
-471.8297424316406 -239.03016662597656 313.7764587402344
-472.19970703125 -238.60601806640625 314.5750732421875
-472.6709899902344 -238.12852478027344 315.3233642578125
-473.10833740234375 -237.71188354492188 316.1078186035156
-473.5653991699219 -237.40737915039065 316.9308776855469
-473.9522705078125 -236.9188232421875 317.7076721191406
-474.3963623046875 -236.59588623046875 318.5430908203125
-474.6766052246094 -236.14328002929688 319.3858642578125
-475.0874938964844 -235.75390625 320.2281494140625
-475.5032958984375 -235.10623168945312 320.8865661621094
-476.027099609375 -234.9314727783203 321.72027587890625
-476.5304870605469 -234.5469665527344 322.4864807128906
-476.922607421875 -234.03175354003903 323.2461853027344
-477.3948059082031 -233.94851684570312 324.1129150390625
-477.9422302246094 -233.60202026367188 324.86175537109375
-478.5764465332031 -233.2361297607422 325.5289306640625
-479.0851135253906 -233.01690673828125 326.3272705078125
-479.6683654785156 -232.81141662597656 327.1192932128906
-480.3630676269531 -232.51144409179688 327.7602844238281
-480.93267822265625 -232.08876037597656 328.46240234375
-481.6279602050781 -231.82080078125 329.1253967285156
-482.2501220703125 -231.50457763671875 329.8335266113281
-482.8599853515625 -231.10226440429688 330.53179931640625
-483.5044250488281 -231.08767700195312 331.2751159667969
-484.3416442871094 -230.9964141845703 331.8300476074219
-484.93463134765625 -230.80368041992188 332.5743713378906
-485.6661682128906 -230.6732177734375 333.2390441894531
-486.3650817871094 -230.34730529785156 333.87249755859375
-487.0339965820313 -230.14151000976565 334.5730895996094
-487.6814575195313 -229.9558868408203 335.3005065917969
-488.4529113769531 -230.06993103027344 335.9288635253906
-489.1800231933594 -229.91148376464844 336.56756591796875
-489.9539184570313 -229.58641052246097 337.12371826171875
-490.6422729492187 -229.37416076660156 337.7746276855469
-491.4131164550781 -229.1836395263672 338.3531799316406
-492.0371398925781 -229.39495849609375 339.077880859375
-492.9555358886719 -229.37351989746097 339.5075378417969
-493.8367004394531 -229.28799438476565 339.72784423828125
-494.4147033691406 -230.01019287109375 340.5198974609375
-494.9268493652344 -229.58584594726565 341.06353759765625
-495.7796325683594 -229.9065093994141 341.33514404296875
-496.3766174316406 -229.45651245117188 341.9847106933594
-496.9993591308594 -229.55316162109375 342.621826171875
-497.7640380859375 -229.4335479736328 343.1590576171875
-498.4919738769531 -229.3206787109375 343.8514099121094
-499.1910095214844 -229.38845825195312 344.5193176269531
-500.11627197265625 -229.35195922851565 344.88818359375
-500.9070434570313 -229.15902709960935 345.41693115234375
-501.61572265625 -229.68496704101565 345.83642578125
-502.5028076171875 -229.82550048828125 346.2577209472656
-503.26702880859375 -229.8893280029297 346.9556579589844
-504.1359558105469 -229.88026428222656 347.4214782714844
-505.0008239746094 -230.0596923828125 347.89013671875
-505.87646484375 -230.11427307128903 348.3193664550781
-506.71966552734375 -230.47279357910156 348.7331848144531
-507.5070190429687 -230.7932281494141 349.2436828613281
-508.3205871582031 -230.9865875244141 349.7940368652344
-509.1622009277344 -231.21121215820312 350.2848815917969
-509.9686584472656 -231.61358642578125 350.720947265625
-510.8279113769531 -231.8682403564453 351.1390075683594
-511.7174377441406 -232.1673126220703 351.4996032714844
-512.58544921875 -232.4434356689453 351.91192626953125
-513.3412475585938 -232.86766052246097 352.377197265625
-514.095458984375 -233.37982177734375 352.7828063964844
-514.8934326171875 -233.876220703125 353.1387023925781
-515.6007690429688 -234.3582305908203 353.6214294433594
-516.3324584960938 -234.9714202880859 353.91461181640625
-517.2139282226562 -235.39096069335935 354.1097717285156
-518.0023193359375 -235.97457885742188 354.1977233886719
-518.654052734375 -236.6490936279297 354.5002136230469
-519.4320068359375 -237.11325073242188 354.87188720703125
-520.1698608398438 -237.74281311035156 355.12469482421875
-520.8571166992188 -238.40663146972656 355.3755798339844
-521.4651489257812 -239.10595703125 355.7846984863281
-522.11572265625 -239.7924041748047 356.0989685058594
-522.66064453125 -240.58595275878903 356.294677734375
-523.1544189453125 -241.3734130859375 356.6571960449219
-523.6599731445312 -242.19729614257812 356.7832336425781
-523.988525390625 -243.1086578369141 357.041259765625
-524.3480834960938 -243.98919677734375 357.30780029296875
-524.7398071289062 -244.82351684570312 357.5702209472656
-524.9216918945312 -245.7720489501953 357.78424072265625
-525.1327514648438 -246.70425415039065 357.7443542480469
-525.3198852539062 -247.6817626953125 357.90960693359375
-525.5194091796875 -248.64471435546875 357.87310791015625
-525.67919921875 -249.6109313964844 358.1212463378906
-525.5161743164062 -250.56591796875 358.0592956542969
-525.4486694335938 -251.57386779785156 358.04315185546875
-525.3085327148438 -252.52651977539065 357.7742919921875
-525.367431640625 -253.52577209472656 357.84112548828125
-525.3223266601562 -254.5157928466797 357.7959899902344
-525.3827514648438 -255.5270843505859 357.7029724121094
-525.477783203125 -256.5274963378906 357.7826232910156
-525.3079223632812 -257.520263671875 357.8932189941406
-525.07373046875 -258.2879943847656 357.415283203125
-546.2237548828125 -233.84779357910156 294.2776184082031
-545.5494995117188 -232.1061859130859 295.9817810058594
-545.2545776367188 -231.51510620117188 296.6968994140625
-544.8543701171875 -230.90025329589844 297.4145202636719
-544.3619995117188 -230.4203338623047 298.1600341796875
-544.0208740234375 -230.03909301757812 299.0185241699219
-543.6730346679688 -229.62210083007812 299.85955810546875
-543.36767578125 -229.4495086669922 300.8074951171875
-543.0919799804688 -229.0768280029297 301.7031555175781
-542.96826171875 -228.8381805419922 302.6617126464844
-542.7997436523438 -228.41551208496097 303.5538330078125
-542.85009765625 -227.89727783203125 304.4154968261719
-542.91748046875 -227.2115020751953 305.1368408203125
-542.9688110351562 -226.7486572265625 306.0364074707031
-543.0034790039062 -226.0880584716797 306.7923889160156
-543.2452392578125 -225.46536254882812 307.564453125
-543.3872680664062 -225.09344482421875 308.48077392578125
-543.4669799804688 -224.4064483642578 309.2401428222656
-543.53662109375 -223.70770263671875 309.94500732421875
-543.6806030273438 -223.0673828125 310.7039489746094
-543.7678833007812 -222.464111328125 311.50433349609375
-543.8189086914062 -221.80307006835935 312.26129150390625
-543.9813842773438 -221.29071044921875 313.10321044921875
-544.2791748046875 -220.6852569580078 313.82904052734375
-544.1544799804688 -220.15919494628903 314.67486572265625
-544.248046875 -219.5916748046875 315.489990234375
-544.333740234375 -218.86683654785156 316.16571044921875
-544.239013671875 -218.30630493164065 317.00750732421875
-544.217041015625 -217.6120452880859 317.69818115234375
-544.4119262695312 -217.1738739013672 318.57586669921875
-544.5059204101562 -216.7805938720703 319.49224853515625
-544.6304321289062 -216.3155059814453 320.3536376953125
-544.7976684570312 -215.6485137939453 321.02886962890625
-544.923828125 -215.34388732910156 321.9793395996094
-544.9337158203125 -214.56387329101565 322.58892822265625
-545.0601806640625 -214.04148864746097 323.4167785644531
-545.2616577148438 -213.31626892089844 324.0426025390625
-545.4219970703125 -212.68914794921875 324.81146240234375
-545.3966674804688 -212.16407775878903 325.61749267578125
-545.3602905273438 -211.5225830078125 326.3958740234375
-545.603515625 -211.1275634765625 327.27838134765625
-545.5464477539062 -210.4986572265625 328.0534973144531
-545.7322998046875 -210.1160125732422 328.9643859863281
-545.873046875 -209.9395294189453 329.92181396484375
-546.1019287109375 -209.3206329345703 330.7056884765625
-546.1758422851562 -208.96929931640625 331.6923522949219
-546.3216552734375 -208.9440460205078 332.64349365234375
-546.5057373046875 -208.36770629882812 333.5099182128906
-546.4215087890625 -208.10658264160156 334.48248291015625
-546.5018920898438 -207.86521911621097 335.41436767578125
-546.529296875 -207.5417327880859 336.3728942871094
-546.6766357421875 -207.29624938964844 337.28289794921875
-546.8782958984375 -206.9004364013672 338.2227478027344
-546.94482421875 -207.0031890869141 339.1713562011719
-547.16748046875 -207.1887359619141 340.0451354980469
-547.419921875 -206.9174041748047 341.019287109375
-547.520263671875 -206.95848083496097 342.0166015625
-547.8727416992188 -206.791259765625 342.93438720703125
-548.0244140625 -207.1507110595703 343.84283447265625
-548.3536376953125 -207.1106414794922 344.78302001953125
-548.5285034179688 -207.41616821289065 345.7427673339844
-548.939208984375 -207.75230407714844 346.58734130859375
-549.269775390625 -207.92877197265625 347.5144958496094
-549.5731201171875 -208.203125 348.3907470703125
-549.8021240234375 -208.5061798095703 349.33221435546875
-550.1193237304688 -208.98068237304688 350.1476745605469
-550.4940795898438 -209.31182861328125 351.02783203125
-550.853271484375 -209.89292907714844 351.71795654296875
-551.3241577148438 -210.42791748046875 352.4375305175781
-551.6395263671875 -210.97747802734375 353.209228515625
-551.9236450195312 -211.61827087402344 353.90423583984375
-552.1841430664062 -212.11962890625 354.7118225097656
-552.4912109375 -212.9138031005859 355.22662353515625
-552.838134765625 -213.46652221679688 355.9869384765625
-553.2536010742188 -214.3207244873047 356.27069091796875
-553.6669311523438 -215.02297973632812 356.8516845703125
-554.0139770507812 -215.8853302001953 357.2205810546875
-554.3103637695312 -216.7366943359375 357.64056396484375
-554.5424194335938 -217.63909912109375 357.9697570800781
-554.9057006835938 -218.5394287109375 358.22283935546875
-555.1875 -219.4261474609375 358.623291015625
-555.5230102539062 -220.34310913085935 358.7806091308594
-555.5570678710938 -221.2642517089844 359.1339416503906
-555.69677734375 -222.24424743652344 359.13092041015625
-556.0557861328125 -223.149169921875 359.42120361328125
-556.1039428710938 -224.10525512695312 359.68914794921875
-556.3905029296875 -224.99656677246097 360.0427551269531
-556.4268188476562 -225.99691772460935 359.9678039550781
-556.203369140625 -226.9851226806641 359.8883056640625
-556.2335815429688 -227.96954345703125 360.1497497558594
-556.4312744140625 -228.8977508544922 360.1612854003906
-556.3917846679688 -229.82345581054688 360.0720520019531
-556.5269165039062 -230.75213623046875 359.8259582519531
-556.4354858398438 -231.6842803955078 359.4888000488281
-556.3558349609375 -232.64865112304688 359.2772521972656
-556.4386596679688 -233.5839080810547 358.9496765136719
-556.4432373046875 -234.5410919189453 358.8301696777344
-556.4739379882812 -235.52378845214844 359.0568542480469
-556.3773803710938 -236.49502563476565 358.9302978515625
-556.18212890625 -237.4883575439453 358.8165588378906
-556.288330078125 -238.4649353027344 358.7774963378906
-556.4923706054688 -239.40914916992188 358.4718322753906
-556.4352416992188 -240.3686065673828 358.1896667480469
-556.5333251953125 -241.35755920410156 358.0110778808594
-556.4797973632812 -242.3591766357422 358.0108642578125
-556.24365234375 -243.3343963623047 357.9201354980469
-556.0676879882812 -244.318603515625 357.816162109375
-556.1482543945312 -245.3350067138672 357.9247741699219
-556.3616943359375 -246.25439453125 357.62298583984375
-556.273193359375 -247.2566375732422 357.557861328125
-555.9525146484375 -248.20938110351565 357.56048583984375
-556.0956420898438 -249.1368865966797 357.409912109375
-556.407958984375 -250.09051513671875 357.41949462890625
-556.345703125 -251.08726501464844 357.4342956542969
-556.2169189453125 -252.08396911621097 357.4997863769531
-556.1867065429688 -253.08694458007812 357.5234375
-556.0071411132812 -254.08181762695312 357.56396484375
-556.0776977539062 -255.0720367431641 357.57470703125
-556.1669921875 -256.0806884765625 357.58551025390625
-556.2518920898438 -257.0779113769531 357.5428771972656
-556.769287109375 -257.82452392578125 357.3821716308594
-640.7994995117188 -224.77114868164065 287.4620361328125
-643.4368286132812 -224.15191650390625 286.66387939453125
-644.2930297851562 -224.3408203125 286.1411437988281
-645.0057373046875 -224.4068298339844 285.4498291015625
-645.7725830078125 -224.46351623535156 284.7776184082031
-646.58544921875 -224.66876220703125 284.22540283203125
-647.325927734375 -224.8137054443359 283.5558166503906
-648.1708984375 -224.95156860351565 283.0181884765625
-649.0040283203125 -224.9423828125 282.45159912109375
-649.8169555664062 -225.01101684570312 281.85992431640625
-650.6297607421875 -225.1254119873047 281.2735290527344
-651.4661865234375 -225.183837890625 280.7165832519531
-652.3411865234375 -225.18258666992188 280.212646484375
-653.1682739257812 -225.28135681152344 279.6468811035156
-653.967041015625 -225.2848358154297 279.02996826171875
-654.7025146484375 -225.2146759033203 278.3539123535156
-655.5664672851562 -225.1558837890625 277.8121643066406
-656.2875366210938 -225.0929718017578 277.1121520996094
-657.049560546875 -224.99119567871097 276.45654296875
-657.7816772460938 -224.96856689453125 275.7614440917969
-658.4902954101562 -225.00390625 275.0459289550781
-659.3566284179688 -224.93063354492188 274.5148010253906
-660.1798706054688 -225.0220947265625 273.9508361816406
-660.9212646484375 -225.0994110107422 273.2807922363281
-661.7284545898438 -225.01719665527344 272.6656494140625
-662.5783081054688 -225.16555786132812 272.16436767578125
-663.4005126953125 -225.3529510498047 271.6077575683594
-664.1793823242188 -225.40223693847656 270.9700012207031
-664.8987426757812 -225.4245758056641 270.2688903808594
-665.7122192382812 -225.5367889404297 269.68389892578125
-666.5238037109375 -225.4832305908203 269.0740966796875
-667.3199462890625 -225.5752716064453 268.47369384765625
-668.1209106445312 -225.6623992919922 267.8649597167969
-668.92138671875 -225.7394256591797 267.25537109375
-669.70751953125 -225.86734008789065 266.63641357421875
-670.5916748046875 -226.0142822265625 266.1641845703125
-671.4524536132812 -226.1593017578125 265.6823425292969
-672.3132934570312 -226.20657348632812 265.1473083496094
-673.1273193359375 -226.34507751464844 264.5688171386719
-673.9756469726562 -226.39466857910156 264.030029296875
-674.865966796875 -226.45062255859375 263.53338623046875
-675.7447509765625 -226.5318603515625 262.9043884277344
-677.5675048828125 -226.71026611328125 261.2992858886719
-677.5675048828125 -226.71026611328125 261.2992858886719
-677.0537719726562 -227.19581604003903 257.3197021484375
-676.973388671875 -227.1724090576172 256.67987060546875
-676.8213500976562 -227.14955139160156 255.39068603515625
-676.7224731445312 -227.18496704101565 254.30300903320312
-676.673095703125 -227.20118713378903 253.2526397705078
-676.4909057617188 -227.171142578125 252.20181274414065
-675.9600830078125 -227.1176300048828 251.39581298828125
-675.0674438476562 -227.08688354492188 250.88475036621097
-674.3726196289062 -227.18801879882812 250.1676788330078
-673.6422729492188 -227.23915100097656 249.5030517578125
-672.749267578125 -227.38816833496097 249.04827880859375
-671.8719482421875 -227.58633422851565 248.59507751464844
-670.92822265625 -227.7613525390625 248.28623962402344
-670.0277099609375 -228.0384521484375 247.92588806152344
-669.1773681640625 -228.21524047851565 247.4157562255859
-668.3355102539062 -228.36550903320312 246.8701934814453
-667.5032958984375 -228.69515991210935 246.40415954589844
-666.6846923828125 -228.9873809814453 245.8842010498047
-665.8068237304688 -229.2728729248047 245.4733734130859
-664.9512939453125 -229.48565673828125 244.9847869873047
-664.1543579101562 -229.7971038818359 244.43951416015625
-663.330078125 -230.08786010742188 243.93785095214844
-662.417724609375 -230.3225555419922 243.56842041015625
-661.551025390625 -230.49916076660156 243.07785034179688
-660.6790771484375 -230.7447052001953 242.6357421875
-659.8684692382812 -231.14520263671875 242.17860412597656
-659.029296875 -231.47117614746097 241.7385711669922
-658.23388671875 -231.84201049804688 241.2432098388672
-657.4668579101562 -232.2057952880859 240.6788787841797
-656.6734008789062 -232.5714569091797 240.18533325195312
-655.9024658203125 -233.01947021484375 239.7073974609375
-655.1047973632812 -233.37596130371097 239.202880859375
-654.30126953125 -233.7831573486328 238.74417114257812
-653.50341796875 -234.2949981689453 238.39089965820312
-652.7086181640625 -234.70542907714844 237.9222412109375
-651.8734130859375 -234.9886932373047 237.41815185546875
-651.0936889648438 -235.4683837890625 237.01548767089844
-650.268310546875 -235.89669799804688 236.6377716064453
-649.4161376953125 -236.21592712402344 236.18898010253903
-648.56005859375 -236.63882446289065 235.8800506591797
-647.7470703125 -237.14230346679688 235.56109619140625
-646.8790283203125 -237.51666259765625 235.2192840576172
-646.018798828125 -237.91943359375 234.88119506835935
-645.234619140625 -238.2519073486328 234.4091796875
-643.1398315429688 -239.1709442138672 233.6066741943359
-643.1398315429688 -239.1709442138672 233.6066741943359
-641.7841186523438 -240.05335998535156 230.79574584960935
-641.0487670898438 -240.3228302001953 230.42300415039065
-640.0846557617188 -240.3744354248047 229.8273162841797
-639.3192749023438 -240.3343048095703 229.16883850097656
-638.6000366210938 -240.47801208496097 228.46649169921875
-637.8615112304688 -240.8542633056641 227.8679351806641
-637.0909423828125 -240.94012451171875 227.2480926513672
-636.3181762695312 -240.78341674804688 226.6349334716797
-635.5387573242188 -240.56101989746097 226.03216552734375
-634.7749633789062 -240.62950134277344 225.38742065429688
-633.8761596679688 -240.7189483642578 224.9636383056641
-633.0432739257812 -240.43539428710935 224.48255920410156
-632.1712646484375 -240.3188018798828 223.98731994628903
-631.2776489257812 -240.0357666015625 223.65057373046875
-630.3974609375 -239.79098510742188 223.2256317138672
-629.5601806640625 -239.50584411621097 222.7186279296875
-628.8023681640625 -238.99803161621097 222.32131958007812
-627.992919921875 -238.54254150390625 221.950439453125
-627.2427368164062 -238.1262359619141 221.42787170410156
-626.540771484375 -237.5469665527344 221.0067138671875
-625.7325439453125 -237.05165100097656 220.67803955078125
-624.8579711914062 -236.7064208984375 220.328857421875
-624.06787109375 -236.1183929443359 220.15594482421875
-623.466552734375 -235.38796997070312 219.82546997070312
-622.7754516601562 -234.73138427734375 219.51351928710935
-622.1425170898438 -234.13075256347656 219.01705932617188
-621.6514892578125 -233.29275512695312 218.77874755859375
-620.977783203125 -232.58819580078125 218.54129028320312
-620.15869140625 -232.01348876953125 218.34678649902344
-619.5734252929688 -231.2306671142578 218.16162109375
-618.9385986328125 -230.51560974121097 217.74563598632812
-618.3416748046875 -229.7822265625 217.38693237304688
-617.8984985351562 -228.90499877929688 217.3570556640625
-617.4276733398438 -228.06610107421875 217.12518310546875
-617.0042114257812 -227.3029022216797 216.61378479003903
-616.6319580078125 -226.5201416015625 216.0773773193359
-616.298583984375 -225.6366424560547 215.74766540527344
-615.8280639648438 -224.86138916015625 215.33633422851565
-615.3165283203125 -224.12277221679688 214.8827362060547
-614.8685913085938 -223.35935974121097 214.41104125976565
-614.28955078125 -222.59718322753903 214.14942932128903
-613.72607421875 -221.81349182128903 213.87649536132812
-613.2000732421875 -221.08827209472656 213.42727661132812
-612.6782836914062 -220.31443786621097 213.06736755371097
-612.2080688476562 -219.48294067382812 212.76361083984375
-611.7125854492188 -218.7115020751953 212.35401916503903
-611.155517578125 -217.95570373535156 212.00843811035156
-610.5090942382812 -217.26544189453125 211.67039489746097
-609.8521118164062 -216.57205200195312 211.36752319335935
-609.2410278320312 -215.91444396972656 210.91551208496097
-608.6574096679688 -215.19422912597656 210.54229736328125
-608.0936889648438 -214.4581298828125 210.15879821777344
-607.5114135742188 -213.68507385253903 209.90264892578125
-606.913330078125 -213.02064514160156 209.4503173828125
-606.4137573242188 -212.20590209960935 209.11927795410156
-605.8049926757812 -211.56097412109375 208.664794921875
-605.1753540039062 -210.886962890625 208.26939392089844
-604.5265502929688 -210.28208923339844 207.7989196777344
-603.8516235351562 -209.62205505371097 207.4754638671875
-603.1309204101562 -209.074951171875 207.0631561279297
-602.3845825195312 -208.59312438964844 206.6008758544922
-601.5925903320312 -208.09068298339844 206.25843811035156
-600.8009643554688 -207.568359375 205.9460601806641
-599.9832153320312 -207.1115875244141 205.58204650878903
-599.2357788085938 -206.6651306152344 205.0966796875
-598.4315795898438 -206.2150421142578 204.70262145996097
-597.5994873046875 -205.8403778076172 204.2916717529297
-596.698974609375 -205.47738647460935 204.0464630126953
-595.8353881835938 -205.143798828125 203.66232299804688
-594.9840698242188 -204.9501953125 203.16368103027344
-594.10302734375 -204.6657562255859 202.7949981689453
-593.1447143554688 -204.46270751953125 202.5784912109375
-592.1900024414062 -204.26210021972656 202.34947204589844
-591.2313232421875 -204.0961151123047 202.1158447265625
-590.3455200195312 -203.78855895996097 201.75021362304688
-589.4059448242188 -203.5647430419922 201.5081329345703
-588.4224853515625 -203.37197875976565 201.5023956298828
-587.478271484375 -203.0629119873047 201.3287353515625
-586.4990234375 -202.88319396972656 201.3897399902344
-585.5421142578125 -202.6287078857422 201.30401611328125
-584.60888671875 -202.27684020996097 201.3258819580078
-583.607177734375 -202.2102508544922 201.439208984375
-582.571044921875 -202.3702087402344 201.39041137695312
-581.6206665039062 -202.4240264892578 201.05340576171875
-580.6575317382812 -202.36163330078125 200.8290557861328
-579.6382446289062 -202.27362060546875 200.8438415527344
-578.6551513671875 -202.3023376464844 200.99073791503903
-577.7127685546875 -202.49810791015625 201.23776245117188
-576.71484375 -202.396728515625 201.30419921875
-575.706787109375 -202.18145751953125 201.11573791503903
-574.750732421875 -201.9873809814453 200.9304351806641
-573.8211059570312 -201.64295959472656 201.13287353515625
-572.8550415039062 -201.36656188964844 201.15594482421875
-571.8478393554688 -201.2757110595703 201.08677673339844
-570.85986328125 -201.22987365722656 201.20098876953125
-569.9063110351562 -201.17784118652344 201.4662628173828
-568.9011840820312 -201.2718505859375 201.4181365966797
-567.940673828125 -201.16444396972656 201.6068572998047
-567.0074462890625 -201.0125732421875 201.9585418701172
-566.0068359375 -200.97476196289065 202.06448364257812
-565.0316162109375 -200.83139038085935 202.18399047851565
-564.060546875 -200.61810302734375 202.35382080078125
-563.06884765625 -200.55618286132812 202.50299072265625
-562.0931396484375 -200.59901428222656 202.61952209472656
-561.090576171875 -200.517822265625 202.56407165527344
-560.0968017578125 -200.4280242919922 202.68467712402344
-559.1079711914062 -200.5653839111328 202.63735961914065
-558.1145629882812 -200.37588500976565 202.64971923828125
-557.1292724609375 -200.3490753173828 202.76058959960935
-556.1410522460938 -200.3351287841797 202.9315185546875
-555.155517578125 -200.3525390625 203.1197509765625
-554.1878662109375 -200.2362060546875 203.3405914306641
-553.1962280273438 -200.1461639404297 203.4563446044922
-552.217529296875 -199.990478515625 203.60101318359375
-551.2244262695312 -199.9468231201172 203.7372283935547
-550.2532958984375 -199.9193878173828 203.98614501953125
-549.25341796875 -199.80015563964844 204.0564727783203
-548.2628784179688 -199.6420440673828 204.09686279296875
-547.3014526367188 -199.6779937744141 204.3515167236328
-546.3119506835938 -199.7500457763672 204.49461364746097
-545.3189086914062 -199.8467254638672 204.5959014892578
-544.324462890625 -199.79107666015625 204.69253540039065
-543.3330078125 -199.72755432128903 204.8283538818359
-542.3400268554688 -199.70132446289065 204.9318695068359
-541.3501586914062 -199.6253204345703 205.06805419921875
-540.3645629882812 -199.583740234375 205.2280731201172
-539.3709106445312 -199.5243682861328 205.346435546875
-538.379150390625 -199.4575653076172 205.4427032470703
-537.388671875 -199.3870391845703 205.5850067138672
-536.4109497070312 -199.30279541015625 205.7926788330078
-535.429443359375 -199.2311553955078 205.97317504882812
-534.4329223632812 -199.252197265625 206.0872802734375
-533.4404296875 -199.2113037109375 206.2294158935547
-532.4520263671875 -199.21316528320312 206.3928985595703
-531.4635009765625 -199.2781219482422 206.5652618408203
-530.4660034179688 -199.27252197265625 206.6415557861328
-529.4973754882812 -199.1646423339844 206.8562774658203
-528.500732421875 -199.16941833496097 206.92111206054688
-527.5112915039062 -199.02993774414065 206.99668884277344
-526.515380859375 -198.92349243164065 207.0126953125
-525.5296630859375 -198.81393432617188 207.1267242431641
-524.5377197265625 -198.65333557128903 207.14308166503903
-523.54443359375 -198.5900115966797 207.2629241943359
-522.554443359375 -198.50543212890625 207.37875366210935
-521.5662231445312 -198.4048614501953 207.5024871826172
-520.5789184570312 -198.5122528076172 207.628173828125
-519.594970703125 -198.4784393310547 207.80343627929688
-518.6090698242188 -198.4532928466797 208.01089477539065
-517.61572265625 -198.62002563476565 208.23208618164065
-516.6681518554688 -198.45391845703125 208.3656463623047
-515.6821899414062 -198.3070068359375 208.34466552734375
-514.6785278320312 -198.2857208251953 208.43634033203125
-513.6876831054688 -198.314208984375 208.58877563476565
-512.689208984375 -198.22378540039065 208.64385986328125
-511.6859436035156 -198.24649047851565 208.67527770996097
-510.6842041015625 -198.30621337890625 208.67376708984375
-509.69525146484375 -198.17721557617188 208.59219360351565
-508.6900329589844 -198.15347290039065 208.63523864746097
-507.6961059570313 -198.2471160888672 208.7506103515625
-506.71337890625 -198.20440673828125 208.89210510253903
-505.7189331054687 -197.9921417236328 208.96188354492188
-504.7257385253906 -197.9923858642578 208.98878479003903
-503.7326965332031 -198.0618133544922 209.09982299804688
-502.75823974609375 -198.08287048339844 209.3212127685547
-501.7889099121094 -198.23109436035156 209.55831909179688
-500.82269287109375 -198.21722412109375 209.7783660888672
-499.8450012207031 -198.4413299560547 209.81170654296875
-498.84765625 -198.63072204589844 209.78025817871097
-497.8456726074219 -198.5998077392578 209.8854827880859
-496.8667297363281 -198.68099975585935 210.0700225830078
-495.9006652832031 -198.9199981689453 210.09768676757812
-494.9400939941406 -199.17176818847656 210.21551513671875
-493.9665222167969 -199.41458129882812 210.2198028564453
-492.9928894042969 -199.71676635742188 210.01901245117188
-492.0414123535156 -199.93109130859375 210.0547790527344
-491.11578369140625 -199.9757537841797 210.2730407714844
-490.1497497558594 -200.05816650390625 210.25180053710935
-489.0447387695313 -200.3481903076172 210.20986938476565
-488.2135314941406 -200.58932495117188 210.36978149414065
-486.0939331054687 -201.23828125 210.65570068359375
-486.0939331054687 -201.23828125 210.65570068359375
-483.1210021972656 -200.2355499267578 211.61875915527344
-482.1282043457031 -200.25624084472656 211.76112365722656
-481.1485290527344 -200.24124145507812 212.00990295410156
-480.1446228027344 -200.32362365722656 212.02085876464844
-479.14990234375 -200.4573974609375 212.1511688232422
-478.1756591796875 -200.70587158203125 212.26437377929688
-477.2134094238281 -201.0114898681641 212.32901000976565
-476.2326965332031 -201.17234802246097 212.47767639160156
-475.23486328125 -201.25926208496097 212.5630340576172
-474.25640869140625 -201.5024871826172 212.45925903320312
-473.2674255371094 -201.6689910888672 212.44139099121097
-472.2815551757813 -201.8614959716797 212.42759704589844
-471.30474853515625 -202.11805725097656 212.4637451171875
-470.3158874511719 -202.28759765625 212.3765411376953
-469.3382873535156 -202.51290893554688 212.4430999755859
-468.3425903320313 -202.6428985595703 212.33351135253903
-467.3540344238281 -202.8361968994141 212.32763671875
-466.3690185546875 -203.0350341796875 212.38804626464844
-465.38665771484375 -203.25294494628903 212.33670043945312
-464.403564453125 -203.45899963378903 212.41461181640625
-463.4358520507813 -203.71475219726565 212.31072998046875
-462.46002197265625 -203.9551696777344 212.2407684326172
-461.4883117675781 -204.1862640380859 212.10902404785156
-460.54791259765625 -204.5201110839844 211.93179321289065
-459.5932312011719 -204.81985473632812 211.8391876220703
-458.6314392089844 -205.0161590576172 211.5889434814453
-457.647705078125 -205.20164489746097 211.55946350097656
-456.6696166992187 -205.4447784423828 211.5555419921875
-455.6983947753906 -205.6995086669922 211.51693725585935
-454.718994140625 -205.83526611328125 211.67340087890625
-453.7515869140625 -206.07211303710935 211.49183654785156
-452.79150390625 -206.377685546875 211.42758178710935
-451.82025146484375 -206.629638671875 211.3300323486328
-450.8394470214844 -206.83523559570312 211.22911071777344
-449.88873291015625 -207.113525390625 211.0388336181641
-448.9726257324219 -207.4269256591797 210.7554931640625
-448.0234375 -207.7040252685547 210.56253051757812
-447.073974609375 -208.03826904296875 210.4936981201172
-446.10357666015625 -208.29037475585935 210.39471435546875
-445.1326599121094 -208.5355682373047 210.3057861328125
-444.1878051757813 -208.8624725341797 210.2275390625
-443.2284851074219 -209.1011657714844 209.9897003173828
-442.2643737792969 -209.34878540039065 209.8331756591797
-441.2879333496094 -209.55007934570312 209.68716430664065
-440.30950927734375 -209.73001098632812 209.52381896972656
-439.3348693847656 -209.9886474609375 209.53411865234375
-438.3880004882813 -210.27911376953125 209.32217407226565
-437.4310607910156 -210.59913635253903 209.31024169921875
-436.4877624511719 -210.90350341796875 209.13922119140625
-435.5309143066406 -211.15040588378903 208.94305419921875
-434.6084289550781 -211.5127716064453 208.76315307617188
-433.6448059082031 -211.8142242431641 208.7084503173828
-432.6580505371094 -212.00086975097656 208.65338134765625
-431.7150268554687 -212.33790588378903 208.5269012451172
-430.7621765136719 -212.6124267578125 208.3860626220703
-429.7943420410156 -212.8281707763672 208.21929931640625
-428.845703125 -213.0617218017578 207.94537353515625
-427.89410400390625 -213.3000640869141 207.737548828125
-426.8936767578125 -213.6167907714844 207.5760498046875
-426.0071105957031 -213.94471740722656 207.46963500976565
-424.61578369140625 -214.77630615234375 207.4321746826172
-424.61578369140625 -214.77630615234375 207.4321746826172
-424.6828918457031 -218.564208984375 206.7431182861328
-424.6396179199219 -219.4747772216797 206.44125366210935
-424.6372375488281 -220.5534210205078 206.36244201660156
-424.11376953125 -221.39938354492188 206.24429321289065
-423.4035949707031 -222.0474548339844 205.94769287109375
-422.5558166503906 -222.48760986328125 205.627197265625
-421.6526794433594 -222.7257843017578 205.24844360351565
-420.7564392089844 -222.96734619140625 204.8407440185547
-419.810302734375 -223.02218627929688 204.4693145751953
-418.9056701660156 -223.15957641601565 204.04486083984375
-418.0710144042969 -223.30010986328125 203.5006866455078
-417.2718811035156 -223.52993774414065 202.92298889160156
-416.4250793457031 -223.71450805664065 202.40621948242188
-415.6579895019531 -223.9737243652344 201.7947998046875
-414.7867736816406 -224.16476440429688 201.31500244140625
-413.9982604980469 -224.3177947998047 200.70242309570312
-413.17425537109375 -224.38392639160156 200.13536071777344
-412.4020690917969 -224.4666290283203 199.48818969726565
-411.5973815917969 -224.5674285888672 198.84933471679688
-411.02679443359375 -224.67242431640625 198.06497192382812
-410.1349792480469 -224.82275390625 196.9199676513672
-410.1349792480469 -224.82275390625 196.9199676513672
-408.7868347167969 -223.66665649414065 196.27723693847656
-407.9810485839844 -223.25753784179688 195.82485961914065
-407.2128601074219 -223.01339721679688 195.2274169921875
-406.52044677734375 -222.6920166015625 194.59991455078125
-405.8389587402344 -222.3492126464844 193.94493103027344
-405.1751098632813 -222.10980224609375 193.24232482910156
-404.5352783203125 -221.9326629638672 192.50233459472656
-403.95843505859375 -221.81553649902344 191.69668579101565
-403.4268493652344 -221.8196258544922 190.8485870361328
-402.9825134277344 -221.84410095214844 189.95069885253903
-402.5929260253906 -221.73731994628903 189.04754638671875
-402.2021789550781 -221.89404296875 188.13461303710935
-401.8214721679687 -222.04067993164065 187.22203063964844
-401.5320434570313 -221.8874053955078 186.2705535888672
-401.3995666503906 -222.044921875 185.3192138671875
-400.905029296875 -222.14947509765625 184.40936279296875
-400.6505432128906 -222.23301696777344 183.44834899902344
-400.34820556640625 -222.33883666992188 182.50592041015625
-400.07708740234375 -222.52943420410156 181.55740356445312
-399.687744140625 -222.61029052734375 180.64686584472656
-399.3541259765625 -222.7065887451172 179.7028045654297
-399.0759887695313 -222.9512634277344 178.7693328857422
-398.6699523925781 -223.14854431152344 177.87380981445312
-398.322021484375 -223.29058837890625 176.9527130126953
-398.13824462890625 -223.68948364257812 176.06251525878906
-397.9088745117187 -223.7183532714844 175.08343505859375
-397.6863708496094 -223.83523559570312 174.10719299316406
-397.3832092285156 -223.96328735351565 173.12867736816406
-397.0968933105469 -224.4068145751953 172.3275146484375
-396.9563598632813 -224.4471893310547 171.2914276123047
-396.7916870117187 -224.6842803955078 170.31922912597656
-396.770751953125 -225.0114288330078 169.3863983154297
-396.5319213867187 -225.4566650390625 168.50341796875
-396.4081115722656 -226.15232849121097 167.80601501464844
-396.4189758300781 -226.7237091064453 166.93788146972656
-396.67926025390625 -227.46908569335935 166.37811279296875
-396.9249877929687 -228.18966674804688 165.74728393554688
-397.3116455078125 -228.815185546875 165.0623016357422
-397.7437744140625 -229.68588256835935 164.8632354736328
-398.0166320800781 -230.51304626464844 164.39646911621094
-398.3450927734375 -231.43670654296875 164.19932556152344
-398.6463928222656 -232.37469482421875 163.90188598632812
-399.1473388671875 -233.16758728027344 163.93365478515625
-399.698974609375 -233.94418334960935 164.06149291992188
-400.0262756347656 -234.91270446777344 163.93502807617188
-400.2898864746094 -235.8132781982422 163.88417053222656
-400.78082275390625 -236.71371459960935 164.14089965820312
-401.3398742675781 -237.50271606445312 164.30319213867188
-401.9685668945313 -238.2131500244141 164.54885864257812
-402.3798522949219 -239.09043884277344 164.73171997070312
-402.7998352050781 -239.9234313964844 164.9198760986328
-403.3302001953125 -240.69862365722656 165.31204223632812
-403.8758239746094 -241.499755859375 165.41636657714844
-404.3467712402344 -242.3170928955078 165.8284149169922
-404.6596984863281 -243.2342529296875 166.02952575683594
-405.2347106933594 -243.9954833984375 166.25930786132812
-405.64111328125 -244.81231689453125 166.6268310546875
-405.9299926757813 -245.7243499755859 166.9281005859375
-406.1532897949219 -246.68475341796875 167.01004028320312
-406.3888549804687 -247.65032958984375 167.11703491210938
-406.45513916015625 -248.5933380126953 167.4536895751953
-406.53082275390625 -249.63087463378903 167.5361328125
-406.7290954589844 -250.57174682617188 167.28604125976565
-406.8934631347656 -251.5948486328125 167.50469970703125
-406.6824035644531 -252.5278778076172 167.34317016601565
-406.6004943847656 -253.52552795410156 167.4317626953125
-406.46044921875 -254.517822265625 167.4443817138672
-406.2508850097656 -255.49378967285156 167.44248962402344
-406.1253051757813 -256.52685546875 167.347412109375
-406.189453125 -257.494384765625 167.50477600097656
-406.1807556152344 -258.4884033203125 167.62840270996094
-424.61578369140625 -214.77630615234375 207.4321746826172
-423.2697143554687 -215.4870758056641 211.27474975585935
-422.98883056640625 -215.88233947753903 212.203369140625
-422.3777465820313 -216.1458740234375 212.9009552001953
-421.6736755371094 -216.20367431640625 213.6475524902344
-420.79150390625 -216.041259765625 214.0770263671875
-419.9513244628906 -215.59625244140625 214.38424682617188
-418.9817810058594 -215.3269500732422 214.47596740722656
-418.1661987304687 -214.74658203125 214.5504913330078
-417.2415771484375 -214.34027099609375 214.6890106201172
-416.323486328125 -213.98355102539065 214.95538330078125
-415.496337890625 -213.4303741455078 215.05291748046875
-414.6188049316406 -212.9646759033203 215.1696624755859
-413.7272338867187 -212.53907775878903 215.37637329101565
-412.7955627441406 -212.2127685546875 215.5675048828125
-411.9025573730469 -211.75088500976565 215.6264190673828
-411.0306396484375 -211.3223114013672 215.88693237304688
-410.150634765625 -210.84410095214844 216.04171752929688
-409.2596130371094 -210.39776611328125 216.12542724609375
-408.28704833984375 -210.16114807128903 216.25498962402344
-407.33245849609375 -209.84974670410156 216.34500122070312
-406.41461181640625 -209.5939178466797 216.6550750732422
-405.4612731933594 -209.7652130126953 216.93429565429688
-404.67962646484375 -209.9625701904297 217.51011657714844
-403.9778747558594 -210.26705932617188 218.15139770507812
-403.3227233886719 -210.6351776123047 218.8076629638672
-402.7608947753906 -211.20843505859375 219.41510009765625
-402.3507995605469 -211.8686981201172 220.0529937744141
-401.8807678222656 -212.59898376464844 220.54074096679688
-401.505859375 -213.2819061279297 221.1603851318359
-401.1893615722656 -214.02908325195312 221.7550811767578
-400.9400634765625 -214.82745361328125 222.297119140625
-400.7452697753906 -215.63050842285156 222.86837768554688
-400.409423828125 -216.46339416503903 223.31581115722656
-400.1992492675781 -217.2980804443359 223.8239593505859
-400.0244445800781 -218.09466552734375 224.3864593505859
-399.8638916015625 -218.90457153320312 224.9668426513672
-399.6587219238281 -219.821044921875 225.24703979492188
-399.542236328125 -220.6208343505859 225.8322296142578
-399.5582275390625 -221.49559020996097 226.3016815185547
-399.4660949707031 -222.41342163085935 226.7138214111328
-399.4984130859375 -223.36720275878903 226.96929931640625
-399.5218505859375 -224.3168182373047 227.33792114257812
-399.5101013183594 -225.23040771484375 227.7691192626953
-399.5408935546875 -226.21743774414065 227.9093780517578
-399.4233703613281 -227.1647796630859 228.16700744628903
-399.5582275390625 -228.08609008789065 228.57455444335935
-399.7498168945313 -229.0368804931641 228.81463623046875
-399.8294067382813 -229.9136505126953 229.3140563964844
-399.9964294433594 -230.8676300048828 228.94924926757812
-400.0463562011719 -231.83677673339844 229.24215698242188
-400.2922058105469 -232.80821228027344 229.26895141601565
-400.4575500488281 -233.762451171875 229.30809020996097
-400.5191650390625 -234.6929626464844 229.66615295410156
-400.52154541015625 -235.6371612548828 229.94302368164065
-400.4667053222656 -236.5612030029297 230.1995391845703
-400.55072021484375 -237.5383758544922 230.10606384277344
-400.7286376953125 -238.51080322265625 229.9255523681641
-400.8904418945313 -239.48129272460935 229.929443359375
-401.1100158691406 -240.4516143798828 229.94093322753903
-401.2459411621094 -241.44766235351565 229.84381103515625
-401.5339050292969 -242.3603973388672 230.06884765625
-401.6179809570313 -243.37966918945312 229.95352172851565
-401.5933532714844 -244.31495666503903 230.15757751464844
-401.6517639160156 -245.3593292236328 229.94851684570312
-401.48193359375 -246.3493804931641 229.92532348632812
-401.4340515136719 -247.2751922607422 229.64877319335935
-401.4952087402344 -248.3154754638672 229.80577087402344
-401.6304931640625 -249.3000335693359 229.8337249755859
-401.60357666015625 -250.2932281494141 229.94744873046875
-401.9566650390625 -251.1448974609375 229.4547882080078
-401.8282470703125 -252.0901641845703 229.4918975830078
-401.868408203125 -253.09683227539065 229.59779357910156
-401.7606201171875 -254.09603881835935 229.6022796630859
-401.60260009765625 -255.10250854492188 229.5399169921875
-401.5632934570313 -256.0993957519531 229.64678955078125
-401.572265625 -257.16412353515625 229.67156982421875
-401.5517883300781 -258.1174621582031 229.63780212402344
-410.1349792480469 -224.82275390625 196.9199676513672
-409.9114685058594 -226.3123321533203 195.30453491210935
-409.8119812011719 -226.72463989257812 194.3874969482422
-409.6076965332031 -227.2408447265625 193.55517578125
-409.6443786621094 -227.42466735839844 192.5536651611328
-409.5936584472656 -227.5237579345703 191.56155395507812
-409.5562744140625 -227.59835815429688 190.55422973632812
-409.8384094238281 -227.61074829101565 189.58937072753903
-410.2121276855469 -227.3681640625 188.701171875
-410.617919921875 -227.2878570556641 187.79489135742188
-411.0868225097656 -227.19549560546875 186.9117431640625
-411.5090026855469 -226.9739990234375 186.02532958984375
-412.08447265625 -226.7019500732422 185.28321838378903
-412.7406311035156 -226.52276611328125 184.5226593017578
-413.34564208984375 -226.00112915039065 183.92276000976565
-413.9627075195313 -225.77308654785156 183.1471405029297
-414.5751953125 -225.281005859375 182.5267791748047
-415.1596984863281 -224.70794677734375 181.9520263671875
-415.6849365234375 -224.21104431152344 181.2457733154297
-416.4039916992187 -223.69715881347656 180.75103759765625
-417.0925598144531 -223.37562561035156 180.09547424316406
-417.7063293457031 -222.95065307617188 179.42308044433594
-418.3206481933594 -222.41297912597656 178.8497772216797
-418.9501647949219 -222.14297485351565 178.09478759765625
-419.5287780761719 -221.8039398193359 177.34518432617188
-420.18646240234375 -221.94354248046875 176.5923309326172
-420.7758483886719 -222.3587646484375 175.9119873046875
-421.3522338867187 -223.0316925048828 175.46632385253906
-421.8009948730469 -223.77537536621097 174.96609497070312
-422.3497924804687 -224.5431365966797 174.63619995117188
-423.0626831054687 -225.19541931152344 174.34010314941406
-423.5514221191406 -225.95816040039065 173.91822814941406
-424.0047607421875 -226.81549072265625 173.67962646484375
-424.399169921875 -227.5982208251953 173.19654846191406
-424.83795166015625 -228.4582366943359 172.94564819335938
-425.3751525878906 -229.29444885253903 172.7659454345703
-425.8414306640625 -229.91497802734375 172.13174438476565
-426.4514770507813 -230.65673828125 171.82333374023438
-426.9259033203125 -231.31072998046875 171.21377563476565
-427.5707702636719 -232.0485992431641 171.0009307861328
-428.1207580566406 -232.66159057617188 170.4412078857422
-428.6578674316406 -233.38914489746097 170.02854919433594
-429.14898681640625 -234.1507110595703 169.60081481933594
-429.6624145507813 -234.85435485839844 169.1194305419922
-430.123046875 -235.6745758056641 168.78314208984375
-430.5702209472656 -236.45944213867188 168.4139862060547
-430.9766845703125 -237.2584686279297 167.97401428222656
-431.482177734375 -238.07659912109375 167.6970672607422
-431.9410095214844 -238.82330322265625 167.20062255859375
-432.53033447265625 -239.5931396484375 166.93331909179688
-433.0485534667969 -240.3744659423828 166.60964965820312
-433.404296875 -241.2512664794922 166.28123474121094
-433.8030700683594 -242.0450134277344 165.81248474121094
-434.1277770996094 -242.90505981445312 165.38563537597656
-434.6377868652344 -243.72525024414065 165.12428283691406
-435.052978515625 -244.56243896484375 164.77493286132812
-435.47320556640625 -245.39822387695312 164.38568115234375
-435.78802490234375 -246.3445587158203 164.27296447753906
-436.0107727050781 -247.20938110351565 163.78138732910156
-436.0478515625 -248.1934051513672 163.97518920898438
-436.02777099609375 -249.19969177246097 163.9369354248047
-436.44342041015625 -250.11697387695312 163.83926391601565
-436.536376953125 -251.08580017089844 163.7332305908203
-436.57958984375 -252.08998107910156 163.58407592773438
-436.63873291015625 -253.0566864013672 163.7990264892578
-436.7685546875 -254.05174255371097 163.67855834960938
-436.7646484375 -255.06283569335935 163.72607421875
-436.906494140625 -256.0585021972656 163.63218688964844
-437.28570556640625 -256.94091796875 163.8479766845703
-437.2156066894531 -257.96978759765625 163.857421875
-436.8616638183594 -258.95819091796875 163.4891357421875
-486.0939331054687 -201.23828125 210.65570068359375
-484.795166015625 -204.16839599609375 210.1026611328125
-484.0491027832031 -205.0184783935547 209.91195678710935
-483.49029541015625 -205.7493896484375 210.0342559814453
-482.6612548828125 -206.22500610351565 209.884765625
-481.8430786132813 -206.80419921875 209.96798706054688
-481.106201171875 -207.51414489746097 209.9986114501953
-480.2867431640625 -208.06527709960935 209.78244018554688
-479.4436340332031 -208.61924743652344 209.76763916015625
-478.5473327636719 -209.0778656005859 209.6855010986328
-477.6327819824219 -209.49351501464844 209.6334991455078
-476.7257995605469 -209.9330596923828 209.74826049804688
-475.8476867675781 -210.43658447265625 209.78689575195312
-474.92236328125 -210.83535766601565 209.73416137695312
-474.0009460449219 -211.26429748535156 209.6791229248047
-473.04632568359375 -211.5791015625 209.7663726806641
-472.1441955566406 -212.01611328125 209.8626708984375
-471.2077331542969 -212.38673400878903 209.8527069091797
-470.2659606933594 -212.7517242431641 209.88137817382812
-469.3746643066406 -213.1907958984375 209.69383239746097
-468.4999694824219 -213.53628540039065 209.3381195068359
-467.7372741699219 -214.03903198242188 208.88587951660156
-467.1484375 -214.562255859375 208.26113891601565
-466.6248474121094 -214.73890686035156 207.48626708984375
-466.1383056640625 -215.18511962890625 205.7474822998047
-466.1383056640625 -215.18511962890625 205.7474822998047
-463.9840698242187 -215.1007080078125 204.67916870117188
-463.2503967285156 -215.13259887695312 203.96478271484375
-462.4868469238281 -215.33042907714844 203.37008666992188
-461.68646240234375 -215.45095825195312 202.77447509765625
-461.0152587890625 -215.69134521484375 202.05435180664065
-460.345947265625 -216.07664489746097 201.3995819091797
-459.7073669433594 -216.5583648681641 200.7757568359375
-459.2768249511719 -217.04129028320312 199.9973297119141
-459.0777893066406 -217.67904663085935 199.23822021484375
-458.9308166503906 -218.25860595703125 198.42086791992188
-458.98236083984375 -218.86277770996097 197.6212158203125
-459.039794921875 -219.5178070068359 196.8506774902344
-459.3233947753906 -220.09873962402344 196.0883331298828
-459.7669067382813 -220.57875061035156 195.3101043701172
-460.1530456542969 -221.20187377929688 194.63528442382812
-460.42340087890625 -221.7244415283203 193.82455444335935
-460.57525634765625 -222.1079559326172 192.91607666015625
-460.72991943359375 -222.5373077392578 192.0371856689453
-461.0236511230469 -223.0196990966797 191.1911163330078
-461.1151123046875 -223.37835693359375 190.2360382080078
-461.11224365234375 -223.73605346679688 189.31585693359375
-461.3492736816406 -224.451416015625 188.5935211181641
-461.5007019042969 -224.7757110595703 187.6899871826172
-461.6506958007813 -225.05096435546875 186.72164916992188
-461.7209167480469 -225.64376831054688 185.89894104003903
-461.8548889160156 -225.98663330078125 184.96823120117188
-462.0417785644531 -226.60931396484375 184.19085693359375
-462.18408203125 -226.90869140625 183.25006103515625
-462.208984375 -227.46533203125 182.38601684570312
-462.4088439941406 -227.92803955078125 181.5055694580078
-462.6988220214844 -228.37197875976565 180.63836669921875
-463.11083984375 -228.6778106689453 179.78688049316406
-463.2424011230469 -229.1159820556641 178.88868713378906
-463.460205078125 -229.671875 178.07833862304688
-463.84429931640625 -230.11642456054688 177.25721740722656
-464.1283264160156 -230.38734436035156 176.3351287841797
-464.24908447265625 -231.03469848632812 175.5027313232422
-464.1112060546875 -231.47557067871097 174.614990234375
-464.1630554199219 -231.69778442382812 173.6629638671875
-464.2599487304687 -232.26242065429688 172.8238525390625
-464.3978576660156 -232.7623291015625 171.98110961914065
-464.4862365722656 -233.40089416503903 171.19915771484375
-464.6567687988281 -233.88954162597656 170.3431854248047
-464.90826416015625 -234.4167633056641 169.5279083251953
-465.1287536621094 -235.083984375 168.80360412597656
-465.06939697265625 -235.6340484619141 167.9687957763672
-464.9574279785156 -236.35470581054688 167.27052307128906
-465.0462646484375 -237.0712432861328 166.59750366210938
-465.12933349609375 -237.7222442626953 165.8267059326172
-465.3330078125 -238.3501434326172 165.06430053710938
-465.3755187988281 -239.18272399902344 164.4824676513672
-465.4481201171875 -239.9051513671875 163.82577514648438
-465.4894714355469 -240.8121032714844 163.36611938476565
-465.62353515625 -241.63668823242188 162.7884063720703
-465.7696228027344 -242.40109252929688 162.1467742919922
-465.8752136230469 -243.30313110351565 161.69772338867188
-465.9010314941406 -244.24465942382812 161.32272338867188
-466.2002258300781 -245.1243896484375 160.9243927001953
-466.22509765625 -246.06314086914065 160.57522583007812
-466.3355407714844 -246.97610473632812 160.20535278320312
-466.3440551757813 -247.93667602539065 159.90237426757812
-466.3336791992187 -248.93524169921875 159.83470153808594
-466.4676208496094 -249.8434906005859 159.40476989746094
-466.4926452636719 -250.84080505371097 159.30857849121094
-466.4278564453125 -251.83839416503903 159.41432189941406
-466.6839599609375 -252.83676147460935 159.36390686035156
-466.6351623535156 -253.78565979003903 159.56118774414065
-466.47064208984375 -254.8098602294922 159.50341796875
-466.3444213867187 -255.8105926513672 159.46185302734375
-466.3041687011719 -256.7939453125 159.64859008789065
-466.4564514160156 -257.80438232421875 159.54107666015625
-466.31390380859375 -258.7892150878906 159.60498046875
-466.1383056640625 -215.18511962890625 205.7474822998047
-467.0079650878906 -215.86123657226565 203.7733612060547
-467.4847717285156 -215.9976043701172 202.7862091064453
-468.1550598144531 -216.1037445068359 201.9677734375
-468.9586486816406 -216.18548583984375 201.2292938232422
-469.7652587890625 -216.3809814453125 200.54872131347656
-470.5736389160156 -216.52606201171875 199.91065979003903
-470.5736389160156 -216.52606201171875 199.91065979003903
-470.4619140625 -217.36102294921875 198.35528564453125
-470.5740051269531 -217.70657348632812 197.4427032470703
-470.9328918457031 -217.9523773193359 196.53936767578125
-471.0437927246094 -218.0242462158203 195.5339202880859
-470.9666442871094 -218.2742462158203 194.56082153320312
-471.35064697265625 -218.40570068359375 193.64013671875
-471.7586669921875 -218.58837890625 192.75308227539065
-471.873046875 -218.15960693359375 191.81004333496097
-472.1477661132813 -217.9638671875 190.8654937744141
-472.4806823730469 -217.88058471679688 189.9427947998047
-473.0115661621094 -217.54827880859375 189.1372833251953
-473.50787353515625 -217.47341918945312 188.27410888671875
-473.9236145019531 -217.2536773681641 187.37901306152344
-474.272705078125 -216.97523498535156 186.4864044189453
-474.6776428222656 -216.69244384765625 185.61953735351565
-475.03277587890625 -216.6680603027344 184.68113708496097
-475.297119140625 -216.53744506835935 183.72471618652344
-475.7369995117187 -216.4658660888672 182.81898498535156
-476.1701354980469 -216.4407501220703 181.91888427734375
-476.5925903320313 -216.29421997070312 181.0124359130859
-476.9649963378906 -216.11944580078125 180.1033477783203
-477.23150634765625 -216.0406036376953 179.12303161621094
-477.5711975097656 -216.02883911132812 178.1731719970703
-478.0301208496094 -216.0233154296875 177.30416870117188
-478.6456909179687 -215.9217071533203 176.54452514648438
-479.0925903320313 -215.86318969726565 175.61529541015625
-479.4215393066406 -216.0280609130859 174.70187377929688
-480.0018310546875 -215.8567657470703 173.9130401611328
-480.6107177734375 -216.01560974121097 173.15023803710938
-481.3316955566406 -216.05242919921875 172.46499633789065
-481.7854309082031 -215.91802978515625 171.60092163085938
-482.2679138183594 -216.1151123046875 170.7458953857422
-482.92144775390625 -216.3524627685547 170.04876708984375
-483.4137878417969 -216.4307556152344 169.18453979492188
-483.9383239746094 -216.79705810546875 168.43997192382812
-484.49798583984375 -216.97650146484375 167.64877319335938
-485.0709533691406 -217.25360107421875 166.86326599121094
-485.3829040527344 -217.80467224121097 166.09304809570312
-485.9083251953125 -218.2247772216797 165.30740356445312
-486.4892578125 -218.58511352539065 164.57666015625
-486.9721984863281 -219.11915588378903 163.89651489257812
-487.515380859375 -219.67083740234375 163.25502014160156
-487.9716491699219 -220.29913330078125 162.6371307373047
-488.5230407714844 -220.87451171875 162.03343200683594
-488.9872131347656 -221.54588317871097 161.46493530273438
-489.3541870117187 -222.2531280517578 160.8817901611328
-489.9329528808594 -222.7896728515625 160.26795959472656
-490.4655456542969 -223.4186859130859 159.6887969970703
-490.9821166992187 -224.20358276367188 159.38491821289065
-491.4486999511719 -224.93182373046875 158.88491821289065
-491.81829833984375 -225.79917907714844 158.5369110107422
-492.3395690917969 -226.46421813964844 157.96536254882812
-492.8634338378906 -227.32546997070312 157.81387329101565
-493.3070983886719 -228.07579040527344 157.32492065429688
-493.728515625 -228.91505432128903 156.9683837890625
-494.08935546875 -229.83932495117188 156.8616180419922
-494.397216796875 -230.72071838378903 156.38436889648438
-494.9350280761719 -231.52345275878903 156.21200561523438
-495.126708984375 -232.5109710693359 156.12615966796875
-495.3094482421875 -233.4777984619141 155.93026733398438
-495.5421752929687 -234.45603942871097 155.9287872314453
-495.8528137207031 -235.41622924804688 155.87164306640625
-496.0500793457031 -236.39097595214844 155.99154663085938
-496.3546447753906 -237.31124877929688 156.0605926513672
-496.4334411621094 -238.31512451171875 155.95761108398438
-496.3459167480469 -239.31919860839844 155.9814910888672
-496.0527648925781 -240.27247619628903 156.100341796875
-495.9490051269531 -241.19871520996097 155.61978149414065
-496.2321472167969 -242.1084747314453 155.64645385742188
-496.8537292480469 -242.84999084472656 155.8956756591797
-496.675048828125 -243.81329345703125 155.82557678222656
-496.7095947265625 -244.7733154296875 156.0252227783203
-496.7680358886719 -245.68875122070312 155.6576385498047
-496.9730529785156 -246.6314392089844 155.9824676513672
-497.2430725097656 -247.56103515625 155.85031127929688
-497.04339599609375 -248.4986114501953 156.10321044921875
-497.0440368652344 -249.4879608154297 156.0474395751953
-496.8067932128906 -250.4690399169922 156.02174377441406
-496.4734802246094 -251.38372802734375 156.0587615966797
-496.4243469238281 -252.34312438964844 156.2802276611328
-496.5604553222656 -253.3361663818359 156.14703369140625
-496.544189453125 -254.3293914794922 156.14157104492188
-496.69830322265625 -255.32061767578125 156.17205810546875
-496.7418518066406 -256.33447265625 156.04849243164065
-496.6788635253906 -257.3509826660156 156.0624542236328
-496.8235778808594 -258.32989501953125 156.08351135253906
-497.0999755859375 -259.30755615234375 156.14910888671875
-470.5736389160156 -216.52606201171875 199.91065979003903
-472.2085266113281 -216.0558624267578 200.08807373046875
-473.1522216796875 -216.0433349609375 200.25669860839844
-474.1383972167969 -215.9806365966797 200.24656677246097
-475.0965576171875 -215.7958526611328 199.99984741210935
-476.0549011230469 -215.71533203125 199.7593231201172
-477.0245056152344 -215.6857452392578 199.53175354003903
-477.97943115234375 -215.6212615966797 199.2076416015625
-478.9332275390625 -215.740234375 198.91029357910156
-479.8680725097656 -215.6006622314453 198.6321258544922
-480.8148193359375 -215.596923828125 198.3058929443359
-481.7847900390625 -215.57171630859375 198.0212249755859
-482.66986083984375 -215.4983367919922 197.58914184570312
-483.5982971191406 -215.4693603515625 197.26353454589844
-484.5011901855469 -215.35711669921875 196.8832550048828
-485.3746948242187 -215.1213531494141 196.4141845703125
-486.3313903808594 -214.95497131347656 196.20355224609375
-487.1932678222656 -214.62979125976565 195.79554748535156
-488.1213989257813 -214.46923828125 195.4742889404297
-489.057861328125 -214.3909454345703 195.11827087402344
-489.9335021972656 -214.19155883789065 194.68328857421875
-490.86370849609375 -214.1851348876953 194.2949981689453
-491.7676086425781 -214.216796875 193.88807678222656
-492.7045593261719 -214.025146484375 193.55960083007812
-493.6676025390625 -213.8468475341797 193.33932495117188
-494.612060546875 -213.6696624755859 193.0370635986328
-495.5117492675781 -213.41749572753903 192.6928253173828
-496.38470458984375 -213.40480041503903 192.2112579345703
-497.2733154296875 -213.08995056152344 191.8580322265625
-498.0646057128906 -212.91180419921875 191.27978515625
-498.9621276855469 -212.66571044921875 190.90028381347656
-499.8376159667969 -212.6055450439453 190.42913818359375
-500.7706909179687 -212.43946838378903 190.10858154296875
-501.6907653808594 -212.3907165527344 189.7057647705078
-502.60211181640625 -212.17889404296875 189.3887634277344
-503.5069274902344 -212.16734313964844 188.91639709472656
-504.3786926269531 -211.99896240234375 188.4614715576172
-505.2321166992187 -211.96141052246097 187.98004150390625
-506.12506103515625 -211.9272918701172 187.43902587890625
-507.0426635742187 -211.73825073242188 187.22645568847656
-507.9602355957031 -211.73660278320312 186.71287536621097
-508.8128051757813 -211.5606231689453 186.2167510986328
-509.7109069824219 -211.54786682128903 185.79788208007812
-510.5466003417969 -211.7559356689453 185.2653656005859
-511.2875061035156 -211.84703063964844 184.60153198242188
-512.0782470703125 -211.89613342285156 184.0010986328125
-512.8070068359375 -212.0886993408203 183.30511474609375
-513.5172729492188 -211.9922790527344 182.6707305908203
-514.2906494140625 -212.1887054443359 182.0608673095703
-514.9830932617188 -212.31626892089844 181.36573791503903
-515.6428833007812 -212.56199645996097 180.6556854248047
-516.2972412109375 -213.1428680419922 180.07424926757812
-516.9151611328125 -213.0128173828125 179.358154296875
-517.6134643554688 -213.19981384277344 178.67672729492188
-518.2500610351562 -213.63626098632812 178.05406188964844
-518.8558349609375 -213.83929443359375 177.30865478515625
-519.4431762695312 -214.29632568359375 176.62811279296875
-520.017578125 -214.6020050048828 175.8802490234375
-520.3207397460938 -214.96585083007812 174.98609924316406
-520.7547607421875 -215.39889526367188 174.1875
-521.1215209960938 -216.00436401367188 173.47705078125
-521.5228881835938 -216.51480102539065 172.7115478515625
-521.9428100585938 -217.1392059326172 172.03367614746094
-522.3464965820312 -217.71194458007812 171.3189239501953
-522.8285522460938 -218.1871032714844 170.58250427246094
-523.05029296875 -218.80995178222656 169.80775451660156
-523.3253173828125 -219.35366821289065 169.0113983154297
-523.8099975585938 -219.8867645263672 168.31082153320312
-524.0164794921875 -220.69471740722656 167.772216796875
-524.3639526367188 -221.241455078125 167.0145721435547
-524.6465454101562 -222.05874633789065 166.51028442382812
-524.8426513671875 -222.62709045410156 165.7423553466797
-524.98779296875 -223.4844207763672 165.25367736816406
-525.3479614257812 -224.11953735351565 164.58236694335938
-525.63916015625 -224.9121856689453 164.0546112060547
-525.68212890625 -225.75772094726565 163.58534240722656
-525.8961181640625 -226.54054260253903 162.986572265625
-526.2118530273438 -227.31826782226565 162.4701690673828
-526.199951171875 -228.2341461181641 162.0396728515625
-526.4498291015625 -228.97938537597656 161.4641876220703
-526.6530151367188 -229.95156860351565 161.25796508789065
-526.6809692382812 -230.83905029296875 160.861572265625
-526.7835693359375 -231.76808166503903 160.5171661376953
-526.7913208007812 -232.5850372314453 159.93800354003906
-526.8325805664062 -233.49951171875 159.51136779785156
-526.957275390625 -234.3703765869141 159.00033569335938
-526.9515380859375 -235.32281494140625 158.87014770507812
-527.0557250976562 -236.29652404785156 158.6466064453125
-527.1359252929688 -237.22865295410156 158.299072265625
-527.1458740234375 -238.19403076171875 158.05027770996094
-527.1880493164062 -239.17794799804688 157.9730682373047
-527.0852661132812 -240.11131286621097 157.62075805664065
-527.0829467773438 -241.00274658203125 157.18116760253906
-527.050048828125 -242.0041961669922 157.0625762939453
-527.0736694335938 -242.97659301757812 157.011962890625
-526.78369140625 -243.89321899414065 157.14352416992188
-526.6633911132812 -244.85643005371097 157.01686096191406
-526.438720703125 -245.83203125 157.02618408203125
-526.5306396484375 -246.80487060546875 156.80360412597656
-526.599853515625 -247.80126953125 156.9369354248047
-526.6740112304688 -248.7814178466797 156.92684936523438
-526.4169921875 -249.74951171875 156.78927612304688
-526.53564453125 -250.701904296875 156.5249786376953
-526.702880859375 -251.6545867919922 156.59304809570312
-526.5509643554688 -252.62498474121097 156.41098022460938
-526.4407958984375 -253.60894775390625 156.2766571044922
-526.5826416015625 -254.6072235107422 156.2027130126953
-526.6131591796875 -255.58363342285156 156.02532958984375
-526.6427612304688 -256.595947265625 155.99635314941406
-526.9697265625 -257.4803771972656 155.6113739013672
-527.2233276367188 -258.4460754394531 155.4987335205078
-527.6856689453125 -259.2103576660156 155.05101013183594
-528.2454833984375 -259.9878234863281 154.77529907226565
-643.1398315429688 -239.1709442138672 233.6066741943359
-640.0308837890625 -240.2301788330078 234.9665374755859
-639.3640747070312 -240.7296600341797 235.0508270263672
-638.3101196289062 -241.1947479248047 235.23825073242188
-637.5100708007812 -241.68014526367188 235.56939697265625
-636.602783203125 -242.0050048828125 235.82928466796875
-635.676513671875 -242.333740234375 235.96893310546875
-634.7617797851562 -242.7284698486328 236.0779266357422
-633.8458862304688 -243.02780151367188 236.3219757080078
-632.8851928710938 -243.3047332763672 236.38287353515625
-631.9024658203125 -243.49671936035156 236.40235900878903
-630.9120483398438 -243.55059814453125 236.40643310546875
-629.9244384765625 -243.7379150390625 236.4229431152344
-628.9452514648438 -243.9132843017578 236.4965057373047
-627.9500732421875 -244.00694274902344 236.5648651123047
-626.9494018554688 -243.90838623046875 236.547119140625
-625.9838256835938 -243.7138214111328 236.5608062744141
-625.0030517578125 -243.9139862060547 236.352294921875
-624.0234375 -243.8054962158203 236.1597137451172
-623.032958984375 -243.8864593505859 236.10597229003903
-622.0479736328125 -244.0681915283203 236.02040100097656
-621.0794677734375 -244.00131225585935 235.77981567382812
-620.0781860351562 -244.1008453369141 235.6912078857422
-619.0975341796875 -244.0916748046875 235.61782836914065
-618.1242065429688 -243.93753051757812 235.4583282470703
-617.1397094726562 -243.97569274902344 235.2704620361328
-616.1421508789062 -243.92660522460935 235.18728637695312
-615.1476440429688 -243.9798126220703 235.09353637695312
-614.1590576171875 -244.01600646972656 234.9184112548828
-613.1915283203125 -243.94793701171875 234.669189453125
-612.2186889648438 -244.05410766601565 234.4470367431641
-611.2474365234375 -244.08950805664065 234.2813262939453
-610.2931518554688 -243.92425537109375 234.02322387695312
-609.344482421875 -244.0730438232422 233.7336883544922
-608.3966064453125 -244.06361389160156 233.43148803710935
-607.4540405273438 -244.13316345214844 233.0942840576172
-606.5352172851562 -244.31903076171875 232.7361602783203
-605.6201171875 -244.37075805664065 232.33102416992188
-604.6802978515625 -244.51600646972656 232.01806640625
-603.7797241210938 -244.6530303955078 231.60769653320312
-602.8892211914062 -244.89599609375 231.2213897705078
-601.9728393554688 -245.07977294921875 230.8639678955078
-601.053466796875 -245.156494140625 230.4827117919922
-600.1239013671875 -245.2649688720703 230.13204956054688
-599.2000732421875 -245.2976531982422 229.74746704101565
-598.2551879882812 -245.36416625976565 229.4260101318359
-597.3046875 -245.46823120117188 229.13136291503903
-596.3416137695312 -245.7006378173828 228.9846649169922
-595.360595703125 -245.7887725830078 228.8141326904297
-594.4009399414062 -245.87826538085935 228.52886962890625
-593.4252319335938 -245.9755401611328 228.352783203125
-592.4397583007812 -245.97897338867188 228.17752075195312
-591.4378051757812 -246.02542114257812 228.160888671875
-590.4754028320312 -246.1182098388672 227.917236328125
-589.5005493164062 -246.28012084960935 227.88671875
-588.5167846679688 -246.44308471679688 227.8218536376953
-587.5731811523438 -246.68936157226565 227.59751892089844
-586.6162109375 -246.9247589111328 227.41993713378903
-585.6619873046875 -247.1849822998047 227.3075714111328
-584.7251586914062 -247.4896240234375 227.13575744628903
-583.8328857421875 -247.9283447265625 227.13780212402344
-582.9197387695312 -248.31875610351565 226.97999572753903
-582.0704345703125 -248.84100341796875 226.97059631347656
-581.2648315429688 -249.42572021484375 226.91195678710935
-580.4320678710938 -249.97132873535156 226.78916931152344
-579.6104125976562 -250.54476928710935 226.85031127929688
-578.7492065429688 -251.0578765869141 226.90847778320312
-577.928955078125 -251.6262359619141 226.95297241210935
-577.1918334960938 -252.2996368408203 226.93972778320312
-576.5450439453125 -253.05958557128903 226.9922332763672
-575.8403930664062 -253.75648498535156 227.16311645507812
-575.0324096679688 -254.28067016601565 227.41864013671875
-574.2431640625 -254.9020843505859 227.50665283203125
-573.3715209960938 -255.40089416503903 227.53347778320312
-572.557373046875 -255.95846557617188 227.66134643554688
-571.6444702148438 -256.3604736328125 227.79945373535156
-570.8179931640625 -256.9190673828125 227.76463317871097
-569.8955688476562 -257.3074645996094 227.7834014892578
-569.02734375 -257.80487060546875 227.73577880859375
-568.06201171875 -258.0838623046875 227.71682739257812
-567.07763671875 -258.2170715332031 227.651611328125
-566.113525390625 -258.35784912109375 227.4375762939453
-565.142822265625 -258.4156188964844 227.240234375
-564.1949462890625 -258.3014831542969 226.9369659423828
-563.242919921875 -258.29364013671875 226.64291381835935
-562.2665405273438 -257.980712890625 226.5299835205078
-561.3167114257812 -257.7034606933594 226.4281005859375
-560.4320678710938 -257.32098388671875 226.18157958984375
-559.5114135742188 -256.9910583496094 225.9512634277344
-558.6554565429688 -256.5155334472656 225.75271606445312
-557.8919067382812 -256.0361633300781 225.3180389404297
-557.1555786132812 -255.42645263671875 225.0238800048828
-556.4456176757812 -254.7290802001953 224.83551025390625
-555.7215576171875 -254.2879638671875 224.3092803955078
-554.9492797851562 -253.7258148193359 224.0038299560547
-554.172119140625 -253.2669677734375 223.55960083007812
-553.58154296875 -252.57052612304688 223.1643524169922
-552.9359741210938 -251.89620971679688 222.8223876953125
-552.4505004882812 -251.29396057128903 222.2205047607422
-552.0759887695312 -250.43548583984375 221.83168029785156
-551.741943359375 -249.7472381591797 221.20947265625
-551.2719116210938 -249.05043029785156 220.67144775390625
-550.9452514648438 -248.24368286132812 220.2115478515625
-550.5531005859375 -247.65011596679688 219.48443603515625
-550.1256713867188 -246.86769104003903 219.03225708007812
-549.5362548828125 -246.4556579589844 218.33645629882812
-548.8419799804688 -245.9486541748047 217.81349182128903
-548.10498046875 -245.5256805419922 217.2851104736328
-547.4166259765625 -245.0251922607422 216.75814819335935
-546.7695922851562 -244.5408477783203 216.1739501953125
-546.0596923828125 -244.1809539794922 215.57101440429688
-545.3280029296875 -243.69725036621097 215.09222412109375
-544.563720703125 -243.3128204345703 214.57107543945312
-543.8448486328125 -243.01499938964844 213.94342041015625
-543.158203125 -242.50494384765625 213.40322875976565
-542.3013916015625 -242.13775634765625 213.04637145996097
-541.3744506835938 -241.9302215576172 212.7371826171875
-540.4608154296875 -241.6819305419922 212.4226837158203
-539.5975952148438 -241.3791351318359 212.02342224121097
-538.9192504882812 -240.86126708984375 211.50674438476565
-538.2755126953125 -240.5244903564453 210.8206787109375
-537.6182861328125 -240.02713012695312 210.25241088867188
-536.963134765625 -239.5793914794922 209.65382385253903
-536.39501953125 -239.19625854492188 208.9231414794922
-535.63916015625 -238.91476440429688 208.3341522216797
-534.923095703125 -238.48236083984375 207.78668212890625
-534.1484375 -237.99607849121097 207.4079132080078
-533.5018920898438 -237.69329833984375 206.69781494140625
-532.67626953125 -237.2869415283203 206.31394958496097
-531.9141845703125 -237.09268188476565 205.69720458984375
-531.1104125976562 -236.6822967529297 205.26451110839844
-530.5774536132812 -236.21742248535156 204.54910278320312
-529.9490356445312 -235.82000732421875 203.90235900878903
-529.2916259765625 -235.38194274902344 203.30409240722656
-528.5487060546875 -235.05831909179688 202.7185211181641
-527.8110961914062 -234.61941528320312 202.22869873046875
-527.1242065429688 -234.18055725097656 201.6496429443359
-526.5989379882812 -233.7864227294922 200.9597930908203
-525.8261108398438 -233.420654296875 200.3973388671875
-525.1812744140625 -233.00827026367188 199.76351928710935
-524.6502685546875 -232.55213928222656 199.04220581054688
-524.1100463867188 -232.2548828125 198.26612854003903
-523.633544921875 -231.70460510253903 197.58224487304688
-522.9793090820312 -231.20912170410156 197.03627014160156
-522.4537353515625 -230.6597442626953 196.4030914306641
-522.041259765625 -230.12451171875 195.6831817626953
-521.7074584960938 -229.7481384277344 194.8192596435547
-521.2239379882812 -229.29641723632812 194.0845642089844
-520.7704467773438 -228.808349609375 193.3489227294922
-520.3508911132812 -228.40786743164065 192.53721618652344
-520.2421875 -227.73794555664065 191.8029632568359
-519.8660888671875 -227.1907196044922 191.07069396972656
-519.52978515625 -226.66534423828125 190.29681396484375
-519.1043701171875 -226.27569580078125 189.4734344482422
-519.0623168945312 -225.7013397216797 188.6792449951172
-518.742431640625 -225.10496520996097 187.87652587890625
-518.99267578125 -224.751708984375 186.98590087890625
-518.9922485351562 -224.34336853027344 186.0863494873047
-519.1756591796875 -223.72369384765625 185.34103393554688
-519.1181640625 -223.18231201171875 184.48779296875
-519.4561157226562 -222.70176696777344 183.68069458007812
-519.7761840820312 -222.2615966796875 182.85353088378903
-520.0001831054688 -221.85855102539065 181.9960174560547
-520.2922973632812 -221.20787048339844 181.23146057128903
-520.571533203125 -220.8304901123047 180.36032104492188
-520.9757690429688 -220.2825469970703 179.61416625976565
-521.5136108398438 -219.9945068359375 178.80844116210938
-522.1336059570312 -220.02279663085935 178.1204833984375
-522.6917114257812 -219.88604736328125 177.33604431152344
-523.1796264648438 -219.6160888671875 176.56265258789065
-523.8052978515625 -219.25457763671875 175.87452697753906
-524.3884887695312 -218.9245147705078 175.1488037109375
-524.9840698242188 -218.84730529785156 174.35888671875
-525.5159301757812 -218.87596130371097 173.51490783691406
-525.9822387695312 -218.8433532714844 172.6341552734375
-526.6375122070312 -218.87127685546875 171.8968963623047
-527.2401123046875 -218.49037170410156 171.1529541015625
-528.0331420898438 -218.5718994140625 170.58338928222656
-528.7294921875 -218.75161743164065 169.89422607421875
-529.4212646484375 -218.92189025878903 169.2252655029297
-530.1980590820312 -218.96237182617188 168.6031494140625
-530.7843017578125 -218.8374786376953 167.8150634765625
-531.5846557617188 -218.9288787841797 167.23519897460938
-532.2661743164062 -219.1731109619141 166.55738830566406
-533.1619262695312 -219.3118133544922 166.1382293701172
-533.8680419921875 -219.73126220703125 165.6118927001953
-534.5925903320312 -219.9289703369141 164.9755096435547
-535.4548950195312 -220.08494567871097 164.49639892578125
-536.2646484375 -220.44964599609375 164.06031799316406
-537.044921875 -220.75482177734375 163.50592041015625
-537.790771484375 -221.2891387939453 163.14747619628906
-538.5151977539062 -221.6109161376953 162.52658081054688
-539.2944946289062 -222.03778076171875 162.13299560546875
-540.1019287109375 -222.304443359375 161.67088317871094
-540.8175659179688 -222.8620452880859 161.26275634765625
-541.6808471679688 -223.3606109619141 161.20803833007812
-542.5120849609375 -223.7987823486328 160.8475799560547
-543.1550903320312 -224.40353393554688 160.3978271484375
-543.8916625976562 -224.8848419189453 159.93435668945312
-544.654296875 -225.41844177246097 159.57785034179688
-545.3786010742188 -226.04708862304688 159.4217529296875
-546.1399536132812 -226.63731384277344 159.1584014892578
-546.796630859375 -227.28781127929688 158.8145294189453
-547.4432983398438 -228.02149963378903 158.75599670410156
-548.085693359375 -228.6900177001953 158.45750427246094
-548.7902221679688 -229.38796997070312 158.31544494628906
-549.3178100585938 -230.1729736328125 158.01840209960938
-549.8271484375 -231.0103759765625 157.9283447265625
-550.4800415039062 -231.68081665039065 157.55723571777344
-550.9603271484375 -232.47543334960935 157.22470092773438
-551.4392700195312 -233.33676147460935 157.0433807373047
-552.0531005859375 -234.1397247314453 157.02969360351565
-552.4529418945312 -235.00662231445312 156.76693725585938
-552.97216796875 -235.84124755859375 157.00375366210938
-553.483154296875 -236.6654052734375 156.83102416992188
-554.0382080078125 -237.5137939453125 156.8423309326172
-554.4439697265625 -238.41880798339844 156.7761993408203
-554.8771362304688 -239.29437255859375 156.6303253173828
-554.9610595703125 -240.296630859375 156.62887573242188
-555.3394775390625 -241.1934356689453 156.45907592773438
-555.658447265625 -242.13807678222656 156.38368225097656
-555.8673095703125 -243.07302856445312 156.19711303710938
-555.9087524414062 -244.05995178222656 156.15576171875
-556.03955078125 -245.05764770507812 156.18914794921875
-556.2616577148438 -245.9668731689453 155.84519958496094
-556.3311767578125 -246.92581176757812 155.94268798828125
-556.51708984375 -247.872314453125 156.1863555908203
-556.4336547851562 -248.8604736328125 156.02975463867188
-556.29833984375 -249.83270263671875 156.00250244140625
-556.5468139648438 -250.8211212158203 155.956298828125
-556.4395751953125 -251.7770538330078 155.71873474121094
-556.3905639648438 -252.76931762695312 155.82481384277344
-556.3759765625 -253.7382049560547 156.06378173828125
-556.5413818359375 -254.7140960693359 156.20433044433594
-556.5081176757812 -255.68064880371097 155.95010375976565
-556.5079956054688 -256.66693115234375 156.19190979003906
-556.4154052734375 -257.7888488769531 156.37393188476565
-556.4619750976562 -258.597900390625 155.9629669189453
-677.5675048828125 -226.71026611328125 261.2992858886719
-680.766357421875 -226.59494018554688 261.38323974609375
-681.6978149414062 -226.70416259765625 261.040771484375
-682.59130859375 -226.6470184326172 260.54364013671875
-683.5263671875 -226.5896148681641 260.1682434082031
-684.5172119140625 -226.56204223632812 259.9879455566406
-685.5171508789062 -226.60365295410156 259.8851623535156
-686.4896240234375 -226.53823852539065 259.664306640625
-687.453857421875 -226.3497314453125 259.41650390625
-688.4521484375 -226.40475463867188 259.30059814453125
-689.4574584960938 -226.34048461914065 259.24066162109375
-690.4662475585938 -226.26321411132812 259.2168273925781
-691.4713134765625 -226.317626953125 259.1786193847656
-692.4730834960938 -226.37823486328125 259.2171325683594
-693.4744873046875 -226.47361755371097 259.2296447753906
-694.4772338867188 -226.50531005859375 259.1306457519531
-695.4688110351562 -226.661865234375 259.052490234375
-696.4692993164062 -226.6857757568359 258.9073486328125
-697.4688110351562 -226.70713806152344 258.8898010253906
-698.4627685546875 -226.88177490234375 258.888671875
-699.4641723632812 -226.9881591796875 258.8714599609375
-700.4653930664062 -226.9571075439453 258.909423828125
-701.4684448242188 -226.98487854003903 259.0466003417969
-702.4737548828125 -227.0425720214844 259.05517578125
-703.4644165039062 -227.06124877929688 259.2012634277344
-704.4556884765625 -227.0021209716797 259.4217834472656
-705.4611206054688 -226.97930908203125 259.4682312011719
-706.4696655273438 -226.9961395263672 259.46136474609375
-707.4755859375 -227.05712890625 259.46209716796875
-708.4794311523438 -227.0580291748047 259.4805908203125
-709.4735717773438 -226.96038818359375 259.6378173828125
-710.4710083007812 -226.992919921875 259.77716064453125
-711.4728393554688 -227.03646850585935 259.8784484863281
-712.4616088867188 -227.13836669921875 260.0322570800781
-713.462646484375 -227.2073974609375 260.1237487792969
-714.451904296875 -227.37594604492188 260.202880859375
-715.4135131835938 -227.647705078125 260.33905029296875
-716.38037109375 -227.9287109375 260.3338317871094
-717.3721313476562 -228.1094970703125 260.33453369140625
-718.3488159179688 -228.3183135986328 260.4668273925781
-719.3221435546875 -228.55189514160156 260.5863342285156
-720.30712890625 -228.7560577392578 260.6641540527344
-721.29443359375 -228.86285400390625 260.8218994140625
-722.2825317382812 -228.98960876464844 260.9501647949219
-723.2626342773438 -229.22000122070312 260.9866943359375
-724.2341918945312 -229.39988708496097 261.1972351074219
-725.2163696289062 -229.58984375 261.301513671875
-726.18017578125 -229.84829711914065 261.43328857421875
-727.1133422851562 -230.212646484375 261.553466796875
-728.0411987304688 -230.5519561767578 261.7367858886719
-729.007080078125 -230.78237915039065 261.9110412597656
-729.9796142578125 -231.01963806152344 262.0328369140625
-730.91259765625 -231.361328125 262.191650390625
-731.8560791015625 -231.67930603027344 262.3465881347656
-732.8287963867188 -231.93869018554688 262.365478515625
-733.7840576171875 -232.2433319091797 262.4495849609375
-734.7335815429688 -232.57208251953125 262.4956359863281
-735.6892700195312 -232.8903961181641 262.4149169921875
-736.6427612304688 -233.20944213867188 262.39959716796875
-737.6052856445312 -233.4983367919922 262.46636962890625
-738.6031494140625 -233.64700317382812 262.39520263671875
-739.6067504882812 -233.7416229248047 262.308349609375
-740.5717163085938 -233.96420288085935 262.407958984375
-741.5075073242188 -234.30453491210935 262.57696533203125
-742.44873046875 -234.59945678710935 262.7911071777344
-743.3931274414062 -234.9235076904297 262.8818054199219
-744.3460693359375 -235.22772216796875 262.9266662597656
-745.3138427734375 -235.44821166992188 263.1264953613281
-746.2798461914062 -235.70587158203125 263.26416015625
-747.2086791992188 -236.0954437255859 263.26776123046875
-748.1820068359375 -236.3262634277344 263.3237609863281
-749.1516723632812 -236.5901336669922 263.3828125
-750.1216430664062 -236.8714599609375 263.431396484375
-751.0758056640625 -237.18553161621097 263.4186706542969
-752.0197143554688 -237.53404235839844 263.4320068359375
-753.0042724609375 -237.74755859375 263.4715270996094
-753.997802734375 -237.90155029296875 263.5505676269531
-754.9446411132812 -238.22799682617188 263.6305847167969
-755.8848876953125 -238.5892333984375 263.68719482421875
-756.8562622070312 -238.85113525390625 263.7697448730469
-757.8206787109375 -239.1267547607422 263.8011779785156
-758.7276000976562 -239.53884887695312 263.81024169921875
-759.6456298828125 -239.92510986328125 263.80181884765625
-760.5962524414062 -240.24180603027344 263.87286376953125
-761.520263671875 -240.56283569335935 263.9506530761719
-766.6417846679688 -242.2191619873047 263.65631103515625
-766.6417846679688 -242.2191619873047 263.65631103515625
-773.1370239257812 -244.11085510253903 263.8706359863281
-774.6406860351562 -244.34193420410156 263.8101806640625
-778.1099243164062 -244.69093322753903 264.15142822265625
-778.1099243164062 -244.69093322753903 264.15142822265625
-781.021484375 -239.04296875 262.4740295410156
-781.7631225585938 -238.3884735107422 262.3248596191406
-782.4696655273438 -237.68006896972656 262.1544189453125
-783.0186157226562 -236.86138916015625 261.9367980957031
-783.5933227539062 -236.04885864257812 261.7864685058594
-783.8935546875 -235.09738159179688 261.6410827636719
-784.1992797851562 -234.1515960693359 261.4450988769531
-784.3328247070312 -233.1658477783203 261.341064453125
-784.5150146484375 -232.19822692871097 261.1230773925781
-784.4276733398438 -231.2060089111328 261.0205993652344
-784.1609497070312 -230.2317352294922 260.97259521484375
-783.8151245117188 -229.28500366210935 260.8952941894531
-783.3265380859375 -228.4071807861328 260.86322021484375
-782.74609375 -227.58042907714844 260.86846923828125
-782.2700805664062 -226.70986938476565 260.99591064453125
-781.7601928710938 -225.84898376464844 261.0794982910156
-781.1880493164062 -225.0142364501953 261.048095703125
-780.6310424804688 -224.2051239013672 261.2290954589844
-780.0225830078125 -223.4082946777344 261.32318115234375
-779.293701171875 -222.6911163330078 261.3152160644531
-778.7129516601562 -221.91163635253903 261.5428466796875
-778.084716796875 -221.14212036132812 261.6661071777344
-777.35400390625 -220.4500274658203 261.7738952636719
-776.5961303710938 -219.84683227539065 262.02593994140625
-775.841064453125 -219.2209320068359 262.2742614746094
-775.0911865234375 -218.61065673828125 262.531494140625
-774.2989501953125 -218.0232696533203 262.7511901855469
-773.5569458007812 -217.36126708984375 262.92291259765625
-772.7584228515625 -216.7966156005859 263.1636657714844
-771.9280395507812 -216.3078765869141 263.4530334472656
-771.1310424804688 -215.7660369873047 263.7515563964844
-770.263916015625 -215.29736328125 263.9573669433594
-769.4478149414062 -214.7717132568359 264.22576904296875
-768.5905151367188 -214.2930603027344 264.4570007324219
-767.7036743164062 -213.9071807861328 264.7488098144531
-766.8222045898438 -213.4943389892578 264.9944152832031
-765.9413452148438 -213.03790283203125 265.2970886230469
-765.01171875 -212.84242248535156 265.6445617675781
-764.0269775390625 -212.88917541503903 265.838134765625
-763.0882568359375 -212.6094970703125 266.0531921386719
-762.2343139648438 -212.1402130126953 266.3695373535156
-761.3338623046875 -211.79098510742188 266.54248046875
-760.3314819335938 -211.7404327392578 266.5195007324219
-759.322998046875 -211.74905395507812 266.6120910644531
-758.3233642578125 -211.6015167236328 266.67950439453125
-757.358154296875 -211.29408264160156 266.6858825683594
-756.364013671875 -211.1571502685547 266.68255615234375
-755.3718872070312 -211.0176696777344 266.62548828125
-754.3560791015625 -210.84127807617188 266.5576171875
-753.4640502929688 -210.8726806640625 266.3556823730469
-752.4435424804688 -210.88937377929688 266.1883544921875
-749.4073486328125 -211.15557861328125 265.0299377441406
-749.4073486328125 -211.15557861328125 265.0299377441406
-745.5234985351562 -211.30551147460935 264.17864990234375
-744.4761352539062 -211.3883514404297 264.0052795410156
-743.5180053710938 -211.5763397216797 264.04864501953125
-742.4838256835938 -211.6712646484375 264.00665283203125
-741.4656982421875 -211.71514892578125 263.98846435546875
-740.454345703125 -211.87905883789065 264.0678405761719
-739.4468994140625 -211.99349975585935 264.06463623046875
-738.4280395507812 -212.034912109375 263.89447021484375
-737.4429321289062 -212.0323181152344 263.6199645996094
-736.4673461914062 -212.13674926757812 263.34173583984375
-735.4666748046875 -212.25827026367188 263.1388244628906
-734.5230102539062 -212.5568695068359 262.8699035644531
-733.5419311523438 -212.76272583007812 262.7795104980469
-732.536376953125 -212.7590179443359 262.5349426269531
-731.5316162109375 -212.8859710693359 262.39422607421875
-730.5774536132812 -213.02508544921875 262.0403137207031
-729.5951538085938 -213.2965087890625 261.9439392089844
-728.60205078125 -213.4743804931641 261.74053955078125
-727.596923828125 -213.46681213378903 261.7971496582031
-726.566650390625 -213.46615600585935 261.52716064453125
-725.59765625 -213.63278198242188 261.47039794921875
-724.4552612304688 -213.74139404296875 261.25738525390625
-724.4552612304688 -213.74139404296875 261.25738525390625
-723.1952514648438 -214.62498474121097 259.9457092285156
-722.3507690429688 -214.8912048339844 259.4565734863281
-721.4063110351562 -215.12582397460935 259.0890808105469
-720.468994140625 -215.2744598388672 258.7229919433594
-719.49462890625 -215.59031677246097 258.5029602050781
-718.5477905273438 -215.826171875 258.1912841796875
-717.560791015625 -215.85414123535156 257.885986328125
-716.5641479492188 -215.91310119628903 257.6300354003906
-715.5979614257812 -215.859619140625 257.2821044921875
-714.5796508789062 -215.99664306640625 257.1516418457031
-713.5904541015625 -216.0429229736328 256.8775329589844
-712.563232421875 -216.08743286132812 256.7715759277344
-711.5465087890625 -216.1333923339844 256.6052551269531
-710.5440673828125 -216.2152099609375 256.3771667480469
-709.5402221679688 -216.3544921875 256.2835388183594
-708.5113525390625 -216.39895629882812 256.33905029296875
-707.5030517578125 -216.46221923828125 256.25164794921875
-706.4953002929688 -216.51800537109375 256.0928039550781
-705.4610595703125 -216.4541778564453 256.070556640625
-704.4894409179688 -216.8854827880859 256.1298828125
-703.5233764648438 -216.7418212890625 256.2386779785156
-702.3482055664062 -216.40673828125 256.4092712402344
-701.591064453125 -216.42282104492188 256.4710693359375
-700.4778442382812 -216.3157196044922 256.44854736328125
-700.4778442382812 -216.3157196044922 256.44854736328125
-699.3861083984375 -216.4229431152344 255.1125335693359
-698.6357421875 -216.4505157470703 254.74331665039065
-697.5316772460938 -216.4774627685547 254.25445556640625
-696.5946655273438 -216.51144409179688 253.9405059814453
-695.6285400390625 -216.5017547607422 253.65859985351565
-694.6311645507812 -216.6395721435547 253.5074157714844
-693.6239013671875 -216.5667266845703 253.4239196777344
-692.6351928710938 -216.544677734375 253.504638671875
-691.649169921875 -216.7486572265625 253.4927673339844
-690.66943359375 -216.93409729003903 253.31631469726565
-689.6817016601562 -217.1237640380859 253.22109985351565
-688.6853637695312 -217.17958068847656 253.0775604248047
-687.6865844726562 -217.3054656982422 252.9854431152344
-686.6881713867188 -217.3985137939453 252.89857482910156
-685.7054443359375 -217.5459899902344 252.84521484375
-684.7105102539062 -217.44659423828125 252.6892242431641
-683.6888427734375 -217.30667114257812 252.66671752929688
-682.7938842773438 -217.59559631347656 252.6464385986328
-681.8458251953125 -217.76087951660156 252.4677734375
-680.8929443359375 -217.5771484375 252.3206787109375
-679.9862060546875 -217.33102416992188 252.58021545410156
-679.1204833984375 -217.5818023681641 253.144287109375
-678.1808471679688 -217.5200653076172 253.2713623046875
-677.2553100585938 -217.3099822998047 253.0155487060547
-676.43115234375 -216.9766845703125 252.5275726318359
-675.4278564453125 -216.9874267578125 252.47381591796875
-674.3898315429688 -216.96548461914065 252.42364501953125
-673.445556640625 -216.7771453857422 252.6620635986328
-672.4335327148438 -216.7595977783203 252.68081665039065
-671.44482421875 -216.6220703125 252.6096343994141
-670.4511108398438 -216.509033203125 252.7283935546875
-669.4609985351562 -216.60792541503903 253.0110321044922
-668.494873046875 -216.5292205810547 253.017822265625
-667.5482788085938 -216.19937133789065 252.8613739013672
-666.549560546875 -216.05503845214844 252.98287963867188
-665.55810546875 -216.11366271972656 253.11834716796875
-664.5541381835938 -216.05992126464844 253.1291046142578
-663.5582275390625 -215.92849731445312 253.12289428710935
-662.572021484375 -215.7445526123047 253.23867797851565
-661.5986328125 -215.56341552734375 253.36746215820312
-660.5849609375 -215.6048583984375 253.40267944335935
-659.5709838867188 -215.54739379882812 253.42849731445312
-658.5738525390625 -215.58872985839844 253.5330047607422
-657.5491943359375 -215.60923767089844 253.58645629882812
-656.5792846679688 -215.50439453125 253.39097595214844
-655.5947875976562 -215.35971069335935 253.25189208984375
-654.6011352539062 -215.33334350585935 253.4312438964844
-653.676025390625 -215.3213348388672 253.6482391357422
-652.6993408203125 -215.12754821777344 253.91690063476565
-651.70166015625 -215.1426544189453 253.98597717285156
-650.7179565429688 -215.1780548095703 253.94552612304688
-649.7261962890625 -215.1159820556641 254.03530883789065
-648.7725830078125 -214.76597595214844 254.1812438964844
-647.884765625 -215.01254272460935 254.45506286621097
-646.9368896484375 -214.9363250732422 254.78456115722656
-645.9695434570312 -214.8213348388672 254.9413299560547
-644.9812622070312 -214.7756195068359 255.0680694580078
-643.970458984375 -214.7781219482422 255.14190673828125
-643.0931396484375 -214.71661376953125 255.6193389892578
-642.1234741210938 -214.5796661376953 255.85838317871097
-641.2967529296875 -214.13381958007812 256.2135314941406
-640.2891235351562 -214.03506469726565 256.3586120605469
-639.3441162109375 -213.96388244628903 256.6896057128906
-638.6636352539062 -213.7605438232422 257.3291320800781
-638.2423095703125 -213.2352294921875 258.0161437988281
-700.4778442382812 -216.3157196044922 256.44854736328125
-699.1646118164062 -215.93995666503903 257.9659423828125
-698.3236694335938 -215.6662445068359 258.48492431640625
-697.467041015625 -215.596923828125 258.9068603515625
-696.5216674804688 -215.42494201660156 259.101318359375
-695.5797729492188 -215.57159423828125 259.4561462402344
-694.6109008789062 -215.34689331054688 259.5459899902344
-693.622802734375 -215.40982055664065 259.2932434082031
-692.7134399414062 -215.5467529296875 258.9585266113281
-691.7135009765625 -215.43797302246097 259.0307922363281
-690.717041015625 -215.44943237304688 259.0352478027344
-689.7266235351562 -215.66873168945312 258.92803955078125
-688.7616577148438 -215.73573303222656 258.9107666015625
-687.7747802734375 -215.6330108642578 258.8838195800781
-686.7753295898438 -215.7184906005859 258.8411865234375
-685.7774047851562 -215.75125122070312 258.832763671875
-684.7974853515625 -215.93106079101565 258.8243713378906
-683.8007202148438 -216.12315368652344 258.8149108886719
-682.8251342773438 -216.00076293945312 258.7239685058594
-681.8276977539062 -216.02980041503903 258.6368713378906
-680.8776245117188 -216.33250427246097 258.60174560546875
-679.922607421875 -216.6328582763672 258.68359375
-678.95166015625 -216.81588745117188 258.87713623046875
-677.9780883789062 -217.0322265625 258.88372802734375
-677.029052734375 -217.27455139160156 258.712890625
-676.0382080078125 -217.42860412597656 258.68914794921875
-675.0706176757812 -217.64549255371097 258.5151672363281
-674.1029052734375 -217.84747314453125 258.4799499511719
-673.1710815429688 -218.18984985351565 258.5337219238281
-672.3154907226562 -218.69906616210935 258.48663330078125
-671.39697265625 -219.08604431152344 258.5265808105469
-670.4813232421875 -219.47506713867188 258.5581359863281
-669.55029296875 -219.8081817626953 258.6259460449219
-668.65185546875 -220.24978637695312 258.7356262207031
-667.7021484375 -220.4205017089844 259.0423278808594
-666.7589721679688 -220.71043395996097 259.1504821777344
-665.7810668945312 -220.8806610107422 259.2452697753906
-664.78173828125 -220.95323181152344 259.19842529296875
-663.8239135742188 -221.08018493652344 259.42901611328125
-662.887451171875 -221.43690490722656 259.4729309082031
-661.9003295898438 -221.59866333007812 259.5871276855469
-660.9425659179688 -221.87136840820312 259.6159362792969
-659.9649047851562 -222.05918884277344 259.75604248046875
-659.0548095703125 -222.38424682617188 260.0123596191406
-658.072509765625 -222.38145446777344 260.2131652832031
-657.1356811523438 -222.6061859130859 260.4468994140625
-656.145263671875 -222.6708984375 260.526611328125
-655.1746215820312 -222.8547210693359 260.5901794433594
-654.256591796875 -223.16342163085935 260.87762451171875
-653.3219604492188 -223.42935180664065 261.1054992675781
-652.331787109375 -223.42654418945312 261.2718200683594
-651.3604125976562 -223.4927673339844 261.4911804199219
-650.36474609375 -223.5549774169922 261.5777893066406
-649.4027099609375 -223.5845184326172 261.64764404296875
-648.4530029296875 -223.5828857421875 261.9620361328125
-647.4723510742188 -223.549560546875 262.15875244140625
-646.4838256835938 -223.59730529785156 262.2884216308594
-645.5105590820312 -223.531982421875 262.51409912109375
-644.51904296875 -223.66278076171875 262.6430969238281
-643.5556030273438 -223.8583984375 262.7723083496094
-642.5491943359375 -223.87445068359375 262.9488525390625
-641.5861206054688 -224.06298828125 263.0048522949219
-640.5885620117188 -224.0685272216797 263.1047668457031
-639.646240234375 -224.08587646484375 263.3738098144531
-638.6836547851562 -224.05706787109375 263.58477783203125
-637.6864013671875 -223.99378967285156 263.7005920410156
-636.7128295898438 -224.1284942626953 263.9330139160156
-635.7486572265625 -223.96429443359375 264.1826477050781
-634.7863159179688 -223.8631134033203 264.4191589355469
-633.8077392578125 -223.77305603027344 264.41558837890625
-632.8974609375 -223.531982421875 264.74359130859375
-631.9652099609375 -223.1385040283203 264.682861328125
-724.4552612304688 -213.74139404296875 261.25738525390625
-722.8912353515625 -212.82188415527344 262.47161865234375
-722.0592651367188 -212.51321411132812 262.9325866699219
-721.1486206054688 -212.17758178710935 263.1540222167969
-720.36572265625 -211.7865753173828 263.6564636230469
-719.4982299804688 -211.4069671630859 263.9680480957031
-718.533935546875 -211.14468383789065 264.0702819824219
-717.6690063476562 -210.7370452880859 264.31671142578125
-716.732177734375 -210.44151306152344 264.4938049316406
-715.76025390625 -210.226318359375 264.4888916015625
-714.8284912109375 -209.8533935546875 264.4048156738281
-713.8692626953125 -209.580322265625 264.4927062988281
-712.9578857421875 -209.1877593994141 264.35626220703125
-711.9949340820312 -208.9197235107422 264.489013671875
-711.0397338867188 -208.6135406494141 264.4890441894531
-710.0535278320312 -208.41497802734375 264.52593994140625
-709.08837890625 -208.43841552734375 264.713623046875
-708.113037109375 -208.2783966064453 264.8031921386719
-707.178466796875 -208.0069580078125 265.065185546875
-706.26904296875 -207.69094848632812 265.3578796386719
-705.2847900390625 -207.6106414794922 265.5101318359375
-704.3547973632812 -207.41455078125 265.8049621582031
-703.4274291992188 -207.488525390625 266.18084716796875
-702.4476928710938 -207.443359375 266.3746643066406
-701.53564453125 -207.5733642578125 266.7142333984375
-700.59716796875 -207.4547119140625 267.0501708984375
-699.6046142578125 -207.38601684570312 267.1851501464844
-698.7211303710938 -207.2004547119141 267.5562438964844
-697.8137817382812 -206.9130401611328 267.7607116699219
-696.88232421875 -206.8488311767578 268.0931396484375
-695.990234375 -206.5107421875 268.30426025390625
-695.1168823242188 -206.17794799804688 268.665771484375
-694.2435913085938 -205.7677459716797 268.8634948730469
-693.385986328125 -205.40655517578125 269.1297607421875
-692.4575805664062 -205.096923828125 269.3128662109375
-691.5738525390625 -204.873779296875 269.7163391113281
-690.65576171875 -204.6837158203125 269.9591064453125
-689.8152465820312 -204.4348602294922 270.31671142578125
-688.9344482421875 -204.4239501953125 270.81085205078125
-687.9535522460938 -204.3566741943359 270.98358154296875
-687.0354614257812 -204.3596649169922 271.3787536621094
-686.1128540039062 -204.20913696289065 271.74267578125
-685.1974487304688 -204.0806579589844 272.08154296875
-684.2980346679688 -204.18972778320312 272.5143127441406
-683.3223876953125 -204.34896850585935 272.6893005371094
-682.3984985351562 -204.4320831298828 273.0553894042969
-681.4927368164062 -204.53128051757812 273.46826171875
-680.527587890625 -204.59896850585935 273.7065734863281
-679.5797729492188 -204.7067718505859 274.0237121582031
-678.6766357421875 -205.01087951660156 274.3287353515625
-677.7786254882812 -205.265380859375 274.68963623046875
-676.9441528320312 -205.68557739257812 275.05889892578125
-676.0419921875 -205.83018493652344 275.48016357421875
-675.0991821289062 -206.03634643554688 275.7382507324219
-674.1516723632812 -206.1496124267578 276.03619384765625
-673.2088012695312 -206.31333923339844 276.2547912597656
-672.2723999023438 -206.5324859619141 276.4590148925781
-671.3932495117188 -206.81851196289065 276.829833984375
-670.5364379882812 -207.13723754882812 277.2574157714844
-669.5989990234375 -207.3006591796875 277.5684814453125
-668.6204223632812 -207.5042724609375 277.6390075683594
-667.66455078125 -207.6045684814453 277.8953552246094
-666.7609252929688 -207.7458343505859 278.3446350097656
-665.8626098632812 -208.08035278320312 278.57562255859375
-665.015380859375 -208.251953125 279.15203857421875
-664.1300048828125 -208.4355926513672 279.54986572265625
-663.1893310546875 -208.63316345214844 279.8124694824219
-662.2565307617188 -208.8407745361328 280.1327819824219
-661.3971557617188 -208.87120056152344 280.6367492675781
-660.4321899414062 -209.07247924804688 280.84808349609375
-659.4967651367188 -209.2433319091797 281.1116943359375
-658.5953369140625 -209.56838989257812 281.4035339355469
-657.812255859375 -209.6133270263672 281.9898986816406
-656.97705078125 -209.94009399414065 282.33685302734375
-656.1011352539062 -209.9519805908203 282.8596496582031
-655.2560424804688 -209.99105834960935 283.4189147949219
-654.43408203125 -210.26358032226565 283.9034423828125
-653.5911254882812 -210.61415100097656 284.3174743652344
-652.7945556640625 -210.820068359375 284.87811279296875
-652.0114135742188 -210.92025756835935 285.4587097167969
-651.1115112304688 -211.04580688476565 285.8797302246094
-650.2599487304688 -210.8167266845703 286.3966369628906
-649.6543579101562 -210.79324340820312 287.15362548828125
-648.9493408203125 -211.1023101806641 287.82330322265625
-648.2739868164062 -211.27444458007812 288.52984619140625
-647.6549682617188 -211.63099670410156 289.2018127441406
-647.11279296875 -211.89344787597656 289.9873046875
-646.4129028320312 -211.902587890625 290.7124328613281
-645.6386108398438 -212.1164703369141 291.33477783203125
-644.9385375976562 -211.9142608642578 291.9895935058594
-644.2720336914062 -212.0858917236328 292.7196960449219
-643.7650146484375 -212.12472534179688 293.6006164550781
-643.2042236328125 -212.4066925048828 294.38800048828125
-642.807373046875 -212.80567932128903 295.20513916015625
-642.4301147460938 -213.05747985839844 296.0838928222656
-641.9310302734375 -213.0215759277344 296.9687194824219
-641.595703125 -213.10301208496097 297.8667907714844
-641.2587890625 -213.0871429443359 298.79461669921875
-640.6961669921875 -213.26609802246097 299.6201171875
-640.5590209960938 -213.48849487304688 300.57550048828125
-640.4442749023438 -213.5878143310547 301.5591735839844
-640.1543579101562 -213.81869506835935 302.4942321777344
-639.9782104492188 -213.8642120361328 303.4618225097656
-639.8765258789062 -214.0666046142578 304.4337463378906
-639.5375366210938 -214.13201904296875 305.377197265625
-639.5278930664062 -214.4708709716797 306.3219909667969
-639.6869506835938 -214.8101501464844 307.250244140625
-639.8521728515625 -214.9748077392578 308.2304992675781
-640.0636596679688 -215.13661193847656 309.21588134765625
-640.2102661132812 -214.84811401367188 310.1424865722656
-778.1099243164062 -244.69093322753903 264.15142822265625
-781.9176025390625 -246.34854125976565 265.0024108886719
-783.0350341796875 -246.5889434814453 264.8538818359375
-784.18994140625 -246.80775451660156 264.67181396484375
-785.3369140625 -246.89979553222656 264.64349365234375
-786.5306396484375 -246.95204162597656 264.67120361328125
-790.7509155273438 -246.636962890625 264.490234375
-790.7509155273438 -246.636962890625 264.490234375
-793.605224609375 -241.27674865722656 262.2350158691406
-794.2041625976562 -240.4812774658203 262.0576171875
-794.6197509765625 -239.67149353027344 261.7142333984375
-794.6295776367188 -238.63072204589844 261.4719543457031
-794.6297607421875 -237.56304931640625 261.35357666015625
-794.9434204101562 -236.6603851318359 261.0332946777344
-795.3759765625 -235.7974853515625 260.69830322265625
-795.8480834960938 -234.93077087402344 260.4539794921875
-796.2632446289062 -234.09707641601565 260.04681396484375
-796.7127075195312 -233.21238708496097 259.79107666015625
-797.230712890625 -232.37600708007812 259.5422668457031
-797.8924560546875 -231.6937713623047 259.1737060546875
-798.5424194335938 -230.99424743652344 258.82110595703125
-799.17822265625 -230.2635498046875 258.50238037109375
-799.8255615234375 -229.5867156982422 258.1058044433594
-800.54443359375 -228.96885681152344 257.74786376953125
-801.3080444335938 -228.42129516601565 257.3634033203125
-802.1112060546875 -227.98776245117188 256.9330749511719
-802.9257202148438 -227.49720764160156 256.59808349609375
-803.7301025390625 -227.10662841796875 256.1712951660156
-804.6551513671875 -226.74920654296875 255.84719848632812
-806.2764282226562 -226.13682556152344 255.0771942138672
-806.2764282226562 -226.13682556152344 255.0771942138672
-806.8729858398438 -224.36062622070312 252.35202026367188
-807.0418090820312 -223.8898162841797 251.43365478515625
-806.9503784179688 -223.1889190673828 250.71824645996097
-806.759521484375 -222.78807067871097 249.8089141845703
-806.5420532226562 -222.2505340576172 248.98236083984375
-806.2969970703125 -221.716796875 248.14834594726565
-805.9037475585938 -221.24234008789065 247.3773193359375
-805.1619262695312 -220.96450805664065 246.6957244873047
-804.6121215820312 -220.66455078125 245.9126739501953
-803.9483642578125 -220.3004913330078 245.20431518554688
-803.2770385742188 -220.19586181640625 244.4435577392578
-802.6131591796875 -219.98570251464844 243.7012634277344
-801.16552734375 -219.4888153076172 242.2590789794922
-801.16552734375 -219.4888153076172 242.2590789794922
-800.8907470703125 -219.6875457763672 240.44778442382812
-800.4205322265625 -219.7129821777344 239.47015380859375
-800.2075805664062 -219.6944580078125 238.2506561279297
-799.8936767578125 -219.501953125 236.54483032226565
-799.8936767578125 -219.501953125 236.54483032226565
-800.4755249023438 -220.12823486328125 235.11968994140625
-800.4810791015625 -220.45953369140625 234.06065368652344
-800.4752807617188 -220.7688751220703 233.0009002685547
-800.2584838867188 -221.17257690429688 231.97903442382812
-799.8186645507812 -221.54986572265625 231.00460815429688
-799.7106323242188 -221.9198455810547 229.9650726318359
-799.6397094726562 -222.24069213867188 228.89491271972656
-799.361083984375 -222.7126617431641 227.94732666015625
-798.87744140625 -223.05772399902344 226.88906860351565
-798.87744140625 -223.05772399902344 226.88906860351565
-797.5521850585938 -222.8936004638672 225.8413543701172
-796.8692626953125 -222.72610473632812 225.02691650390625
-795.9878540039062 -222.6109313964844 224.53135681152344
-795.111083984375 -222.3482360839844 224.0083770751953
-794.1881103515625 -222.09507751464844 223.66229248046875
-793.3607177734375 -221.9794921875 223.3160858154297
-793.3607177734375 -221.9794921875 223.3160858154297
-791.5733032226562 -222.44479370117188 223.9403076171875
-790.6249389648438 -222.52783203125 224.26904296875
-789.6369018554688 -222.46209716796875 224.45425415039065
-788.6795043945312 -222.29574584960935 224.66110229492188
-787.7132568359375 -222.21153259277344 224.92803955078125
-786.7446899414062 -222.00521850585935 225.0983734130859
-785.7694091796875 -221.78762817382812 225.2124481201172
-784.7930908203125 -221.6510009765625 225.3773651123047
-783.8153076171875 -221.6193695068359 225.5701141357422
-782.814453125 -221.58238220214844 225.64097595214844
-781.828369140625 -221.6520538330078 225.8020477294922
-780.8861694335938 -221.628662109375 226.1973571777344
-779.9628295898438 -221.4977569580078 226.51161193847656
-779.011474609375 -221.3782501220703 226.80702209472656
-778.0992431640625 -221.08001708984375 227.0669403076172
-777.1370239257812 -221.05502319335935 227.3753204345703
-776.2626953125 -220.87332153320312 227.79412841796875
-775.2916259765625 -220.7370147705078 227.99880981445312
-774.3843383789062 -220.62046813964844 228.42005920410156
-773.4312133789062 -220.51893615722656 228.720947265625
-772.4946899414062 -220.5183258056641 229.0521240234375
-771.5179443359375 -220.4434356689453 229.289306640625
-770.6453247070312 -220.5411071777344 229.8314666748047
-769.728271484375 -220.36878967285156 230.15411376953125
-768.7573852539062 -220.2493133544922 230.3866424560547
-767.7911376953125 -220.2382354736328 230.6731414794922
-766.8218383789062 -220.2050323486328 230.9287872314453
-765.9139404296875 -220.11471557617188 231.35560607910156
-764.9837646484375 -220.09634399414065 231.74942016601565
-764.0430297851562 -220.15765380859375 232.0537872314453
-763.0601196289062 -220.08001708984375 232.2415313720703
-762.1171264648438 -219.95570373535156 232.61883544921875
-761.2445678710938 -220.0487060546875 232.9044647216797
-760.4214477539062 -219.9279022216797 233.4066619873047
-759.4575805664062 -220.0399169921875 233.7111968994141
-758.496337890625 -219.94448852539065 233.92335510253903
-757.5244140625 -220.0179443359375 234.13465881347656
-756.6488647460938 -219.9945831298828 234.45806884765625
-755.8701782226562 -220.12852478027344 235.050537109375
-755.1956787109375 -219.7082977294922 235.69725036621097
-754.2693481445312 -219.8100128173828 236.0172576904297
-753.2893676757812 -219.80831909179688 236.23577880859375
-752.3145141601562 -219.77432250976565 236.46961975097656
-751.3604736328125 -219.90760803222656 236.7276153564453
-750.4048461914062 -220.14129638671875 236.88816833496097
-749.4686279296875 -220.22349548339844 237.20623779296875
-748.51953125 -220.08982849121097 237.47328186035156
-747.5950927734375 -220.1099395751953 237.85256958007812
-746.6337890625 -220.0167694091797 238.0382537841797
-745.7374267578125 -219.93467712402344 238.45217895507812
-744.8294067382812 -220.00961303710935 238.82943725585935
-743.8307495117188 -220.05856323242188 238.9760284423828
-742.880126953125 -219.88180541992188 239.21212768554688
-741.9428100585938 -219.9322509765625 239.5104217529297
-741.0081787109375 -220.1357421875 239.7716064453125
-739.985107421875 -219.9718475341797 239.79750061035156
-739.07763671875 -220.08401489257812 240.14382934570312
-738.231689453125 -220.00289916992188 240.6394195556641
-737.26708984375 -220.03456115722656 240.9157562255859
-736.2936401367188 -219.89349365234375 241.02481079101565
-735.4014892578125 -219.68556213378903 241.50538635253903
-734.4580078125 -219.5357360839844 241.7998809814453
-733.467529296875 -219.522705078125 241.96209716796875
-732.5347290039062 -219.5265350341797 242.25453186035156
-731.5601806640625 -219.38165283203125 242.43585205078125
-730.5794067382812 -219.423095703125 242.5561065673828
-729.730712890625 -219.88446044921875 242.25503540039065
-749.4073486328125 -211.15557861328125 265.0299377441406
-746.7449340820312 -212.48013305664065 260.7847595214844
-746.3502807617188 -212.84654235839844 259.9460754394531
-745.9691162109375 -213.27487182617188 259.1169128417969
-745.5791015625 -213.5276641845703 258.23638916015625
-745.1360473632812 -214.1887054443359 257.5801696777344
-744.5844116210938 -214.54122924804688 256.83929443359375
-743.8638916015625 -214.9018096923828 256.2403869628906
-743.1644287109375 -215.3907012939453 255.70980834960935
-742.4527587890625 -215.73489379882812 255.10345458984375
-741.7503662109375 -215.97994995117188 254.44985961914065
-741.033935546875 -216.4343414306641 253.9143218994141
-740.2615966796875 -216.7413024902344 253.3583984375
-739.5032348632812 -217.2229461669922 252.9214324951172
-738.6396484375 -217.47998046875 252.49212646484375
-737.7757568359375 -217.84115600585935 252.12705993652344
-736.99462890625 -218.05604553222656 251.53411865234375
-736.2177734375 -218.4689178466797 251.1023406982422
-735.3858642578125 -218.7819061279297 250.65658569335935
-734.55322265625 -219.07232666015625 250.2037811279297
-733.8352661132812 -219.52297973632812 249.6704559326172
-732.9924926757812 -219.83724975585935 249.23751831054688
-732.14892578125 -220.0406036376953 248.7482147216797
-731.266845703125 -220.3868865966797 248.42819213867188
-730.3744506835938 -220.62254333496097 248.0599365234375
-729.5257568359375 -221.02586364746097 247.71578979492188
-728.6138305664062 -221.36996459960935 247.4705047607422
-727.7144775390625 -221.6740264892578 247.15805053710935
-726.778564453125 -221.8629913330078 246.82044982910156
-725.887939453125 -222.26336669921875 246.6379241943359
-724.9468994140625 -222.48764038085935 246.40567016601565
-724.0690307617188 -222.7184295654297 245.97116088867188
-723.187744140625 -223.09591674804688 245.66416931152344
-722.2682495117188 -223.27447509765625 245.3494873046875
-721.3680419921875 -223.36767578125 244.92340087890625
-720.4259033203125 -223.57606506347656 244.65814208984375
-719.5654296875 -223.70860290527344 244.15663146972656
-718.6135864257812 -223.8253173828125 243.85540771484375
-717.7235717773438 -224.13446044921875 243.5408477783203
-716.7913818359375 -224.23880004882812 243.1920166015625
-715.86083984375 -224.4668426513672 242.8884735107422
-714.9021606445312 -224.72254943847656 242.77296447753903
-713.9920043945312 -225.04916381835935 242.51260375976565
-713.0684814453125 -225.3389587402344 242.26058959960935
-712.1958618164062 -225.6162567138672 241.86187744140625
-711.2721557617188 -225.91099548339844 241.60543823242188
-710.3482055664062 -226.1784210205078 241.41119384765625
-709.3994140625 -226.4278259277344 241.22608947753903
-708.5174560546875 -226.6726837158203 240.82345581054688
-707.5936279296875 -226.9357147216797 240.5408935546875
-706.6673583984375 -227.16563415527344 240.26226806640625
-705.7443237304688 -227.46437072753903 240.00588989257812
-704.8792724609375 -227.74549865722656 239.5956268310547
-703.9343872070312 -228.01089477539065 239.41009521484375
-702.9696655273438 -228.172119140625 239.23614501953125
-702.1076049804688 -228.6046142578125 239.03269958496097
-701.1698608398438 -228.9403076171875 238.8257293701172
-700.2149658203125 -229.1123962402344 238.74815368652344
-699.2725219726562 -229.3397674560547 238.666015625
-698.516357421875 -229.73292541503903 238.11492919921875
-697.52490234375 -229.92576599121097 238.17471313476565
-696.6275024414062 -229.87046813964844 237.85931396484375
-695.6334228515625 -229.8824005126953 237.7965087890625
-694.6446533203125 -230.04238891601565 237.76454162597656
-693.70654296875 -230.0598602294922 237.4546356201172
-692.7150268554688 -230.16204833984375 237.2373809814453
-691.7832641601562 -230.4530487060547 237.10211181640625
-690.8145751953125 -230.66123962402344 236.9942169189453
-689.9524536132812 -231.1027984619141 236.95314025878903
-689.2904663085938 -231.82745361328125 236.65646362304688
-749.4073486328125 -211.15557861328125 265.0299377441406
-748.8562622070312 -210.3136749267578 268.6596374511719
-748.1302490234375 -210.34764099121097 269.38287353515625
-747.5736694335938 -210.1748809814453 270.1595458984375
-747.1737670898438 -210.07492065429688 271.0752868652344
-746.8406372070312 -209.8502655029297 271.9976806640625
-746.4857788085938 -209.59149169921875 272.88702392578125
-746.057373046875 -209.5120086669922 273.7783508300781
-745.607666015625 -209.3361968994141 274.6582946777344
-745.2413330078125 -209.0441436767578 275.5314636230469
-744.751708984375 -208.9298095703125 276.4022521972656
-744.264892578125 -208.81292724609375 277.2768859863281
-743.7080688476562 -208.57960510253903 278.0743408203125
-743.22705078125 -208.4705810546875 278.9449462890625
-742.8928833007812 -208.46511840820312 279.8911437988281
-742.4895629882812 -208.3830413818359 280.80194091796875
-741.9647216796875 -208.2489013671875 281.64605712890625
-741.5885620117188 -207.982421875 282.5415954589844
-741.2186889648438 -208.0410614013672 283.47076416015625
-740.6768798828125 -208.0789031982422 284.32855224609375
-740.3129272460938 -207.9761962890625 285.2489013671875
-739.8401489257812 -208.11712646484375 286.1459045410156
-739.2701416015625 -207.93588256835935 286.95416259765625
-738.9386596679688 -208.0978546142578 287.8705749511719
-738.511962890625 -208.10975646972656 288.74102783203125
-738.0846557617188 -208.26025390625 289.61602783203125
-737.8663940429688 -208.21543884277344 290.5959167480469
-737.5004272460938 -208.56790161132812 291.3988342285156
-737.144287109375 -208.30706787109375 292.32696533203125
-736.6293334960938 -208.5046844482422 293.09527587890625
-736.3219604492188 -208.8885955810547 294.0182800292969
-735.6862182617188 -209.18695068359375 294.71636962890625
-735.3094482421875 -209.77114868164065 295.4610595703125
-735.1200561523438 -210.22872924804688 296.31573486328125
-735.0047607421875 -210.9665069580078 297.0125732421875
-734.669677734375 -211.6477203369141 297.6666564941406
-734.3689575195312 -212.33316040039065 298.2987976074219
-733.9847412109375 -213.11231994628903 298.81158447265625
-733.6165161132812 -213.87203979492188 299.33056640625
-733.2529296875 -214.7126617431641 299.72564697265625
-732.9192504882812 -215.47433471679688 300.2778015136719
-732.5593872070312 -216.3512420654297 300.6024475097656
-731.9728393554688 -217.1060485839844 300.91827392578125
-731.37158203125 -217.80337524414065 301.29638671875
-730.942138671875 -218.5860290527344 301.7444152832031
-730.3740234375 -219.28648376464844 302.1890869140625
-729.7267456054688 -219.873291015625 302.6834411621094
-729.0715942382812 -220.4647674560547 303.1506652832031
-728.3901977539062 -220.98875427246097 303.66845703125
-727.7843017578125 -221.57774353027344 304.21124267578125
-727.2554931640625 -222.3204040527344 304.6449890136719
-726.5718994140625 -222.79893493652344 305.1879577636719
-725.9996337890625 -223.51011657714844 305.5897216796875
-725.5300903320312 -224.3760986328125 305.83697509765625
-725.106689453125 -225.0813140869141 306.39898681640625
-724.5494384765625 -225.7830810546875 306.8624572753906
-724.15478515625 -226.5302276611328 307.3843078613281
-723.52880859375 -227.13482666015625 307.89892578125
-723.0226440429688 -227.93548583984375 308.2156982421875
-722.4654541015625 -228.6744842529297 308.5971374511719
-721.8103637695312 -229.28485107421875 309.046630859375
-721.2393188476562 -229.9865875244141 309.4853210449219
-720.774658203125 -230.7420654296875 309.9171447753906
-720.4258422851562 -231.6288604736328 310.22772216796875
-719.9378051757812 -232.38182067871097 310.63690185546875
-719.7227172851562 -233.3025054931641 311.0087890625
-719.2805786132812 -234.1835479736328 311.1835632324219
-718.88525390625 -234.9956817626953 311.6310729980469
-718.3020629882812 -235.78506469726565 311.8627624511719
-717.9341430664062 -236.71212768554688 311.9759521484375
-717.7526245117188 -237.62210083007812 312.34423828125
-717.5360107421875 -238.51760864257812 312.7523498535156
-717.0390014648438 -239.31053161621097 313.09991455078125
-716.9194946289062 -240.30662536621097 313.1750793457031
-716.9058837890625 -241.27818298339844 313.4112854003906
-716.7466430664062 -242.21234130859375 313.6494445800781
-716.3824462890625 -243.06869506835935 313.9323425292969
-716.12841796875 -244.04360961914065 314.0354919433594
-715.8688354492188 -244.98745727539065 314.1683349609375
-715.5382690429688 -245.92726135253903 314.01727294921875
-715.6251220703125 -246.8937530517578 314.2105407714844
-715.6131591796875 -247.86456298828125 314.3668212890625
-715.6192016601562 -248.8621826171875 314.4440612792969
-715.552734375 -249.8725128173828 314.42578125
-715.4651489257812 -250.8717041015625 314.4524841308594
-715.4904174804688 -251.87608337402344 314.4588623046875
-715.4310913085938 -252.8811798095703 314.42816162109375
-715.6828002929688 -253.8814392089844 314.50140380859375
-715.373046875 -254.8667907714844 314.499267578125
-766.6417846679688 -242.2191619873047 263.65631103515625
-770.2002563476562 -245.70848083496097 257.0758361816406
-770.2435302734375 -246.0739288330078 256.15362548828125
-770.396728515625 -246.47752380371097 255.2044219970703
-770.2872314453125 -246.9039001464844 254.27362060546875
-770.1834106445312 -247.3806915283203 253.3712615966797
-770.1767578125 -247.8083953857422 252.4377899169922
-770.0744018554688 -248.26068115234375 251.52098083496097
-769.8827514648438 -248.85650634765625 250.7100067138672
-769.795166015625 -249.31585693359375 249.80162048339844
-769.75341796875 -249.69534301757812 248.840087890625
-769.6660766601562 -250.105224609375 247.90379333496097
-769.5511474609375 -250.49017333984375 246.95681762695312
-769.5215454101562 -250.9570770263672 246.0326385498047
-769.4946899414062 -251.2651824951172 245.0659942626953
-769.3402709960938 -251.5708465576172 244.1036834716797
-769.167724609375 -251.8857421875 243.13839721679688
-769.0859375 -252.17544555664065 242.20147705078125
-768.9482421875 -252.16213989257812 241.19223022460935
-768.7845458984375 -252.21096801757812 240.1728057861328
-768.57421875 -252.21470642089844 239.19375610351565
-768.2276611328125 -252.1132049560547 238.22262573242188
-767.82958984375 -251.98004150390625 237.28106689453125
-767.0269165039062 -251.2262725830078 235.47512817382812
-767.0269165039062 -251.2262725830078 235.47512817382812
-767.5952758789062 -250.5390167236328 234.13278198242188
-767.8046875 -250.0782165527344 232.9966583251953
-768.09375 -249.29733276367188 232.11932373046875
-768.1229858398438 -248.5676727294922 231.05804443359375
-768.2474365234375 -247.20863342285156 229.70594787597656
-768.2474365234375 -247.20863342285156 229.70594787597656
-766.8096923828125 -245.6175537109375 228.7029571533203
-766.3572998046875 -244.8629608154297 228.23643493652344
-765.71533203125 -244.16189575195312 227.95753479003903
-764.9666748046875 -243.62335205078125 227.55487060546875
-764.180419921875 -243.0858612060547 227.2520446777344
-763.3845825195312 -242.5802764892578 226.9290008544922
-762.6757202148438 -241.9925079345703 226.54364013671875
-762.0968017578125 -241.32257080078125 226.0769500732422
-761.5824584960938 -240.58218383789065 225.65066528320312
-761.1775512695312 -239.75363159179688 225.24093627929688
-760.640380859375 -238.96153259277344 224.94964599609375
-760.1712646484375 -238.18641662597656 224.5172576904297
-759.7022705078125 -237.35462951660156 224.2168426513672
-759.307373046875 -236.4960174560547 223.92613220214844
-758.7413330078125 -235.75241088867188 223.5617523193359
-758.2762451171875 -234.9162139892578 223.27000427246097
-757.7930297851562 -234.18797302246097 222.78404235839844
-757.2362670898438 -233.4353485107422 222.44613647460935
-756.5867919921875 -232.8230438232422 221.9910125732422
-756.0062255859375 -232.19564819335935 221.4651336669922
-755.2278442382812 -231.7042236328125 221.06385803222656
-754.4190673828125 -231.2380523681641 220.7105407714844
-753.5525512695312 -230.80381774902344 220.4480133056641
-752.7183227539062 -230.2603759765625 220.3595428466797
-751.8922119140625 -229.7075958251953 220.2211456298828
-751.0051879882812 -229.28067016601565 220.0926971435547
-750.2053833007812 -228.66639709472656 220.00656127929688
-749.2867431640625 -228.2890625 219.95553588867188
-748.5297241210938 -227.63636779785156 219.9245758056641
-747.7437744140625 -227.04592895507812 219.87643432617188
-746.843017578125 -226.5962371826172 219.93670654296875
-745.9971923828125 -226.0482635498047 219.9646453857422
-745.2449340820312 -225.4008026123047 220.03567504882812
-744.3518676757812 -224.9918975830078 220.16043090820312
-743.5110473632812 -224.45651245117188 220.05433654785156
-742.7158813476562 -223.85655212402344 220.1114196777344
-741.746826171875 -223.59646606445312 219.9590606689453
-740.8681640625 -223.1394500732422 219.84686279296875
-739.9912719726562 -222.6553192138672 219.77017211914065
-739.052734375 -222.36260986328125 219.6951141357422
-738.2933959960938 -221.69168090820312 219.6895294189453
-737.3528442382812 -221.3625946044922 219.69732666015625
-736.56005859375 -220.7622985839844 219.7223968505859
-735.7117309570312 -220.25428771972656 219.71156311035156
-734.843017578125 -219.75738525390625 219.6417999267578
-733.896728515625 -219.41639709472656 219.55084228515625
-733.0774536132812 -218.85435485839844 219.46144104003903
-732.1464233398438 -218.48599243164065 219.44876098632812
-731.2808227539062 -218.0070343017578 219.3068695068359
-730.373046875 -217.60836791992188 219.17465209960935
-729.508544921875 -217.1325836181641 219.18408203125
-728.6904907226562 -216.57901000976565 219.1120147705078
-727.8431396484375 -216.06295776367188 218.99566650390625
-726.9232177734375 -215.66734313964844 218.96937561035156
-726.0963745117188 -215.1390380859375 218.81033325195312
-725.2157592773438 -214.69232177734375 218.6582946777344
-724.348388671875 -214.2102508544922 218.612060546875
-723.521240234375 -213.66453552246097 218.38699340820312
-722.6560668945312 -213.1412353515625 218.3815155029297
-721.7510986328125 -212.79010009765625 218.19935607910156
-720.910888671875 -212.30567932128903 218.02113342285156
-719.9788208007812 -211.9248962402344 217.90899658203125
-719.2320556640625 -211.29708862304688 217.73863220214844
-718.4382934570312 -210.7421417236328 217.46212768554688
-717.6735229492188 -210.24185180664065 217.20150756835935
-716.8435668945312 -209.75277709960935 216.95730590820312
-715.9986572265625 -209.22894287109375 216.7395172119141
-715.1605224609375 -208.8085479736328 216.4230499267578
-714.305908203125 -208.4752655029297 216.1062164306641
-713.427978515625 -208.12071228027344 215.77947998046875
-712.5013427734375 -207.90933227539065 215.51817321777344
-711.6198120117188 -207.6343536376953 215.18833923339844
-710.84326171875 -206.991455078125 215.04519653320312
-710.1593627929688 -206.7864532470703 214.3683929443359
-709.3073120117188 -206.3923187255859 213.98410034179688
-708.4828491210938 -205.99005126953125 213.7461395263672
-707.6896362304688 -205.8122711181641 213.2394561767578
-706.8580322265625 -205.2305450439453 213.07627868652344
-705.9978637695312 -204.98692321777344 212.6228485107422
-705.1842041015625 -204.81222534179688 212.1653289794922
-704.6228637695312 -204.36135864257812 211.4747772216797
-703.701171875 -204.01463317871097 211.1923370361328
-702.819091796875 -204.02243041992188 210.77716064453125
-701.9052124023438 -203.8707275390625 210.43112182617188
-701.142333984375 -203.3776397705078 210.0025329589844
-700.35009765625 -203.16293334960935 209.4362945556641
-699.5335693359375 -202.91586303710935 208.93994140625
-698.6571655273438 -202.81814575195312 208.47854614257812
-697.872314453125 -202.4968414306641 207.966796875
-697.0845947265625 -202.25112915039065 207.42388916015625
-696.2756958007812 -202.06771850585935 206.9225311279297
-695.5264282226562 -202.2466735839844 206.28750610351565
-694.6766357421875 -202.13638305664065 205.7702178955078
-693.8521118164062 -202.0939483642578 205.22552490234375
-693.13232421875 -201.95773315429688 204.55848693847656
-692.2695922851562 -201.8859100341797 204.04928588867188
-691.5071411132812 -201.825439453125 203.4007568359375
-690.6431884765625 -201.5712127685547 203.01748657226565
-689.922119140625 -201.3693695068359 202.31588745117188
-689.1503295898438 -201.45603942871097 201.76055908203125
-688.3323364257812 -201.47525024414065 201.21112060546875
-687.7406616210938 -201.626953125 200.42904663085935
-686.90234375 -201.8332672119141 199.9053649902344
-686.2422485351562 -201.8260955810547 199.1779937744141
-685.5394897460938 -202.07550048828125 198.49710083007812
-684.838134765625 -201.9289703369141 197.8278045654297
-684.02880859375 -201.7197265625 197.25927734375
-683.4716186523438 -202.02687072753903 196.54344177246097
-682.7885131835938 -202.13186645507812 195.8846435546875
-682.1217651367188 -202.2758331298828 195.18711853027344
-681.5565185546875 -202.58547973632812 194.42544555664065
-680.7528686523438 -202.77377319335935 193.8588104248047
-680.1781616210938 -203.13653564453125 193.1447906494141
-679.4462280273438 -203.18170166015625 192.4617919921875
-678.9164428710938 -203.6475830078125 191.76992797851565
-678.4049072265625 -203.931640625 190.992919921875
-677.84326171875 -204.0746307373047 190.1879119873047
-677.4038696289062 -204.5882568359375 189.446044921875
-676.7670288085938 -204.92657470703125 188.7828369140625
-676.1554565429688 -205.3090057373047 188.0854949951172
-675.6301879882812 -205.745361328125 187.3716278076172
-675.1046142578125 -206.19992065429688 186.6790008544922
-674.7299194335938 -206.7060546875 185.89100646972656
-674.3619995117188 -207.151123046875 185.07080078125
-674.035888671875 -207.6788330078125 184.2861785888672
-673.5769653320312 -208.3748321533203 183.75526428222656
-673.1737670898438 -208.79637145996097 182.9629364013672
-672.9331665039062 -209.36439514160156 182.17300415039065
-672.620361328125 -210.06040954589844 181.55807495117188
-672.2933349609375 -210.49142456054688 180.7428741455078
-672.0361938476562 -211.29112243652344 180.19935607910156
-671.8193359375 -211.9381103515625 179.49130249023438
-671.5999755859375 -212.6686248779297 178.8604736328125
-671.5732421875 -213.3635406494141 178.16253662109375
-671.5192260742188 -214.27525329589844 177.75634765625
-671.4136962890625 -215.01626586914065 177.12876892089844
-671.1752319335938 -215.78663635253903 176.5477752685547
-670.8175659179688 -216.3923187255859 175.90298461914065
-670.675048828125 -216.97256469726565 175.1515655517578
-767.0269165039062 -251.2262725830078 235.47512817382812
-764.2406005859375 -251.14649963378903 234.76890563964844
-763.389404296875 -250.7587127685547 234.368896484375
-762.5186767578125 -250.4533843994141 234.0400848388672
-761.6008911132812 -250.17678833007812 233.72787475585935
-760.7263793945312 -249.90115356445312 233.3441162109375
-759.81982421875 -249.69613647460935 232.96270751953125
-759.0905151367188 -249.19760131835935 232.4954071044922
-758.3049926757812 -248.80307006835935 232.0147247314453
-757.7850341796875 -248.2662353515625 231.34652709960935
-757.29736328125 -247.75653076171875 230.6384124755859
-756.9060668945312 -247.06980895996097 230.013916015625
-756.4063720703125 -246.3885498046875 229.48220825195312
-755.8975830078125 -245.8669281005859 228.7917633056641
-755.3397827148438 -245.34629821777344 228.1360626220703
-754.8902587890625 -244.6656951904297 227.5491180419922
-754.2548828125 -244.1283721923828 227.0128173828125
-753.6589965820312 -243.5470428466797 226.4523468017578
-753.1752319335938 -243.03494262695312 225.743408203125
-752.7214965820312 -242.4047393798828 225.1092529296875
-752.216064453125 -241.7937774658203 224.4996795654297
-751.8199462890625 -241.25550842285156 223.75086975097656
-751.298583984375 -240.6445770263672 223.1568603515625
-750.7570190429688 -239.9019012451172 222.69552612304688
-750.3316040039062 -239.08062744140625 222.31263732910156
-749.8636474609375 -238.4661102294922 221.6783142089844
-749.2971801757812 -237.8262481689453 221.136962890625
-748.7437133789062 -237.12518310546875 220.6823577880859
-748.1206665039062 -236.5076446533203 220.2041931152344
-747.6715087890625 -235.68423461914065 219.85531616210935
-747.2675170898438 -234.8951416015625 219.38314819335935
-746.8976440429688 -234.1691131591797 218.83299255371097
-746.4923706054688 -233.36370849609375 218.39686584472656
-746.05419921875 -232.68592834472656 217.79603576660156
-745.6080932617188 -231.9701690673828 217.293701171875
-745.0447998046875 -231.1750946044922 216.9910888671875
-744.525390625 -230.52980041503903 216.4284210205078
-743.940673828125 -229.8942718505859 215.92234802246097
-743.3933715820312 -229.24288940429688 215.40017700195312
-742.9216918945312 -228.5062255859375 214.91384887695312
-742.4660034179688 -227.7491455078125 214.4991149902344
-742.217041015625 -227.00331115722656 213.9248046875
-741.7283325195312 -226.23423767089844 213.55210876464844
-741.265380859375 -225.4949493408203 213.09820556640625
-740.7147827148438 -224.8601226806641 212.5867919921875
-740.2958374023438 -224.19027709960935 212.0085296630859
-739.8487548828125 -223.5223846435547 211.4049530029297
-739.2542114257812 -222.875732421875 210.9316864013672
-738.6463012695312 -222.4359588623047 210.28146362304688
-737.9708862304688 -221.8997344970703 209.76124572753903
-737.4296875 -221.30653381347656 209.17132568359375
-736.77783203125 -220.8307647705078 208.5833282470703
-736.1307983398438 -220.22915649414065 208.09512329101565
-735.4728393554688 -219.69552612304688 207.56504821777344
-734.9010009765625 -219.24044799804688 206.9196014404297
-734.228515625 -218.96881103515625 206.24447631835935
-733.5012817382812 -218.84336853027344 205.55970764160156
-732.7094116210938 -218.44056701660156 205.09022521972656
-732.0510864257812 -218.23214721679688 204.37924194335935
-731.2362670898438 -218.0297088623047 203.82440185546875
-730.3828735351562 -218.03738403320312 203.3878936767578
-729.5532836914062 -218.02175903320312 202.83355712890625
-728.6964111328125 -217.7192840576172 202.34580993652344
-727.9857177734375 -217.6981201171875 201.71522521972656
-727.1390380859375 -217.9918670654297 201.26535034179688
-726.2683715820312 -218.1504364013672 200.79017639160156
-725.4342041015625 -218.08609008789065 200.2556304931641
-724.6279296875 -218.2857208251953 199.7282867431641
-723.807373046875 -218.61827087402344 199.29135131835935
-723.0223388671875 -218.92681884765625 198.76296997070312
-722.2326049804688 -219.3544921875 198.319091796875
-721.4599609375 -219.8837127685547 197.99169921875
-720.6617431640625 -220.34068298339844 197.59249877929688
-719.8244018554688 -220.81527709960935 197.33335876464844
-719.0960083007812 -221.42361450195312 197.0119476318359
-718.2005615234375 -221.93218994140625 196.91030883789065
-717.673583984375 -222.6874237060547 196.5777587890625
-717.1296997070312 -223.45291137695312 196.24317932128903
-716.5541381835938 -224.23098754882812 196.0210876464844
-716.211669921875 -225.16297912597656 195.8795623779297
-715.6798706054688 -225.9955596923828 196.0209197998047
-715.2008666992188 -226.8164825439453 195.8754425048828
-714.6763916015625 -227.6736602783203 195.93978881835935
-714.4459838867188 -228.64402770996097 195.89537048339844
-713.9475708007812 -229.51698303222656 196.06703186035156
-713.85888671875 -230.4773101806641 196.0186309814453
-713.7213745117188 -231.4652862548828 196.0114288330078
-713.6536254882812 -232.4546661376953 196.0960693359375
-713.5479125976562 -233.4384307861328 196.18357849121097
-713.6260986328125 -234.3459014892578 196.5890960693359
-713.6150512695312 -235.33192443847656 196.7618408203125
-713.618896484375 -236.20706176757812 197.14981079101565
-713.7182006835938 -237.21739196777344 197.2645263671875
-713.9036865234375 -238.16603088378903 197.51605224609375
-714.0697631835938 -239.13575744628903 197.67710876464844
-714.3436279296875 -240.08164978027344 197.7526092529297
-714.3591918945312 -241.0812835693359 197.86183166503903
-714.5318603515625 -242.04103088378903 198.0885772705078
-714.6455688476562 -242.9958648681641 197.96890258789065
-714.8041381835938 -243.9341735839844 198.0929718017578
-715.1173706054688 -244.80857849121097 198.43148803710935
-715.3401489257812 -245.789306640625 198.47650146484375
-715.4594116210938 -246.70013427734375 198.87258911132812
-715.2520751953125 -247.64724731445312 198.96498107910156
-715.3189697265625 -248.62985229492188 198.85238647460935
-715.5284423828125 -249.58023071289065 198.6505584716797
-715.64111328125 -250.583984375 198.7080993652344
-715.6807861328125 -251.57785034179688 198.80751037597656
-715.5255126953125 -252.56187438964844 198.8252410888672
-715.4549560546875 -253.58059692382812 198.9673309326172
-715.45263671875 -254.55404663085935 199.03797912597656
-715.650390625 -255.54119873046875 199.06509399414065
-766.6417846679688 -242.2191619873047 263.65631103515625
-766.9263916015625 -240.7411651611328 270.72515869140625
-767.6744384765625 -240.5269470214844 271.4508361816406
-768.0783081054688 -240.3554229736328 272.33807373046875
-768.49658203125 -240.02342224121097 273.2306823730469
-768.833740234375 -239.5926055908203 274.0964050292969
-769.1494750976562 -239.25762939453125 275.0111389160156
-769.4144897460938 -238.8973388671875 275.9398498535156
-769.7460327148438 -238.482666015625 276.8210754394531
-769.8726806640625 -238.2144775390625 277.80810546875
-770.1897583007812 -237.80262756347656 278.6900939941406
-770.5264282226562 -237.3464813232422 279.5585021972656
-770.9850463867188 -237.12242126464844 280.4451904296875
-771.482666015625 -236.7984313964844 281.29150390625
-772.0778198242188 -236.50677490234375 282.0810546875
-772.6959838867188 -236.2400665283203 282.8606872558594
-773.4111328125 -235.9431610107422 283.5339660644531
-773.9676513671875 -235.50732421875 284.2806091308594
-774.5249633789062 -235.15098571777344 285.0748596191406
-775.1294555664062 -234.8326416015625 285.8354797363281
-775.74658203125 -234.49136352539065 286.5772399902344
-776.367431640625 -234.13223266601565 287.3111572265625
-777.1331787109375 -233.87139892578125 287.9684753417969
-777.7573852539062 -233.50344848632812 288.68511962890625
-778.3417358398438 -233.22747802734375 289.488525390625
-778.8583374023438 -232.85560607910156 290.2913818359375
-779.4595336914062 -232.48568725585935 291.0240173339844
-779.9871215820312 -232.0927734375 291.81402587890625
-780.5634155273438 -231.5663299560547 292.483642578125
-781.0969848632812 -231.01776123046875 293.1806640625
-781.6856079101562 -230.4859313964844 293.81005859375
-782.27099609375 -230.0233917236328 294.46661376953125
-782.9882202148438 -229.53012084960935 295.2059631347656
-782.9882202148438 -229.53012084960935 295.2059631347656
-783.3770751953125 -229.64208984375 297.0135803222656
-783.8710327148438 -229.4582366943359 298.1131896972656
-784.335693359375 -229.39620971679688 299.2474060058594
-784.6364135742188 -229.39027404785156 300.67425537109375
-784.6364135742188 -229.39027404785156 300.67425537109375
-783.55322265625 -230.06256103515625 302.2759094238281
-783.3309326171875 -230.27381896972656 303.22906494140625
-783.1055908203125 -230.44384765625 304.17791748046875
-782.7091674804688 -230.5361785888672 305.0989074707031
-782.675537109375 -230.45635986328125 306.12652587890625
-782.4680786132812 -230.4627685546875 307.1138916015625
-782.5808715820312 -230.556396484375 308.09552001953125
-782.7315063476562 -230.5497589111328 309.0940856933594
-782.9100341796875 -230.63340759277344 310.0504150390625
-783.263427734375 -230.6754608154297 310.9966735839844
-783.5868530273438 -231.03518676757812 311.8824768066406
-783.9476318359375 -231.26129150390625 312.79449462890625
-784.5484619140625 -231.64100646972656 313.54327392578125
-784.9269409179688 -232.3527069091797 314.13433837890625
-785.3045654296875 -232.93666076660156 314.86749267578125
-785.5357055664062 -233.7933807373047 315.3346862792969
-785.9273681640625 -234.6191864013672 315.73089599609375
-785.9964599609375 -235.52328491210935 316.1878662109375
-786.2572021484375 -236.4504852294922 316.3627624511719
-786.1309814453125 -237.4406890869141 316.5926208496094
-786.3018798828125 -238.4062957763672 316.7922058105469
-786.2730102539062 -239.3986663818359 316.99200439453125
-786.219482421875 -240.36573791503903 317.20440673828125
-786.1665649414062 -241.3316192626953 317.3775634765625
-786.0486450195312 -242.32174682617188 317.34619140625
-785.662841796875 -243.2819366455078 317.53387451171875
-785.6051025390625 -244.1989288330078 317.9339904785156
-785.5191040039062 -245.203857421875 318.0546569824219
-785.4908447265625 -246.19454956054688 318.26031494140625
-785.4439086914062 -247.18463134765625 318.4446716308594
-785.24169921875 -248.15757751464844 318.6398010253906
-785.159423828125 -249.16448974609375 318.6234436035156
-784.8263549804688 -250.11026000976565 318.6593322753906
-784.8327026367188 -251.11773681640625 318.7273864746094
-784.9229736328125 -252.0608062744141 318.963134765625
-784.8106079101562 -253.08023071289065 318.70703125
-784.493896484375 -253.91812133789065 319.1151428222656
-784.3738403320312 -254.93490600585935 319.12237548828125
-784.0667724609375 -255.8674163818359 319.1709289550781
-783.7181396484375 -256.7745056152344 319.4348449707031
-783.504638671875 -257.75909423828125 319.3357238769531
-783.4016723632812 -258.7418212890625 319.38677978515625
-783.351318359375 -259.7510070800781 319.3049621582031
-783.1492309570312 -260.733642578125 319.1943359375
-783.0950317382812 -261.79815673828125 319.334716796875
-782.4413452148438 -262.2533874511719 318.80609130859375
-784.6364135742188 -229.39027404785156 300.67425537109375
-786.1160888671875 -228.73468017578125 301.3017272949219
-787.0093994140625 -228.3724365234375 301.74359130859375
-787.9195556640625 -227.96847534179688 302.1280212402344
-788.82763671875 -227.5408172607422 302.4800109863281
-789.7875366210938 -227.33203125 302.89495849609375
-790.7363891601562 -226.93016052246097 303.1689453125
-791.6146850585938 -226.4763946533203 303.5361022949219
-792.5460815429688 -226.15411376953125 303.805908203125
-793.5585327148438 -225.90171813964844 304.09552001953125
-793.5585327148438 -225.90171813964844 304.09552001953125
-794.3116455078125 -225.66336059570312 305.42449951171875
-795.1731567382812 -225.47531127929688 306.0920104980469
-795.8353271484375 -225.60250854492188 306.7548828125
-796.55615234375 -225.76348876953125 307.4528503417969
-797.4712524414062 -225.93504333496097 307.8630065917969
-798.326904296875 -226.15127563476565 308.364501953125
-799.2847900390625 -226.24896240234375 308.6872863769531
-800.2579345703125 -226.44512939453125 308.9038391113281
-801.192138671875 -226.5808258056641 309.2808837890625
-802.0922241210938 -226.6623382568359 309.70526123046875
-803.0144653320312 -226.84974670410156 310.0992126464844
-803.9132690429688 -227.2215118408203 310.3721008300781
-804.89501953125 -227.2317657470703 310.6319580078125
-805.8739013671875 -227.3754119873047 310.8114929199219
-806.802001953125 -227.56198120117188 311.1859436035156
-807.7841186523438 -227.7426300048828 311.35882568359375
-808.7535400390625 -227.95030212402344 311.5361633300781
-809.7213745117188 -227.9850311279297 311.8292541503906
-810.7050170898438 -228.1399383544922 312.0592041015625
-811.6490478515625 -228.34750366210935 312.39031982421875
-812.6393432617188 -228.56723022460935 312.504638671875
-813.6436767578125 -228.55186462402344 312.6487121582031
-814.5680541992188 -228.86756896972656 312.9464416503906
-815.5372314453125 -228.9658966064453 313.2131652832031
-816.48974609375 -229.127197265625 313.49627685546875
-817.4248657226562 -229.24588012695312 313.8688049316406
-818.383056640625 -229.45082092285156 314.056640625
-819.3529663085938 -229.5811004638672 314.3753356933594
-820.2862548828125 -229.87884521484375 314.6246643066406
-821.2193603515625 -230.16314697265625 314.9078674316406
-822.222900390625 -230.1276092529297 314.9895935058594
-823.1597900390625 -230.398681640625 315.2632751464844
-824.107421875 -230.73155212402344 315.4297790527344
-825.0151977539062 -231.02650451660156 315.7171630859375
-825.9439086914062 -231.3207244873047 316.0231018066406
-826.8770751953125 -231.6223297119141 315.96612548828125
-827.6806640625 -232.1280975341797 316.2839660644531
-828.048828125 -233.04086303710935 316.4490966796875
-793.5585327148438 -225.90171813964844 304.09552001953125
-795.1793823242188 -225.56390380859375 303.100830078125
-796.1624145507812 -225.38595581054688 302.96466064453125
-797.1182861328125 -225.4228973388672 302.6418762207031
-798.1359252929688 -225.45265197753903 302.49993896484375
-799.1442260742188 -225.3822479248047 302.4708251953125
-800.156982421875 -225.51416015625 302.3136291503906
-801.1251831054688 -225.48818969726565 302.5525817871094
-802.1287841796875 -225.44180297851565 302.6866760253906
-803.0980834960938 -225.59954833984375 302.9263000488281
-804.015869140625 -225.8736572265625 303.2686767578125
-804.990234375 -226.1519775390625 303.39697265625
-805.9886474609375 -226.2724609375 303.51019287109375
-806.9563598632812 -226.59117126464844 303.56549072265625
-807.8870849609375 -226.73765563964844 303.94549560546875
-808.862060546875 -227.0117950439453 304.0509033203125
-809.8289184570312 -227.16539001464844 304.26239013671875
-810.6786499023438 -227.4505157470703 304.70477294921875
-811.68359375 -227.58946228027344 304.8690185546875
-812.6287841796875 -227.6642303466797 305.2230529785156
-813.5988159179688 -227.8268890380859 305.467529296875
-814.6135864257812 -227.88693237304688 305.5663757324219
-815.6268310546875 -227.9420928955078 305.56378173828125
-816.6435546875 -227.92111206054688 305.6166076660156
-817.59423828125 -227.8767547607422 305.9370422363281
-818.6134033203125 -227.99758911132812 306.0250549316406
-819.60986328125 -228.0860595703125 305.898193359375
-820.6357421875 -228.10488891601565 305.86773681640625
-821.624755859375 -228.31076049804688 306.0002746582031
-822.62451171875 -228.2550506591797 306.19561767578125
-823.6202392578125 -228.4162750244141 306.2637939453125
-824.604248046875 -228.6239776611328 306.1153259277344
-825.6107177734375 -228.66888427734375 306.0135803222656
-826.6017456054688 -228.8559112548828 305.9233703613281
-827.5879516601562 -228.88092041015625 306.2364501953125
-828.6015014648438 -228.90737915039065 306.1864013671875
-782.9882202148438 -229.53012084960935 295.2059631347656
-784.4547119140625 -227.95361328125 294.6115417480469
-785.2359008789062 -227.3218688964844 294.73333740234375
-785.9747314453125 -226.65997314453125 294.7750244140625
-786.7305297851562 -226.0121307373047 294.8294982910156
-787.5313720703125 -225.42739868164065 294.9195251464844
-788.4339599609375 -225.03709411621097 295.1006164550781
-789.3646240234375 -224.64688110351565 295.1689453125
-790.306884765625 -224.32611083984375 295.3157043457031
-791.2020874023438 -224.08859252929688 295.6790771484375
-792.1679077148438 -223.84483337402344 295.8327941894531
-793.1634521484375 -223.69970703125 295.81671142578125
-794.1217041015625 -223.4179229736328 295.8627624511719
-795.1170654296875 -223.2580108642578 295.7852478027344
-796.0867919921875 -223.0832061767578 295.9575500488281
-797.086181640625 -223.05474853515625 295.9267883300781
-798.0582885742188 -222.84161376953125 296.03509521484375
-799.043212890625 -222.68209838867188 295.9437561035156
-799.9815673828125 -222.5636749267578 295.645751953125
-800.9734497070312 -222.50181579589844 295.4832458496094
-801.9678955078125 -222.4163055419922 295.34918212890625
-802.9608154296875 -222.29873657226565 295.245849609375
-803.9437255859375 -222.3185577392578 295.0392761230469
-804.9129638671875 -222.09402465820312 294.9833679199219
-805.8998413085938 -221.96861267089844 294.89508056640625
-806.792236328125 -221.63790893554688 294.5679931640625
-807.5274658203125 -221.0315704345703 294.5191955566406
-808.1964111328125 -220.46096801757812 294.5733642578125
-808.9737548828125 -220.0359344482422 294.1676025390625
-809.9848022460938 -220.02362060546875 294.1557312011719
-810.8405151367188 -220.5090179443359 294.27679443359375
-811.7533569335938 -220.8540496826172 294.3134460449219
-812.7596435546875 -220.7804718017578 294.2577819824219
-813.7520751953125 -220.80084228515625 294.22406005859375
-814.7467041015625 -220.66018676757812 294.35107421875
-815.73681640625 -220.65603637695312 294.3652038574219
-816.7416381835938 -220.5510406494141 294.33575439453125
-817.6756591796875 -220.46609497070312 294.6741943359375
-818.6312866210938 -220.44728088378903 294.9485168457031
-819.5902709960938 -220.39149475097656 295.2259521484375
-820.514892578125 -220.58981323242188 295.52484130859375
-821.4943237304688 -220.48187255859375 295.6318054199219
-822.4933471679688 -220.6143798828125 295.7254638671875
-823.4356079101562 -220.4569091796875 296.0209045410156
-824.3807373046875 -220.6247406005859 296.3210754394531
-825.3370971679688 -220.64845275878903 296.6155700683594
-826.3197631835938 -220.68504333496097 296.8040466308594
-827.2877197265625 -220.8302764892578 297.0711669921875
-828.2706298828125 -220.8491973876953 297.22576904296875
-829.248291015625 -220.91555786132812 297.41119384765625
-830.22119140625 -221.0544281005859 297.65850830078125
-831.1603393554688 -221.14227294921875 297.9390563964844
-768.2474365234375 -247.20863342285156 229.70594787597656
-769.6989135742188 -246.80419921875 228.83901977539065
-770.1499633789062 -246.43545532226565 228.06137084960935
-770.6248779296875 -246.0785675048828 227.2386932373047
-771.0094604492188 -245.77825927734375 226.37533569335935
-771.3853759765625 -245.46481323242188 225.5052032470703
-771.7183227539062 -244.84048461914065 224.7843017578125
-771.9000854492188 -244.25144958496097 223.99661254882812
-771.8938598632812 -243.58546447753903 223.25283813476565
-771.707763671875 -242.93519592285156 222.52166748046875
-771.3681640625 -242.22010803222656 221.91001892089844
-771.0407104492188 -241.5071258544922 221.2843475341797
-770.6339111328125 -240.87564086914065 220.63365173339844
-770.285888671875 -240.16250610351565 220.01324462890625
-769.9873046875 -239.54994201660156 219.2923583984375
-769.7352905273438 -238.90089416503903 218.5842132568359
-769.5499877929688 -238.1909637451172 217.90444946289065
-769.5360107421875 -237.55548095703125 217.13462829589844
-769.4937133789062 -236.95596313476565 216.3288726806641
-769.4603881835938 -236.5586853027344 215.40663146972656
-769.4384155273438 -235.85443115234375 214.6887969970703
-769.5873413085938 -235.3144989013672 213.85235595703125
-769.5606079101562 -234.93592834472656 212.9478759765625
-769.6038208007812 -234.6501922607422 212.00877380371097
-770.0261840820312 -234.3954315185547 211.1481170654297
-770.201171875 -234.25146484375 210.1656036376953
-770.443359375 -233.8383331298828 209.29005432128903
-770.8407592773438 -233.6020050048828 208.40672302246097
-771.3250732421875 -233.43113708496097 207.5495147705078
-771.7603759765625 -233.16517639160156 206.6858673095703
-772.3118286132812 -233.01455688476565 205.86798095703125
-772.8658447265625 -232.9969024658203 205.02825927734375
-773.302490234375 -232.8877410888672 204.1515960693359
-773.801025390625 -232.7542724609375 203.30691528320312
-774.4924926757812 -232.57041931152344 202.6044921875
-775.1021118164062 -232.31393432617188 201.8527374267578
-775.6641235351562 -232.26710510253903 201.02426147460935
-776.1678466796875 -231.93658447265625 200.2330322265625
-776.7159423828125 -231.6538848876953 199.45347595214844
-777.2099609375 -231.4603729248047 198.61508178710935
-777.7119750976562 -231.40151977539065 197.74783325195312
-778.239013671875 -231.17672729492188 196.92535400390625
-778.8873291015625 -230.93641662597656 196.21832275390625
-779.461669921875 -230.7630615234375 195.4332275390625
-780.0139770507812 -230.49267578125 194.62928771972656
-780.80078125 -230.38475036621097 194.02235412597656
-781.4896850585938 -230.5231781005859 193.3007049560547
-782.1995849609375 -230.65841674804688 192.6104278564453
-782.8796997070312 -231.0111083984375 191.96823120117188
-783.7605590820312 -231.05511474609375 191.49017333984375
-784.5885009765625 -231.33045959472656 191.00257873535156
-785.5159912109375 -231.4973602294922 190.65806579589844
-786.4092407226562 -231.70899963378903 190.26040649414065
-787.2883911132812 -231.77899169921875 189.7805938720703
-788.13330078125 -231.85958862304688 189.25286865234375
-789.0476684570312 -231.9205322265625 188.839111328125
-789.9261474609375 -232.1099853515625 188.3966064453125
-790.8095092773438 -232.3008728027344 187.9442901611328
-791.75830078125 -232.47280883789065 187.68197631835935
-792.7279663085938 -232.7279510498047 187.5576629638672
-793.7025146484375 -232.76870727539065 187.5001983642578
-794.6959228515625 -232.8522491455078 187.7228240966797
-795.6550903320312 -233.0877227783203 187.6665802001953
-796.6227416992188 -233.2822265625 187.8533935546875
-797.5128784179688 -233.6212615966797 188.0159454345703
-798.4486083984375 -233.960693359375 187.92100524902344
-799.3174438476562 -234.3721923828125 188.0999298095703
-800.2219848632812 -234.74627685546875 187.9147796630859
-801.0919799804688 -235.1571044921875 188.04083251953125
-801.95703125 -235.6221923828125 187.95004272460935
-802.82373046875 -236.0575714111328 187.72409057617188
-803.4930419921875 -236.66030883789065 188.17898559570312
-804.2265625 -237.2805328369141 187.9128570556641
-805.0256958007812 -237.8885040283203 188.00051879882812
-805.8587646484375 -238.4060516357422 188.05418395996097
-806.6494140625 -238.98057556152344 188.24554443359375
-807.4337158203125 -239.63284301757812 188.1197204589844
-808.103759765625 -240.19334411621097 188.5153656005859
-808.7916870117188 -240.83604431152344 188.8055877685547
-809.317626953125 -241.7042694091797 188.85255432128903
-810.0189819335938 -242.35630798339844 189.1226806640625
-810.6109008789062 -243.13150024414065 189.3435821533203
-811.0513305664062 -244.0070953369141 189.55384826660156
-811.662353515625 -244.76708984375 189.75230407714844
-812.0958862304688 -245.631591796875 190.0363311767578
-812.5651245117188 -246.5208282470703 189.9801025390625
-813.0567626953125 -247.29879760742188 190.3777008056641
-813.5450439453125 -248.1346893310547 190.62051391601565
-813.6746215820312 -249.0948486328125 190.8757781982422
-814.1112670898438 -249.9771728515625 190.9511260986328
-814.2824096679688 -250.905029296875 191.3248748779297
-814.4214477539062 -251.82601928710935 191.61563110351565
-814.524169921875 -252.7142791748047 192.0050811767578
-814.6282348632812 -253.70144653320312 192.07937622070312
-814.5620727539062 -254.68609619140625 192.0016632080078
-814.486328125 -255.58692932128903 192.42955017089844
-814.4439086914062 -256.5425109863281 192.68966674804688
-814.5201416015625 -257.5224304199219 192.85052490234375
-814.5158081054688 -258.5122985839844 192.99191284179688
-814.4700927734375 -259.5045471191406 193.25474548339844
-814.2188110351562 -260.3788757324219 192.9099273681641
-813.9096069335938 -261.3266296386719 193.06878662109375
-813.5889892578125 -262.2362976074219 193.0640411376953
-813.3073120117188 -263.1723327636719 192.92721557617188
-813.0272827148438 -264.1251220703125 192.84307861328125
-812.8690795898438 -265.11859130859375 192.9527587890625
-812.6580810546875 -266.0839538574219 192.8921661376953
-812.377685546875 -267.050537109375 193.0366668701172
-801.16552734375 -219.4888153076172 242.2590789794922
-798.4979248046875 -218.18450927734375 242.74893188476565
-797.6343994140625 -217.71592712402344 242.96470642089844
-796.7882690429688 -217.12889099121097 242.9364013671875
-795.9060668945312 -216.5979156494141 242.96534729003903
-795.0299072265625 -216.05874633789065 242.83197021484375
-794.0610961914062 -215.73272705078125 242.7407989501953
-793.0610961914062 -215.68881225585935 242.54046630859375
-792.0629272460938 -215.606689453125 242.3908538818359
-791.0879516601562 -215.7359313964844 242.128662109375
-790.069091796875 -215.85537719726565 242.1221618652344
-789.0496215820312 -216.0837249755859 242.1927032470703
-788.1285400390625 -215.6184234619141 242.2331390380859
-787.126708984375 -215.51756286621097 242.22879028320312
-786.1317749023438 -215.31329345703125 242.2295837402344
-785.1585693359375 -214.9847412109375 242.3123779296875
-784.1937866210938 -214.6822509765625 242.33091735839844
-783.2117919921875 -214.5163421630859 242.024169921875
-782.1853637695312 -214.5305633544922 241.90255737304688
-781.1630249023438 -214.50233459472656 241.93154907226565
-780.17333984375 -214.4228515625 242.01722717285156
-779.1710815429688 -214.1380157470703 242.08477783203125
-778.1707763671875 -214.01980590820312 242.2979431152344
-777.1356811523438 -214.00802612304688 242.3464202880859
-776.1058349609375 -214.00381469726565 242.3789520263672
-775.1163330078125 -214.2234649658203 242.58279418945312
-774.3671264648438 -214.88279724121097 242.54588317871097
-773.9219970703125 -215.75051879882812 242.8127593994141
-799.8936767578125 -219.501953125 236.54483032226565
-798.0900268554688 -217.9451141357422 235.36289978027344
-797.49462890625 -217.2619171142578 234.96926879882812
-796.7619018554688 -216.5573577880859 234.8260955810547
-796.1812744140625 -215.7484130859375 234.93499755859375
-795.4684448242188 -215.04348754882812 235.11898803710935
-794.67333984375 -214.58335876464844 235.50184631347656
-794.0056762695312 -213.87789916992188 235.86294555664065
-793.462646484375 -213.40931701660156 236.5554046630859
-792.9000854492188 -212.9458923339844 237.2426300048828
-792.3082885742188 -212.31915283203125 237.77085876464844
-791.708740234375 -211.79995727539065 238.4117889404297
-791.0426025390625 -211.40965270996097 239.05902099609375
-790.4418334960938 -211.16253662109375 239.82839965820312
-789.888671875 -210.90087890625 240.6179046630859
-789.2880249023438 -210.73672485351565 241.4078826904297
-788.6486206054688 -210.7748565673828 242.19874572753903
-788.2178344726562 -210.79872131347656 243.10484313964844
-787.76513671875 -210.94708251953125 243.99656677246097
-787.4362182617188 -211.23822021484375 244.89456176757812
-787.1830444335938 -211.4347686767578 245.85626220703125
-786.920654296875 -211.68914794921875 246.7949981689453
-786.5637817382812 -212.05352783203125 247.67529296875
-786.3557739257812 -212.5198974609375 248.5280609130859
-786.2442626953125 -212.99526977539065 249.4087829589844
-786.1537475585938 -213.49758911132812 250.2634735107422
-793.3607177734375 -221.9794921875 223.3160858154297
-792.79931640625 -221.19740295410156 221.7307891845703
-792.0907592773438 -220.76040649414065 221.0796813964844
-791.4646606445312 -220.2001495361328 220.44970703125
-790.7080688476562 -219.85470581054688 219.79847717285156
-789.7698364257812 -219.68003845214844 219.36065673828125
-788.83544921875 -219.57765197753903 218.9199981689453
-787.950927734375 -219.7315216064453 218.3759307861328
-787.0391235351562 -220.14122009277344 218.0773162841797
-786.1019897460938 -220.49404907226565 217.7471160888672
-785.2015380859375 -221.03627014160156 217.59967041015625
-784.268798828125 -221.47561645507812 217.55252075195312
-783.3237915039062 -221.9003448486328 217.64984130859375
-782.4456787109375 -222.45849609375 217.8003845214844
-781.4962768554688 -222.82257080078125 218.076171875
-780.6826171875 -223.05360412597656 218.7000274658203
-779.8644409179688 -223.42303466796875 219.18130493164065
-798.87744140625 -223.05772399902344 226.88906860351565
-800.1665649414062 -224.50006103515625 225.76715087890625
-800.1614379882812 -225.3353729248047 225.17788696289065
-800.4996948242188 -225.91468811035156 224.37969970703125
-800.595703125 -226.69447326660156 223.748046875
-800.7257080078125 -227.44290161132812 223.06851196289065
-800.75146484375 -228.1427459716797 222.3298187255859
-800.6930541992188 -228.98309326171875 221.7016143798828
-800.6671142578125 -229.55111694335935 220.8698883056641
-800.454345703125 -230.0279235839844 220.0053253173828
-800.2637939453125 -230.8297882080078 219.3835601806641
-800.0347900390625 -231.5274658203125 218.6646423339844
-799.6334228515625 -232.0293426513672 217.8761444091797
-799.1683349609375 -232.77716064453125 217.33335876464844
-798.5726928710938 -233.46006774902344 216.84861755371097
-798.0455322265625 -234.2489776611328 216.4390106201172
-797.347412109375 -234.85498046875 216.03468322753903
-796.6177368164062 -235.4086151123047 215.58627319335935
-795.8095092773438 -235.84341430664065 215.12342834472656
-795.0681762695312 -236.27163696289065 214.5695953369141
-794.2722778320312 -236.80795288085935 214.2022705078125
-793.4431762695312 -237.13201904296875 213.6918487548828
-792.6021728515625 -237.47976684570312 213.25726318359375
-791.8309326171875 -237.81341552734375 212.68418884277344
-791.06494140625 -237.8573455810547 211.97430419921875
-790.3729248046875 -237.82899475097656 211.2269744873047
-789.7412109375 -237.8269500732422 210.4120635986328
-789.22119140625 -237.5122833251953 209.60482788085935
-788.7363891601562 -237.11273193359375 208.79261779785156
-788.4085083007812 -236.75363159179688 207.8889617919922
-788.1952514648438 -236.44873046875 206.9331970214844
-787.9227905273438 -235.86065673828125 206.13812255859375
-787.7285766601562 -235.32052612304688 205.29840087890625
-787.4801635742188 -235.0537872314453 204.35580444335935
-806.2764282226562 -226.13682556152344 255.0771942138672
-809.0936279296875 -226.3116455078125 255.9455413818359
-810.019287109375 -226.2976531982422 256.306640625
-810.9652099609375 -226.1685485839844 256.63067626953125
-811.9243774414062 -226.1896514892578 256.9027099609375
-812.81982421875 -226.2520294189453 257.3656005859375
-813.7587890625 -226.28082275390625 257.69976806640625
-814.6991577148438 -226.1949920654297 258.0563049316406
-815.6597290039062 -225.94500732421875 258.2444763183594
-816.5765991210938 -225.9026031494141 258.6083068847656
-817.4862670898438 -225.71238708496097 258.9897766113281
-818.424072265625 -225.5764617919922 259.3229675292969
-819.3153076171875 -225.45225524902344 259.7591552734375
-820.1692504882812 -225.22152709960935 260.2442626953125
-820.9174194335938 -224.8425140380859 260.79180908203125
-821.5645751953125 -224.58096313476565 261.5129089355469
-822.1957397460938 -224.79312133789065 262.186767578125
-822.6502075195312 -225.2682342529297 262.94451904296875
-822.8881225585938 -225.5684509277344 263.8406677246094
-823.2139892578125 -225.6156768798828 264.8321533203125
-823.5836791992188 -225.6029052734375 265.7424011230469
-824.06005859375 -225.17335510253903 266.5113525390625
-824.5091552734375 -224.96095275878903 267.39520263671875
-824.8101806640625 -224.65785217285156 268.2917785644531
-824.871826171875 -224.7452850341797 269.32904052734375
-825.0728759765625 -225.1310882568359 270.213623046875
-825.3380126953125 -225.64398193359375 271.0293884277344
-825.4517822265625 -226.22213745117188 271.8406982421875
-825.4805908203125 -226.98651123046875 272.4894104003906
-825.5553588867188 -227.78668212890625 273.0785827636719
-825.5077514648438 -228.5506134033203 273.7283020019531
-825.776123046875 -229.41017150878903 274.16265869140625
-826.164794921875 -230.2167510986328 274.61456298828125
-826.454833984375 -231.10818481445312 274.9613342285156
-826.7142944335938 -232.03814697265625 275.2204284667969
-827.0679931640625 -232.9497985839844 275.4735412597656
-827.4171752929688 -233.8909454345703 275.52716064453125
-827.785400390625 -234.79043579101565 275.73626708984375
-828.2399291992188 -235.66709899902344 275.8699035644531
-828.4580078125 -236.62518310546875 276.0891418457031
-828.9649658203125 -237.4816131591797 276.12542724609375
-829.536865234375 -238.2826690673828 276.3205261230469
-830.0267333984375 -239.1312713623047 276.57122802734375
-830.6486206054688 -239.9025726318359 276.6581726074219
-831.2449951171875 -240.70697021484375 276.78045654296875
-831.8491821289062 -241.5044403076172 276.8444519042969
-832.5314331054688 -242.2316131591797 276.8310241699219
-833.3231811523438 -242.797119140625 277.1252136230469
-834.0218505859375 -243.47885131835935 277.22894287109375
-834.7306518554688 -244.1846466064453 277.2182922363281
-835.5281982421875 -244.72412109375 277.5256042480469
-836.2007446289062 -245.4092559814453 277.66717529296875
-837.1175537109375 -245.79293823242188 278.044189453125
-837.9014282226562 -246.37342834472656 278.1966247558594
-838.833251953125 -246.69781494140625 278.4297180175781
-839.6536865234375 -247.2251434326172 278.5948791503906
-840.6131591796875 -247.53128051757812 278.7730407714844
-841.4967041015625 -247.89541625976565 279.0469665527344
-842.4169311523438 -248.1610870361328 279.3287658691406
-843.3419799804688 -248.45248413085935 279.5663146972656
-844.2640991210938 -248.65736389160156 279.8940734863281
-845.228271484375 -248.7937164306641 280.14080810546875
-846.1179809570312 -248.9390563964844 280.553955078125
-847.0341186523438 -249.06153869628903 280.94537353515625
-847.989990234375 -249.0512237548828 281.2405090332031
-848.8922119140625 -249.02761840820312 281.6710205078125
-849.807373046875 -248.9909515380859 282.0735778808594
-850.7206420898438 -248.85821533203125 282.47027587890625
-851.6299438476562 -248.8017120361328 282.88006591796875
-852.52197265625 -248.61227416992188 283.2970886230469
-853.285400390625 -248.36831665039065 283.89324951171875
-854.02587890625 -247.91519165039065 284.39666748046875
-854.6810913085938 -247.47824096679688 285.0111999511719
-855.2544555664062 -246.9879913330078 285.6672058105469
-855.7584228515625 -246.31109619140625 286.19122314453125
-856.2838134765625 -245.61199951171875 286.6466064453125
-856.859130859375 -244.99154663085935 287.2231140136719
-857.3319091796875 -244.41845703125 287.82843017578125
-857.7460327148438 -243.5922393798828 288.599853515625
-857.7460327148438 -243.5922393798828 288.599853515625
-857.5061645507812 -241.59976196289065 288.64031982421875
-857.9873046875 -240.69720458984375 288.82879638671875
-858.133056640625 -239.74705505371097 289.21002197265625
-858.342529296875 -238.742919921875 289.3758239746094
-858.5581665039062 -237.80616760253903 289.7764892578125
-858.9198608398438 -236.8635101318359 290.05615234375
-859.3377685546875 -235.96359252929688 290.34881591796875
-859.86376953125 -235.0780029296875 290.53094482421875
-860.30126953125 -234.15261840820312 290.5888671875
-860.8049926757812 -233.4004364013672 290.5439758300781
-860.8049926757812 -233.4004364013672 290.5439758300781
-859.9290161132812 -232.17250061035156 288.7247619628906
-859.7528686523438 -231.56248474121097 287.9264221191406
-859.4801635742188 -230.9375762939453 287.1656494140625
-859.2313842773438 -230.4986114501953 286.2663269042969
-859.1593017578125 -229.8214111328125 285.5224304199219
-859.1061401367188 -229.2136383056641 284.7274169921875
-858.9736938476562 -228.707763671875 283.8542175292969
-859.13427734375 -228.1584625244141 282.9795837402344
-859.2212524414062 -227.4904632568359 282.2464904785156
-859.1591186523438 -226.9697265625 281.3606872558594
-859.3280029296875 -226.4530029296875 280.5078430175781
-859.722900390625 -225.8282470703125 279.79559326171875
-860.0322875976562 -225.3489227294922 278.9479675292969
-860.0056762695312 -224.87637329101565 278.02197265625
-860.091552734375 -224.11033630371097 277.3627014160156
-860.3267211914062 -223.68153381347656 276.46661376953125
-860.4520874023438 -223.03677368164065 275.6780090332031
-860.71875 -222.62936401367188 274.7856140136719
-860.9824829101562 -222.15084838867188 273.93084716796875
-861.4435424804688 -221.6393890380859 273.1863098144531
-861.892822265625 -221.33108520507812 272.32879638671875
-862.2503662109375 -220.79527282714844 271.5418701171875
-862.463623046875 -220.28726196289065 270.6841735839844
-862.8903198242188 -219.8084259033203 269.8873596191406
-863.1677856445312 -219.21023559570312 269.1106872558594
-863.6787109375 -218.7056579589844 268.4084167480469
-864.2747802734375 -218.23683166503903 267.6914367675781
-864.830810546875 -218.1244659423828 266.8440856933594
-865.32763671875 -217.70249938964844 266.0592041015625
-865.9423828125 -217.3188018798828 265.336669921875
-866.4476928710938 -217.0477752685547 264.5141906738281
-867.1102905273438 -216.82603454589844 263.786865234375
-867.87646484375 -216.6499481201172 263.13055419921875
-868.5171508789062 -216.52755737304688 262.3647155761719
-869.2199096679688 -216.2526092529297 261.6927795410156
-869.9374389648438 -215.91064453125 261.0590515136719
-870.722412109375 -215.7669677734375 260.42303466796875
-871.57666015625 -215.6643218994141 259.8787841796875
-857.7460327148438 -243.5922393798828 288.599853515625
-858.8798828125 -243.9683532714844 290.19171142578125
-859.3018798828125 -243.9404754638672 291.09075927734375
-859.6981811523438 -243.98976135253903 292.01361083984375
-860.2754516601562 -244.00392150878903 292.82720947265625
-860.9934692382812 -244.1554718017578 293.4967346191406
-861.7838134765625 -243.93299865722656 294.11395263671875
-862.6614990234375 -243.86756896972656 294.5350341796875
-863.3930053710938 -243.67474365234375 295.2649841308594
-864.3099365234375 -243.5055694580078 295.5331115722656
-865.2367553710938 -243.35760498046875 295.8709716796875
-866.1495361328125 -243.16647338867188 296.2256164550781
-867.0859375 -242.8435211181641 296.4037170410156
-867.932861328125 -242.50341796875 296.8238525390625
-868.7843017578125 -242.1271514892578 297.1570129394531
-869.6731567382812 -241.8910369873047 297.53680419921875
-870.48095703125 -241.4579620361328 297.95062255859375
-871.302734375 -241.2702484130859 298.488525390625
-872.21923828125 -241.0011444091797 298.7706298828125
-873.0197143554688 -240.5863800048828 299.18865966796875
-873.9297485351562 -240.28121948242188 299.476318359375
-874.801025390625 -240.03048706054688 299.897705078125
-875.6832275390625 -239.68087768554688 300.1946105957031
-876.592529296875 -239.55133056640625 300.58056640625
-877.4901733398438 -239.43292236328125 300.989990234375
-878.3427124023438 -239.1396942138672 301.3987731933594
-879.2234497070312 -238.9994354248047 301.8454284667969
-880.0291748046875 -238.5816345214844 302.24078369140625
-880.7738037109375 -238.21534729003903 302.7844543457031
-881.6774291992188 -238.03167724609375 303.2090148925781
-882.4806518554688 -237.58888244628903 303.5839538574219
-883.3652954101562 -237.3042755126953 303.9276428222656
-884.2000122070312 -236.88650512695312 304.27313232421875
-884.971435546875 -236.5076904296875 304.7695007324219
-885.74658203125 -236.03024291992188 305.14556884765625
-886.6497192382812 -235.82513427734375 305.49530029296875
-887.4993286132812 -235.52557373046875 305.9015197753906
-888.27880859375 -235.06219482421875 306.29693603515625
-889.12255859375 -234.73817443847656 306.72515869140625
-889.7965087890625 -234.1945648193359 307.1463317871094
-890.7490844726562 -234.15847778320312 307.5379333496094
-891.5882568359375 -233.848388671875 307.893798828125
-892.4539794921875 -233.53729248046875 308.28265380859375
-893.230224609375 -233.22657775878903 308.7945251464844
-893.9961547851562 -232.7472381591797 309.1913757324219
-894.7351684570312 -232.39083862304688 309.7314758300781
-895.6288452148438 -232.0904998779297 309.97369384765625
-896.48974609375 -231.74819946289065 310.3258972167969
-897.2468872070312 -231.3032684326172 310.7604675292969
-898.0985107421875 -230.87217712402344 311.0638732910156
-899.030029296875 -230.7239227294922 311.4820556640625
-899.7744140625 -231.16162109375 311.83148193359375
-860.8049926757812 -233.4004364013672 290.5439758300781
-862.3663940429688 -232.51211547851565 291.48443603515625
-863.08642578125 -231.9933319091797 291.9388732910156
-863.907470703125 -231.5338592529297 292.2476501464844
-864.6712646484375 -230.9647674560547 292.5546569824219
-865.5486450195312 -230.6151123046875 292.9028015136719
-866.4689331054688 -230.33062744140625 293.18609619140625
-867.3568115234375 -229.9439392089844 293.4380187988281
-868.2772827148438 -229.55764770507812 293.54107666015625
-869.2158813476562 -229.40219116210935 293.884033203125
-870.1235961914062 -229.25955200195312 294.26495361328125
-871.0602416992188 -229.03045654296875 294.513427734375
-872.0398559570312 -228.9486541748047 294.69439697265625
-872.951904296875 -228.7272491455078 295.0622863769531
-873.8898315429688 -228.65516662597656 295.3949279785156
-874.7867431640625 -228.45887756347656 295.7871398925781
-875.6390380859375 -228.1327667236328 296.25372314453125
-876.5586547851562 -227.9591827392578 296.6122741699219
-877.44091796875 -227.84974670410156 297.0816345214844
-878.2842407226562 -227.73306274414065 297.5711364746094
-879.2415771484375 -227.38259887695312 297.7096252441406
-880.1224365234375 -227.24246215820312 298.1735534667969
-881.0863037109375 -227.0609130859375 298.3142395019531
-882.0199584960938 -226.80160522460935 298.58966064453125
-882.969970703125 -226.62689208984375 298.8464660644531
-883.8270263671875 -226.57461547851565 299.3667297363281
-884.7427978515625 -226.46554565429688 299.73370361328125
-885.6098022460938 -226.45697021484375 300.2261657714844
-886.5089721679688 -226.61624145507812 300.63458251953125
-790.7509155273438 -246.636962890625 264.490234375
-793.8287353515625 -248.5686187744141 265.20928955078125
-794.938720703125 -248.87005615234375 265.2775573730469
-795.7896118164062 -249.0662841796875 265.3645935058594
-796.7109985351562 -249.4067840576172 265.36663818359375
-797.6621704101562 -249.6466522216797 265.31378173828125
-798.6627197265625 -249.7507476806641 265.5235595703125
-799.6524047851562 -249.928955078125 265.6708984375
-800.6162109375 -250.2095642089844 265.6242370605469
-801.606201171875 -250.37164306640625 265.59112548828125
-802.58740234375 -250.57669067382812 265.6395263671875
-803.5628662109375 -250.80860900878903 265.7006530761719
-804.5538940429688 -250.96571350097656 265.6997375488281
-805.5559692382812 -251.04959106445312 265.6756591796875
-806.541259765625 -251.2322235107422 265.7016296386719
-807.5331420898438 -251.37794494628903 265.789306640625
-808.5335083007812 -251.4513397216797 265.81494140625
-809.5289916992188 -251.50933837890625 265.69451904296875
-810.5210571289062 -251.5948181152344 265.5866394042969
-811.521728515625 -251.68516540527344 265.59979248046875
-812.5115966796875 -251.8162384033203 265.6687927246094
-813.5006103515625 -251.99656677246097 265.6557312011719
-814.4971923828125 -252.11424255371097 265.57275390625
-815.489013671875 -252.2261962890625 265.6181945800781
-816.4805297851562 -252.34841918945312 265.7281494140625
-817.4793090820312 -252.39898681640625 265.6339111328125
-818.4696655273438 -252.5585174560547 265.5455017089844
-819.4617919921875 -252.6910095214844 265.4878234863281
-820.4606323242188 -252.6816864013672 265.3958740234375
-821.460693359375 -252.7173614501953 265.30755615234375
-822.4625854492188 -252.7653656005859 265.322021484375
-823.4612426757812 -252.8394775390625 265.387451171875
-824.4630737304688 -252.9011993408203 265.4132385253906
-825.464599609375 -252.9696044921875 265.397705078125
-826.4656982421875 -253.06280517578125 265.3760986328125
-827.467041015625 -253.10427856445312 265.4286193847656
-828.466796875 -253.13128662109375 265.5023193359375
-829.4412231445312 -253.34329223632812 265.5957336425781
-830.4202880859375 -253.54904174804688 265.6788024902344
-831.3902587890625 -253.80807495117188 265.69891357421875
-832.353515625 -254.091064453125 265.6817321777344
-833.3118286132812 -254.3888702392578 265.6383972167969
-834.2669067382812 -254.69268798828125 265.57794189453125
-835.2301025390625 -254.9719696044922 265.5006103515625
-836.2069702148438 -255.2009735107422 265.4161071777344
-837.1972045898438 -255.36619567871097 265.3420715332031
-838.2002563476562 -255.45408630371097 265.2962341308594
-839.1967163085938 -255.38815307617188 265.2208557128906
-840.1929931640625 -255.2736358642578 265.280029296875
-841.1932373046875 -255.34896850585935 265.2742004394531
-842.19189453125 -255.40176391601565 265.1856384277344
-843.1907348632812 -255.4543304443359 265.1415100097656
-844.1803588867188 -255.62124633789065 265.0921936035156
-845.1685791015625 -255.817138671875 265.0447082519531
-846.1619873046875 -255.95863342285156 265.02734375
-847.1588745117188 -256.030517578125 265.1226501464844
-848.160400390625 -256.0816650390625 265.1960144042969
-849.15234375 -256.2191467285156 265.23980712890625
-850.1393432617188 -256.40203857421875 265.2738952636719
-851.123291015625 -256.59637451171875 265.25860595703125
-852.1181640625 -256.6998291015625 265.1858825683594
-853.1016235351562 -256.7980041503906 265.0417175292969
-854.091552734375 -256.71124267578125 264.8692626953125
-855.0916748046875 -256.72509765625 264.7756652832031
-856.0904541015625 -256.8096618652344 264.6881103515625
-857.0714721679688 -256.9769592285156 264.55810546875
-858.0505981445312 -257.1813659667969 264.4833679199219
-859.0526733398438 -257.29632568359375 264.4693298339844
-860.0435180664062 -257.4113464355469 264.5480651855469
-861.0142822265625 -257.63311767578125 264.6790771484375
-861.9912719726562 -257.8658447265625 264.7176818847656
-862.976318359375 -258.04510498046875 264.7798156738281
-863.9608764648438 -258.2275695800781 264.8554992675781
-864.9271240234375 -258.4925842285156 264.943603515625
-865.8759155273438 -258.826171875 265.05712890625
-866.8270874023438 -259.1424560546875 265.15447998046875
-867.8010864257812 -259.3526916503906 265.1917419433594
-868.7930908203125 -259.4976501464844 265.16064453125
-869.759765625 -259.7799987792969 265.1623840332031
-870.746337890625 -259.90655517578125 265.25079345703125
-871.7476196289062 -259.9739990234375 265.322509765625
-872.7406616210938 -260.0916748046875 265.39678955078125
-873.727294921875 -260.1839904785156 265.56182861328125
-874.7198486328125 -260.2843017578125 265.66241455078125
-875.7014770507812 -260.4579162597656 265.76568603515625
-876.6890258789062 -260.5911560058594 265.89385986328125
-877.6844482421875 -260.73773193359375 265.9100341796875
-878.6748657226562 -260.8856201171875 265.93328857421875
-879.6622924804688 -260.9567565917969 266.0982971191406
-880.660400390625 -261.06719970703125 266.0848693847656
-881.6581420898438 -261.1856384277344 266.0346374511719
-882.6554565429688 -261.2938232421875 266.0293884277344
-883.6528930664062 -261.3932189941406 266.0543518066406
-884.6448974609375 -261.5396423339844 266.1270751953125
-885.6295776367188 -261.71337890625 266.210205078125
-886.591796875 -261.9749755859375 266.324462890625
-887.570556640625 -262.14202880859375 266.4721374511719
-888.5611572265625 -262.28558349609375 266.5423278808594
-889.543212890625 -262.4233703613281 266.69891357421875
-890.5157470703125 -262.5531311035156 266.9051513671875
-891.489990234375 -262.7751770019531 266.9987487792969
-892.4595336914062 -263.01239013671875 267.0987854003906
-893.4384155273438 -263.19073486328125 267.2295227050781
-894.4055786132812 -263.398193359375 267.39923095703125
-895.384521484375 -263.5802917480469 267.5299987792969
-896.371337890625 -263.6750793457031 267.677734375
-897.3772583007812 -263.6720275878906 267.6972351074219
-898.3699340820312 -263.78790283203125 267.7870788574219
-899.3593139648438 -263.9463806152344 267.84075927734375
-900.3526000976562 -264.0766906738281 267.7940673828125
-901.356689453125 -264.11639404296875 267.8043518066406
-902.362060546875 -264.112548828125 267.82757568359375
-903.359619140625 -264.2034912109375 267.8343505859375
-904.350341796875 -264.3583984375 267.88763427734375
-905.3410034179688 -264.49688720703125 267.9896240234375
-906.335693359375 -264.5989074707031 268.0829162597656
-907.3367309570312 -264.6582946777344 268.1257629394531
-908.3358154296876 -264.73974609375 268.1720886230469
-909.3320922851564 -264.8484191894531 268.2383728027344
-910.3265991210938 -264.9734802246094 268.32373046875
-911.322265625 -265.0891418457031 268.3552551269531
-912.32080078125 -265.2021179199219 268.3252868652344
-913.3165283203124 -265.3228759765625 268.37744140625
-914.3008422851564 -265.4674377441406 268.5083312988281
-915.29248046875 -265.6070861816406 268.5776062011719
-916.2921142578124 -265.69158935546875 268.61541748046875
-917.2913208007812 -265.7580261230469 268.6671447753906
-918.2916259765624 -265.7887878417969 268.7440185546875
-919.2861328125 -265.9232482910156 268.7035827636719
-920.2748413085938 -266.0829162597656 268.780029296875
-921.2723999023438 -266.1768493652344 268.8642272949219
-922.25927734375 -266.3493957519531 268.8463134765625
-923.225341796875 -266.6135559082031 268.9254455566406
-924.1953735351564 -266.8492431640625 269.0254211425781
-925.18310546875 -266.99896240234375 269.1310729980469
-926.1818237304688 -267.06219482421875 269.2311096191406
-927.18017578125 -267.1102294921875 269.31658935546875
-928.1679077148438 -267.24652099609375 269.43157958984375
-929.1627197265624 -267.3753967285156 269.4659423828125
-930.1565551757812 -267.4818420410156 269.559326171875
-931.1495971679688 -267.5538024902344 269.693603515625
-932.1524658203124 -267.5513000488281 269.707275390625
-933.1528930664064 -267.6126708984375 269.6271057128906
-934.150390625 -267.7142028808594 269.6039733886719
-935.1441040039064 -267.85052490234375 269.6511535644531
-936.1326293945312 -267.99932861328125 269.72613525390625
-937.1212768554688 -268.1346435546875 269.8087158203125
-938.1071166992188 -268.2514343261719 269.9342956542969
-939.077392578125 -268.4630432128906 270.1388854980469
-940.0435791015624 -268.6954040527344 270.3177185058594
-941.0310668945312 -268.8100891113281 270.435546875
-942.0230102539064 -268.9240417480469 270.54205322265625
-943.0155029296876 -269.0357666015625 270.644287109375
-944.0106201171876 -269.0916442871094 270.7728576660156
-945.0044555664064 -269.1501770019531 270.88885498046875
-945.990966796875 -269.3381652832031 270.9124450683594
-946.9845581054688 -269.476806640625 270.95843505859375
-947.9773559570312 -269.5813293457031 271.0693054199219
-948.967529296875 -269.7099609375 271.1691589355469
-949.9612426757812 -269.7644958496094 271.2840881347656
-950.957763671875 -269.80511474609375 271.41058349609375
-951.9498901367188 -269.817138671875 271.5577697753906
-952.9469604492188 -269.8855285644531 271.6561584472656
-953.9468383789064 -269.9437561035156 271.72027587890625
-954.944580078125 -270.0345458984375 271.7924499511719
-955.9423828125 -270.12933349609375 271.8605041503906
-956.9398803710938 -270.2454833984375 271.86773681640625
-957.9361572265624 -270.3509826660156 271.8506164550781
-958.9349975585938 -270.3431396484375 271.96380615234375
-959.9369506835938 -270.4102478027344 271.9762878417969
-960.930419921875 -270.5292663574219 272.045166015625
-961.9351196289064 -270.53802490234375 272.064453125
-962.9427490234376 -270.498779296875 272.0898132324219
-963.9458618164064 -270.5075988769531 272.1217041015625
-964.9420776367188 -270.61517333984375 272.13287353515625
-965.941650390625 -270.6535949707031 272.19488525390625
-966.9437255859376 -270.6134033203125 272.29534912109375
-967.9471435546876 -270.5442810058594 272.3442687988281
-968.9422607421876 -270.5674133300781 272.4715576171875
-969.9342041015624 -270.6165466308594 272.58203125
-970.9379272460938 -270.5659484863281 272.51739501953125
-971.941650390625 -270.5339660644531 272.57171630859375
-972.9267578125 -270.50030517578125 272.7610778808594
-973.9118041992188 -270.3608703613281 272.8553466796875
-974.8873901367188 -270.1338195800781 272.906982421875
-975.884033203125 -270.0275573730469 272.9715881347656
-976.8832397460938 -269.9491271972656 273.0542907714844
-977.8736572265624 -269.82879638671875 273.16082763671875
-978.87255859375 -269.7438049316406 273.2315673828125
-979.8884887695312 -269.7532958984375 273.22869873046875
-980.8575439453124 -269.5479736328125 273.3114318847656
-981.86328125 -269.5001525878906 273.3978271484375
-982.8548583984376 -269.3841552734375 273.4586181640625
-983.8504028320312 -269.3375549316406 273.6068420410156
-984.8357543945312 -269.15771484375 273.6510925292969
-985.8209228515624 -268.9686584472656 273.6152038574219
-986.8029174804688 -268.7556457519531 273.6202087402344
-987.79248046875 -268.6009216308594 273.6707458496094
-988.7886962890624 -268.502197265625 273.7377014160156
-989.7973022460938 -268.40362548828125 273.7049560546875
-990.7971801757812 -268.2716369628906 273.7015075683594
-991.7721557617188 -268.0957946777344 273.8233642578125
-992.734619140625 -267.8938293457031 274.0037841796875
-993.721923828125 -267.69989013671875 274.0267028808594
-994.7051391601564 -267.4753723144531 274.04522705078125
-995.6869506835938 -267.27294921875 274.03448486328125
-996.6486206054688 -266.9899597167969 274.0603332519531
-997.6218872070312 -266.74468994140625 274.055908203125
-998.6094360351564 -266.55474853515625 274.0283508300781
-999.5927734375 -266.3544006347656 274.0421447753906
-1000.5463256835938 -266.0476379394531 274.0470886230469
-1001.4684448242188 -265.6539306640625 273.9585266113281
-1002.3606567382812 -265.2087097167969 273.93218994140625
-1003.2885131835938 -264.85845947265625 274.0215759277344
-1004.2171020507812 -264.47039794921875 274.01251220703125
-1005.1249389648438 -264.0417785644531 274.0111083984375
-1005.9925537109376 -263.5462646484375 274.0653991699219
-1006.8580932617188 -263.0484313964844 273.9749755859375
-1007.705810546875 -262.5164794921875 273.8420715332031
-1008.5285034179688 -261.9448547363281 273.7540283203125
-1009.3370361328124 -261.35284423828125 273.71466064453125
-1010.165283203125 -260.7923278808594 273.646728515625
-1010.9556884765624 -260.1860046386719 273.5329895019531
-1011.7777099609376 -259.63275146484375 273.4175720214844
-1012.6567993164064 -259.1666259765625 273.3074951171875
-1013.4586181640624 -258.6020202636719 273.1329040527344
-1014.185791015625 -257.9428405761719 272.9142150878906
-1014.8895874023438 -257.25 272.7192687988281
-1015.6158447265624 -256.5775146484375 272.58477783203125
-1016.313720703125 -255.9194793701172 272.3551330566406
-1016.9437255859376 -255.21327209472656 272.041259765625
-1017.5662841796876 -254.4572296142578 271.8220520019531
-1018.2210083007812 -253.73416137695312 271.6059265136719
-1018.8489379882812 -253.0400390625 271.2818908691406
-1019.4508666992188 -252.30398559570312 270.983154296875
-1020.0731811523438 -251.5064697265625 270.6805419921875
-1020.6221313476564 -250.82579040527344 270.3956298828125
-1023.232666015625 -243.34182739257812 265.7864685058594
-1023.232666015625 -243.34182739257812 265.7864685058594
-1039.5416259765625 -243.8518524169922 267.51373291015625
-1040.5313720703125 -243.67160034179688 267.6749572753906
-1041.5123291015625 -243.6221923828125 267.9329833984375
-1042.4969482421875 -243.5444793701172 268.1742858886719
-1043.50927734375 -243.5464324951172 268.2848205566406
-1044.5118408203125 -243.6119384765625 268.45452880859375
-1045.4951171875 -243.60159301757812 268.6971130371094
-1046.515869140625 -243.64236450195312 268.7572937011719
-1047.507568359375 -243.80099487304688 268.94024658203125
-1048.465576171875 -244.1038360595703 269.0993347167969
-1049.446533203125 -244.2980194091797 269.2906494140625
-1050.381103515625 -244.65277099609375 269.4497375488281
-1051.28125 -245.07923889160156 269.68218994140625
-1052.1549072265625 -245.4367828369141 270.06982421875
-1053.06982421875 -245.8067169189453 270.3182373046875
-1053.9619140625 -246.2869873046875 270.431396484375
-1054.912841796875 -246.64678955078125 270.5132751464844
-1055.83154296875 -246.9977569580078 270.7594909667969
-1056.70947265625 -247.50808715820312 270.8790588378906
-1057.5496826171875 -247.9868927001953 271.1838073730469
-1058.361083984375 -248.5740203857422 271.3821716308594
-1059.19140625 -249.11300659179688 271.6109924316406
-1060.0770263671875 -249.62387084960935 271.60595703125
-1060.890625 -250.203857421875 271.7333679199219
-1061.7281494140625 -250.74502563476565 271.9065246582031
-1062.6328125 -251.2009735107422 271.9587707519531
-1063.5306396484375 -251.66612243652344 272.0414123535156
-1064.403076171875 -252.1911468505859 272.0504150390625
-1065.30419921875 -252.6613922119141 272.0331726074219
-1066.204833984375 -253.13702392578125 272.0412292480469
-1067.108154296875 -253.6065673828125 272.0622863769531
-1068.035888671875 -254.0203094482422 272.1050109863281
-1068.94873046875 -254.46340942382812 272.1889953613281
-1069.889892578125 -254.8462677001953 272.1593017578125
-1070.8883056640625 -255.0594024658203 272.1876525878906
-1071.8603515625 -255.3577117919922 272.21771240234375
-1072.851806640625 -255.58157348632812 272.1308898925781
-1073.85888671875 -255.72918701171875 272.1673889160156
-1074.8310546875 -255.9670562744141 272.3402099609375
-1075.8231201171875 -256.12689208984375 272.5048522949219
-1076.822265625 -256.29754638671875 272.6080017089844
-1077.8134765625 -256.4866943359375 272.7425842285156
-1078.7867431640625 -256.7334899902344 272.9161376953125
-1079.751953125 -256.917236328125 273.18951416015625
-1080.7545166015625 -257.0311279296875 273.3372497558594
-1081.74267578125 -257.00872802734375 273.5387878417969
-1082.720947265625 -257.1369323730469 273.82440185546875
-1083.74365234375 -257.2350769042969 274.08984375
-1084.5936279296875 -257.3291015625 274.347900390625
-1086.7449951171875 -257.5234375 275.0335693359375
-1086.7449951171875 -257.5234375 275.0335693359375
-1088.1165771484375 -257.1354064941406 277.63018798828125
-1088.842041015625 -256.974853515625 278.3697204589844
-1089.4122314453125 -257.0677795410156 279.12445068359375
-1089.9691162109375 -256.92120361328125 279.9416198730469
-1090.4501953125 -256.5581359863281 280.74664306640625
-1090.841796875 -256.54473876953125 281.6575622558594
-1091.196533203125 -256.7164001464844 282.6197814941406
-1091.616455078125 -256.626708984375 283.4952392578125
-1092.1119384765625 -256.2894287109375 284.2903747558594
-1092.5821533203125 -256.2528381347656 285.17108154296875
-1092.943603515625 -256.0448303222656 286.08184814453125
-1093.1925048828125 -255.79269409179688 287.0277099609375
-1093.3297119140625 -255.6278839111328 288.00537109375
-1093.3599853515625 -255.2907562255859 288.9585266113281
-1093.5059814453125 -254.88282775878903 289.8621520996094
-1093.830810546875 -254.6134796142578 290.7684020996094
-1093.9234619140625 -254.3329620361328 291.7298583984375
-1093.9425048828125 -253.86117553710935 292.624267578125
-1094.0687255859375 -253.49008178710935 293.5621032714844
-1094.1636962890625 -253.34915161132812 294.53143310546875
-1094.0303955078125 -252.99755859375 295.4565124511719
-1093.95654296875 -252.6074676513672 296.3765869140625
-1093.8720703125 -252.30197143554688 297.3243103027344
-1093.869873046875 -252.0012969970703 298.2798156738281
-1093.9627685546875 -251.7244873046875 299.23565673828125
-1093.903564453125 -251.5559539794922 300.2158508300781
-1093.84619140625 -251.26898193359375 301.1768798828125
-1093.8687744140625 -250.79656982421875 302.061279296875
-1094.035400390625 -250.39990234375 302.9571533203125
-1094.1348876953125 -250.1827392578125 303.93695068359375
-1094.2252197265625 -249.8039398193359 304.88372802734375
-1094.304443359375 -249.61001586914065 305.8415832519531
-1094.3314208984375 -249.67898559570312 306.8376159667969
-1094.345947265625 -249.4501495361328 307.8342590332031
-1094.398681640625 -249.23422241210935 308.82061767578125
-1094.5184326171875 -249.3754119873047 309.79302978515625
-1094.6124267578125 -249.4676971435547 310.7989501953125
-1094.645751953125 -249.3717803955078 311.8037109375
-1094.6326904296875 -249.12794494628903 312.7735290527344
-1094.742431640625 -249.15115356445312 313.763671875
-1094.9442138671875 -249.364013671875 314.7428283691406
-1095.181396484375 -249.42138671875 315.7075500488281
-1095.471435546875 -249.35142517089844 316.662109375
-1095.7325439453125 -249.55203247070312 317.6066589355469
-1095.9617919921875 -249.76454162597656 318.5514221191406
-1096.177734375 -249.98681640625 319.5040588378906
-1096.3587646484375 -250.39813232421875 320.4033203125
-1096.3795166015625 -250.70008850097656 321.3524475097656
-1096.4761962890625 -251.22084045410156 322.2002868652344
-1096.430908203125 -251.67010498046875 323.0912170410156
-1096.3349609375 -252.1011962890625 323.99090576171875
-1096.3349609375 -252.65457153320312 324.82403564453125
-1096.35546875 -253.1435546875 325.6932373046875
-1096.1943359375 -253.66043090820312 326.5296630859375
-1095.96875 -254.2239532470703 327.3362731933594
-1095.8748779296875 -254.691650390625 328.21142578125
-1095.81396484375 -255.12969970703125 329.1105041503906
-1095.5679931640625 -255.60934448242188 329.9649658203125
-1095.50341796875 -256.2632141113281 330.71466064453125
-1095.408203125 -256.7506103515625 331.56439208984375
-1095.1832275390625 -257.1722106933594 332.44171142578125
-1095.137451171875 -257.8620910644531 333.1707763671875
-1095.0206298828125 -258.51153564453125 333.9120788574219
-1094.8406982421875 -258.94586181640625 334.7958679199219
-1094.7578125 -259.5164794921875 335.6065673828125
-1094.6285400390625 -260.20367431640625 336.3256530761719
-1094.3558349609375 -260.87261962890625 337.00994873046875
-1094.0225830078125 -261.407470703125 337.79815673828125
-1093.8995361328125 -262.0833435058594 338.51312255859375
-1093.9080810546875 -262.7901611328125 339.2049255371094
-1093.5611572265625 -263.3475646972656 339.9647216796875
-1093.2425537109375 -264.05169677734375 340.5892639160156
-1092.9278564453125 -264.5639953613281 341.394775390625
-1092.5498046875 -265.237548828125 342.0127868652344
-1092.134033203125 -265.9452819824219 342.5830078125
-1091.633544921875 -266.4590148925781 343.2798767089844
-1091.1580810546875 -267.1786193847656 343.7818603515625
-1090.6668701171875 -267.81939697265625 344.3822937011719
-1090.3731689453125 -268.54071044921875 345.00006103515625
-1089.9468994140625 -269.2757873535156 345.5087585449219
-1089.39306640625 -269.90301513671875 346.0574645996094
-1088.736083984375 -270.4468688964844 346.57891845703125
-1088.0850830078125 -271.0030822753906 347.09100341796875
-1087.4600830078125 -271.5697021484375 347.6246032714844
-1086.815673828125 -272.1702575683594 348.09039306640625
-1086.0870361328125 -272.7004699707031 348.51678466796875
-1085.337158203125 -273.2100524902344 348.9398498535156
-1084.576171875 -273.6559753417969 349.395751953125
-1083.736083984375 -274.1102600097656 349.6993408203125
-1082.9361572265625 -274.45574951171875 350.1828308105469
-1082.1004638671875 -274.89288330078125 350.5146484375
-1081.1873779296875 -275.1733093261719 350.8029479980469
-1080.3668212890625 -275.49920654296875 351.2734375
-1079.452392578125 -275.80499267578125 351.5347595214844
-1078.557861328125 -276.09002685546875 351.8858947753906
-1077.6751708984375 -276.26409912109375 352.3116760253906
-1076.740478515625 -276.4454650878906 352.61846923828125
-1075.873291015625 -276.7840576171875 352.97796630859375
-1074.9327392578125 -276.8934631347656 353.3033447265625
-1073.974609375 -277.09918212890625 353.49554443359375
-1073.01904296875 -277.2795715332031 353.71746826171875
-1072.0831298828125 -277.41619873046875 354.032958984375
-1071.1478271484375 -277.5274353027344 354.3532409667969
-1070.18017578125 -277.5841064453125 354.5932922363281
-1069.231689453125 -277.61407470703125 354.89630126953125
-1068.2928466796875 -277.7049255371094 355.2247314453125
-1067.34033203125 -277.8150939941406 355.5030517578125
-1066.3580322265625 -277.9174499511719 355.6559143066406
-1065.428466796875 -278.001708984375 356.01861572265625
-1064.521484375 -278.0040283203125 356.4381103515625
-1063.55517578125 -278.1241760253906 356.6587829589844
-1062.619140625 -278.1085510253906 357.0068359375
-1061.7220458984375 -278.0970153808594 357.4460754394531
-1060.7470703125 -278.1066589355469 357.6776428222656
-1059.7799072265625 -278.1300964355469 357.90496826171875
-1058.786865234375 -278.1153869628906 358.0285949707031
-1057.793212890625 -278.1098937988281 358.1495361328125
-1056.8231201171875 -277.89666748046875 358.21319580078125
-1055.8255615234375 -277.9038391113281 358.3131408691406
-1054.8681640625 -278.1233215332031 358.527587890625
-1053.8892822265625 -278.0650329589844 358.7000732421875
-1052.966064453125 -277.7789306640625 358.973876953125
-1051.987060546875 -277.729248046875 359.1411437988281
-1051.0018310546875 -277.8013916015625 359.2733459472656
-1049.98486328125 -277.5906677246094 359.1791076660156
-1049.0010986328125 -277.38623046875 359.23553466796875
-1048.11328125 -277.12005615234375 359.4900207519531
-1047.09814453125 -277.24359130859375 359.66339111328125
-1046.1378173828125 -277.1949157714844 359.91461181640625
-1045.2122802734375 -277.02130126953125 360.24249267578125
-1044.326171875 -276.9478759765625 360.7037353515625
-1043.5333251953125 -276.8477783203125 361.3056640625
-1042.7325439453125 -276.7442932128906 361.8907470703125
-1041.9312744140625 -276.624755859375 362.4755859375
-1041.1708984375 -276.59906005859375 363.1246337890625
-1040.4366455078125 -276.609130859375 363.8004455566406
-1039.6162109375 -276.4454040527344 364.3658752441406
-1038.67041015625 -276.3757019042969 364.6824340820313
-1037.7200927734375 -276.23602294921875 364.9447937011719
-1036.767822265625 -276.102783203125 365.2090148925781
-1035.8375244140625 -275.9547119140625 365.5234069824219
-1034.924560546875 -275.800048828125 365.9102478027344
-1033.970703125 -275.7813415527344 366.20159912109375
-1033.001953125 -275.789306640625 366.4301452636719
-1032.0325927734375 -275.8638916015625 366.642578125
-1031.0545654296875 -275.8567810058594 366.823486328125
-1030.1075439453125 -275.7643127441406 367.1262512207031
-1029.1903076171875 -275.59490966796875 367.48577880859375
-1028.2720947265625 -275.41412353515625 367.8182373046875
-1027.314208984375 -275.325927734375 368.0829772949219
-1026.405029296875 -275.1446533203125 368.4572448730469
-1025.47314453125 -275.0633850097656 368.79833984375
-1024.53369140625 -275.11810302734375 369.1282348632813
-1023.5836791992188 -275.0578308105469 369.4352722167969
-1022.6366577148438 -275.005126953125 369.7491760253906
-1021.6882934570312 -274.9107360839844 370.0466613769531
-1020.7398071289064 -274.7088928222656 370.3075866699219
-1019.79736328125 -274.5367126464844 370.5921630859375
-1018.849853515625 -274.3901062011719 370.8562927246094
-1017.9522705078124 -274.0841064453125 371.1815490722656
-1017.0086059570312 -273.8321838378906 371.4006042480469
-1016.0411376953124 -273.7489929199219 371.6403503417969
-1015.1085815429688 -273.4615173339844 371.8155517578125
-1014.1814575195312 -273.3349914550781 372.1556091308594
-1013.2677612304688 -273.1270446777344 372.510009765625
-1012.3109741210938 -273.05596923828125 372.7835998535156
-1011.3662109375 -272.81597900390625 372.9981384277344
-1010.45458984375 -272.4638366699219 373.1451416015625
-1009.5391845703124 -272.0909423828125 373.3539123535156
-1008.5639038085938 -271.98089599609375 373.5802001953125
-1007.6400756835938 -271.6392822265625 373.73724365234375
-1006.6858520507812 -271.4080810546875 373.89459228515625
-1005.7125244140624 -271.26568603515625 374.115966796875
-1004.8095092773438 -270.8746337890625 374.28021240234375
-1003.9131469726564 -270.55792236328125 374.5821533203125
-1003.048828125 -270.1683044433594 374.89208984375
-1002.1355590820312 -269.9710998535156 375.24322509765625
-1001.2379760742188 -269.6418151855469 375.5267028808594
-1000.271728515625 -269.4840393066406 375.7296752929687
-999.3308715820312 -269.267822265625 375.98974609375
-998.4198608398438 -269.0247497558594 376.3131408691406
-997.4916381835938 -268.7550964355469 376.5429382324219
-996.5596923828124 -268.5968017578125 376.86328125
-995.6119995117188 -268.42547607421875 377.1215515136719
-994.6303100585938 -268.4884948730469 377.32904052734375
-993.6981201171876 -268.3692932128906 377.6476745605469
-992.7557373046876 -268.1325988769531 377.89605712890625
-991.8384399414064 -267.8546142578125 378.17083740234375
-990.9041748046876 -267.6241760253906 378.4407043457031
-989.9530029296876 -267.3717346191406 378.61566162109375
-989.0714721679688 -267.0826416015625 378.981201171875
-988.1254272460938 -266.8067932128906 379.1452026367187
-987.173828125 -266.6357116699219 379.349365234375
-986.2284545898438 -266.45513916015625 379.6219482421875
-985.3109130859376 -266.17059326171875 379.9013977050781
-984.3511352539064 -266.0118713378906 380.1255187988281
-983.4244384765624 -265.7108459472656 380.334716796875
-982.4796142578124 -265.5357360839844 380.6036071777344
-981.5259399414064 -265.4198303222656 380.86859130859375
-980.6032104492188 -265.23046875 381.2054138183594
-979.6607055664064 -265.1018371582031 381.5104064941406
-978.7462158203124 -264.8275146484375 381.8123474121094
-977.7991333007812 -264.7276611328125 382.109130859375
-976.82568359375 -264.5900573730469 382.2942810058594
-975.8802490234376 -264.5608825683594 382.6118469238281
-974.92529296875 -264.4875793457031 382.8982849121094
-973.9635620117188 -264.4893798828125 383.16119384765625
-973.0206909179688 -264.4596862792969 383.4920959472656
-972.0913696289064 -264.37530517578125 383.8331909179687
-971.1404418945312 -264.2554016113281 384.1191101074219
-970.2072143554688 -264.03656005859375 384.3937377929687
-969.25732421875 -263.93780517578125 384.6947326660156
-968.3334350585938 -263.6813659667969 384.9681091308594
-967.3904418945312 -263.5436096191406 385.28118896484375
-966.445556640625 -263.49151611328125 385.60113525390625
-965.4884643554688 -263.4664611816406 385.8968505859375
-964.5130004882812 -263.4793395996094 386.1086730957031
-963.5466918945312 -263.4847717285156 386.3732299804687
-962.603759765625 -263.4922790527344 386.6842041015625
-961.6242065429688 -263.4698486328125 386.8523254394531
-960.6490478515624 -263.4634704589844 387.0780334472656
-959.6748657226564 -263.4648742675781 387.2944030761719
-958.7368774414064 -263.3525085449219 387.6246032714844
-957.7738037109376 -263.3789978027344 387.88726806640625
-956.7866821289064 -263.41119384765625 388.0536804199219
-955.8125 -263.355712890625 388.2723693847656
-954.838623046875 -263.2909240722656 388.473876953125
-953.9048461914064 -263.15313720703125 388.7757263183594
-952.925048828125 -263.044677734375 388.9577941894531
-951.9418334960938 -263.1054992675781 389.1681823730469
-951.003662109375 -262.9797058105469 389.4668273925781
-950.0551147460938 -262.8858947753906 389.7695617675781
-949.07421875 -262.8488464355469 389.9654235839844
-948.1072998046876 -262.9569091796875 390.18939208984375
-947.1862182617188 -262.80596923828125 390.5475769042969
-946.1975708007812 -262.6902160644531 390.5987548828125
-945.2130126953124 -262.6128234863281 390.7023010253906
-944.2384643554688 -262.65167236328125 390.9228210449219
-943.26708984375 -262.7344055175781 391.1460266113281
-942.3023681640624 -262.6678161621094 391.3837890625
-941.3145141601564 -262.63409423828125 391.51995849609375
-940.3237915039064 -262.6410217285156 391.6839294433594
-939.3551635742188 -262.67657470703125 391.8593444824219
-938.3842163085938 -262.506103515625 392.0266418457031
-937.4047241210938 -262.341796875 392.1776123046875
-936.4246826171876 -262.44268798828125 392.3282470703125
-935.4386596679688 -262.4761962890625 392.477783203125
-934.4450073242188 -262.45806884765625 392.5668640136719
-933.4517211914064 -262.56512451171875 392.6554870605469
-932.4791259765624 -262.45550537109375 392.82220458984375
-931.5086059570312 -262.3658142089844 393.0401306152344
-930.5315551757812 -262.3680419921875 393.2474060058594
-929.5576171875 -262.3249816894531 393.4621887207031
-928.5612182617188 -262.4185791015625 393.4627380371094
-927.5726928710938 -262.2876281738281 393.5140686035156
-926.60400390625 -262.3407287597656 393.69140625
-925.61962890625 -262.3372497558594 393.8779296875
-924.6324462890624 -262.4017639160156 394.05224609375
-923.6609497070312 -262.33184814453125 394.2220153808594
-922.6920166015624 -262.19091796875 394.3969421386719
-921.7034301757812 -262.07904052734375 394.4940490722656
-920.7250366210938 -262.2054748535156 394.6499328613281
-919.74462890625 -262.0874328613281 394.7830200195313
-918.7620239257812 -261.9939270019531 394.9356994628906
-917.7791137695312 -261.8525390625 395.046875
-916.7947998046876 -261.7734680175781 395.1792297363281
-915.799072265625 -261.7684020996094 395.22119140625
-914.8343505859376 -261.79150390625 395.4122009277344
-913.8525390625 -261.703125 395.60247802734375
-912.8728637695312 -261.61285400390625 395.7442932128906
-911.8779296875 -261.5582275390625 395.7216796875
-910.9052734375 -261.5793151855469 395.9506530761719
-909.9080200195312 -261.58477783203125 396.0051879882813
-908.9125366210938 -261.5230407714844 396.0946960449219
-907.9405517578124 -261.4627685546875 396.2876892089844
-906.9620971679688 -261.5857849121094 396.4547119140625
-905.9933471679688 -261.58563232421875 396.6898498535156
-905.0479736328124 -261.561767578125 397.0130615234375
-904.0839233398438 -261.6341857910156 397.24761962890625
-903.0899047851564 -261.6239013671875 397.3196716308594
-902.1148071289064 -261.4132385253906 397.3270263671875
-901.1676025390624 -261.1011047363281 397.2980651855469
-900.201171875 -260.8422546386719 397.2462463378906
-899.2191162109375 -260.6963806152344 397.3670959472656
-898.2354736328125 -260.5100402832031 397.3426208496094
-897.2527465820312 -260.33013916015625 397.40277099609375
-896.258544921875 -260.29205322265625 397.4056701660156
-895.263671875 -260.3076477050781 397.4693908691406
-894.27978515625 -260.14495849609375 397.55218505859375
-893.3079833984375 -259.9189453125 397.5935974121094
-892.334228515625 -259.7353210449219 397.7224731445313
-891.3485107421875 -259.6455078125 397.8706359863281
-890.3739013671875 -259.6609802246094 398.0726318359375
-889.3959350585938 -259.61279296875 398.2728271484375
-888.4017944335938 -259.5626220703125 398.28857421875
-887.4137573242188 -259.4171447753906 398.3274536132813
-886.4539794921875 -259.14910888671875 398.3668518066406
-885.4613647460938 -259.0358581542969 398.4288940429687
-884.4925537109375 -258.8050537109375 398.4510498046875
-883.5389404296875 -258.6095886230469 398.6946716308594
-882.5794067382812 -258.5649719238281 398.9593505859375
-881.5927734375 -258.57672119140625 399.1449279785156
-880.6192626953125 -258.4706726074219 399.2435302734375
-879.6260986328125 -258.4014587402344 399.2577819824219
-878.6513671875 -258.2179260253906 399.3703918457031
-877.719970703125 -257.85052490234375 399.4269714355469
-876.7327270507812 -257.7498474121094 399.5241088867187
-875.743896484375 -257.63665771484375 399.615234375
-874.7561645507812 -257.5787048339844 399.7430114746094
-873.7516479492188 -257.4906005859375 399.6202697753906
-872.78466796875 -257.38720703125 399.7726135253906
-871.7928466796875 -257.35577392578125 399.89459228515625
-870.8096923828125 -257.2232360839844 400.0107421875
-869.886962890625 -256.8816833496094 400.2060241699219
-868.9144897460938 -256.70770263671875 400.32281494140625
-867.9359130859375 -256.53497314453125 400.4403991699219
-866.9319458007812 -256.5268249511719 400.53656005859375
-865.9470825195312 -256.53314208984375 400.434814453125
-864.9766845703125 -256.36651611328125 400.6153564453125
-863.9948120117188 -256.3354797363281 400.7996520996094
-862.9949340820312 -256.5103759765625 400.9440307617187
-862.07861328125 -256.34765625 401.1921081542969
-861.0506591796875 -256.32586669921875 401.0968322753906
-860.0361328125 -256.2689208984375 401.071533203125
-859.0692138671875 -256.20086669921875 400.8825378417969
-858.089111328125 -256.02410888671875 400.8125
-857.1068115234375 -255.9504852294922 400.9144592285156
-856.1250610351562 -255.7341461181641 400.9362182617187
-855.1435546875 -255.5845947265625 400.9593505859375
-854.1780395507812 -255.5900421142578 401.1414184570313
-853.2032470703125 -255.5870056152344 401.3569641113281
-852.2172241210938 -255.53225708007812 401.5135498046875
-851.2431640625 -255.50823974609375 401.7281494140625
-850.24951171875 -255.65411376953125 401.77886962890625
-849.2442016601562 -255.72817993164065 401.768310546875
-848.2763061523438 -255.8047332763672 401.9514465332031
-847.302978515625 -255.6005401611328 402.0485534667969
-846.3009033203125 -255.5780792236328 402.06781005859375
-845.3145751953125 -255.65394592285156 402.1022338867187
-844.3297119140625 -255.75875854492188 401.9721984863281
-843.3375244140625 -255.7463226318359 402.1117858886719
-842.3335571289062 -255.82037353515625 402.0817260742187
-841.3524169921875 -255.7031707763672 401.970458984375
-840.3521118164062 -255.6334228515625 401.9682312011719
-839.364501953125 -255.5129547119141 402.01910400390625
-838.3984375 -255.6323699951172 402.252197265625
-837.4273681640625 -255.88937377929688 402.40185546875
-836.436767578125 -255.9885101318359 402.3688049316406
-835.4393310546875 -256.07086181640625 402.39898681640625
-834.4466552734375 -256.1052551269531 402.2856750488281
-833.4570922851562 -256.1763916015625 402.3410339355469
-832.4755859375 -256.3592224121094 402.39013671875
-831.4940185546875 -256.403564453125 402.4363098144531
-830.4981079101562 -256.3868408203125 402.3797912597656
-829.4863891601562 -256.3985290527344 402.30767822265625
-828.5130004882812 -256.2028503417969 402.3653259277344
-827.562744140625 -256.33209228515625 402.5908203125
-826.5977783203125 -256.7868347167969 402.7304382324219
-825.6499633789062 -257.06182861328125 402.69085693359375
-824.7285766601562 -256.84759521484375 402.4483947753906
-823.7838745117188 -256.5211486816406 402.2264099121094
-822.7890625 -256.4259948730469 402.1913757324219
-821.7855834960938 -256.3999328613281 402.2196960449219
-820.7991333007812 -256.5277404785156 402.3062438964844
-819.8111572265625 -256.43426513671875 402.3707275390625
-818.8241577148438 -256.3906555175781 402.4861755371094
-817.8349609375 -256.3233947753906 402.5926818847656
-816.8427734375 -256.4753723144531 402.6075439453125
-815.8609008789062 -256.5372314453125 402.4529724121094
-814.8815307617188 -256.5049133300781 402.6155090332031
-813.8881225585938 -256.4172058105469 402.57366943359375
-812.923828125 -256.17681884765625 402.6639709472656
-811.930908203125 -256.06512451171875 402.6907043457031
-810.974609375 -255.7664031982422 402.6355590820313
-809.978759765625 -255.712158203125 402.683349609375
-808.984619140625 -255.63510131835935 402.7618103027344
-808.0256958007812 -255.58009338378903 403.0483703613281
-807.0728759765625 -255.5441741943359 403.2366027832031
-806.1024780273438 -255.36610412597656 403.0478210449219
-805.1080322265625 -255.2975311279297 403.0425109863281
-804.1018676757812 -255.29461669921875 403.0914916992187
-803.1351318359375 -255.0979766845703 403.2418518066406
-802.1754150390625 -254.90017700195312 403.3766174316406
-801.2144775390625 -254.6872711181641 403.5729675292969
-800.2335205078125 -254.5312042236328 403.6883239746094
-799.2383422851562 -254.4924774169922 403.7162780761719
-798.2728881835938 -254.3995361328125 403.9441833496094
-797.2866821289062 -254.27345275878903 404.0550231933594
-796.3231811523438 -254.08824157714844 404.24163818359375
-795.3803100585938 -253.93704223632812 404.5304260253906
-794.4097900390625 -253.69920349121097 404.5179138183594
-793.4937744140625 -253.39646911621097 404.74945068359375
-792.522216796875 -253.1672210693359 404.7990417480469
-791.5319213867188 -253.07049560546875 404.90142822265625
-790.6241455078125 -252.92970275878903 405.2828369140625
-789.7007446289062 -252.688232421875 405.5854187011719
-788.7762451171875 -252.34242248535156 405.7336730957031
-787.7985229492188 -252.15513610839844 405.8232727050781
-786.837158203125 -252.0315704345703 406.0404968261719
-785.8511352539062 -251.90081787109375 406.1603088378906
-784.8765258789062 -251.8822479248047 406.3476257324219
-783.93359375 -251.61370849609375 406.59222412109375
-782.98095703125 -251.4404754638672 406.8172912597656
-782.0228881835938 -251.2481231689453 407.0160217285156
-781.0768432617188 -251.12315368652344 407.2738037109375
-780.1317138671875 -251.0126190185547 407.59857177734375
-779.1696166992188 -250.8680877685547 407.7978210449219
-778.2009887695312 -250.91343688964844 408.0202941894531
-777.216552734375 -250.86947631835935 408.1526794433594
-776.2593994140625 -250.7077178955078 408.3904724121094
-775.3272705078125 -250.4328765869141 408.6158447265625
-774.3831176757812 -250.25161743164065 408.8887939453125
-773.4368896484375 -250.20269775390625 409.20123291015625
-772.5352783203125 -250.01751708984375 409.5902099609375
-771.5996704101562 -249.92337036132812 409.8966979980469
-770.6392211914062 -249.8468475341797 410.15081787109375
-769.686279296875 -249.7732696533203 410.4534301757813
-768.7254028320312 -249.53695678710935 410.6111755371094
-767.7819213867188 -249.35191345214844 410.9561767578125
-766.8692626953125 -249.12271118164065 410.9947509765625
-765.3388671875 -248.8770446777344 411.32855224609375
-765.3388671875 -248.8770446777344 411.32855224609375
-763.958251953125 -247.61465454101565 412.20654296875
-763.0065307617188 -247.35275268554688 412.47119140625
-762.0975341796875 -247.0196228027344 412.58245849609375
-761.1017456054688 -246.99737548828125 412.6679992675781
-760.1202392578125 -246.8839111328125 412.8070983886719
-759.133056640625 -246.75973510742188 412.8923950195313
-758.1356811523438 -246.718994140625 412.84027099609375
-757.1682739257812 -246.49996948242188 412.8111877441406
-756.171630859375 -246.40589904785156 412.7984924316406
-755.2000122070312 -246.173583984375 412.78265380859375
-754.2219848632812 -246.13558959960935 412.827880859375
-753.2427368164062 -246.30014038085935 412.926513671875
-752.2677612304688 -246.09280395507812 413.03472900390625
-751.2811279296875 -245.99951171875 412.9456787109375
-750.2911376953125 -245.9871826171875 412.8310852050781
-749.3299560546875 -245.7621612548828 412.7994995117187
-748.3423461914062 -245.60743713378903 412.8663940429687
-747.3431396484375 -245.66470336914065 412.8835754394531
-746.3734130859375 -245.44232177734375 412.82659912109375
-745.3988037109375 -245.3023681640625 412.7183532714844
-744.39990234375 -245.32135009765625 412.7119445800781
-743.4097290039062 -245.28326416015625 412.8585815429687
-742.4259643554688 -245.1697235107422 412.9878234863281
-741.4320678710938 -245.16156005859375 413.07708740234375
-740.4661865234375 -245.07228088378903 413.3125
-739.5101318359375 -245.0904083251953 413.58831787109375
-738.5198364257812 -244.95278930664065 413.6226806640625
-737.5330200195312 -244.86427307128903 413.75201416015625
-736.5613403320312 -244.96437072753903 413.9827575683594
-735.5828247070312 -244.91175842285156 413.9993896484375
-734.5864868164062 -244.84751892089844 413.9898376464844
-733.593017578125 -244.95431518554688 414.06109619140625
-732.640380859375 -244.9381103515625 414.356201171875
-731.6532592773438 -244.81398010253903 414.4590148925781
-730.6591186523438 -244.82977294921875 414.5362243652344
-729.7340698242188 -244.6301422119141 414.843505859375
-728.75390625 -244.51641845703125 414.99749755859375
-727.7781372070312 -244.38931274414065 415.1488342285156
-726.79296875 -244.1275329589844 415.204833984375
-725.8427734375 -244.14442443847656 415.4728393554687
-724.8723754882812 -243.972412109375 415.6271057128906
-723.9033813476562 -244.03875732421875 415.7803955078125
-722.8982543945312 -244.20425415039065 415.6532897949219
-721.9299926757812 -244.27178955078125 415.7897338867187
-720.963623046875 -244.04791259765625 415.7841491699219
-719.9673461914062 -244.08477783203125 415.8221435546875
-718.9603271484375 -244.060302734375 415.894775390625
-717.9985961914062 -244.135498046875 416.1556701660156
-717.1013793945312 -244.1217498779297 416.58551025390625
-716.1277465820312 -244.20074462890625 416.8254089355469
-715.1530151367188 -244.3140411376953 416.9991760253906
-714.1708984375 -244.49014282226565 417.0389099121094
-713.2024536132812 -244.72366333007812 417.1338806152344
-712.2313232421875 -244.97061157226565 417.1672058105469
-711.24560546875 -244.86781311035156 417.18206787109375
-710.2503051757812 -244.94911193847656 417.1098937988281
-709.2664184570312 -245.0955352783203 417.2065124511719
-708.300537109375 -245.0384063720703 417.1230773925781
-707.3214111328125 -245.2103729248047 417.25091552734375
-706.3583984375 -245.3152008056641 417.4869384765625
-705.3754272460938 -245.3751983642578 417.4946594238281
-704.3756103515625 -245.3954315185547 417.4464111328125
-703.4076538085938 -245.6174774169922 417.3255310058594
-702.6773071289062 -246.2453460693359 417.2439575195313
-701.7288818359375 -246.37025451660156 417.33984375
-700.9288940429688 -246.0869140625 416.736328125
-700.0606079101562 -245.57765197753903 416.4534301757813
-699.117919921875 -245.25096130371097 416.704345703125
-698.2207641601562 -245.4254608154297 417.1042175292969
-697.2758178710938 -245.5079803466797 417.42279052734375
-696.296630859375 -245.49453735351565 417.4319763183594
-695.2684326171875 -245.5212860107422 417.2291564941406
-694.3171997070312 -245.565673828125 417.43951416015625
-693.3195190429688 -245.37673950195312 417.45611572265625
-692.3524169921875 -245.1781463623047 417.30181884765625
-691.3721923828125 -245.06982421875 417.2037963867187
-690.3984375 -244.8951110839844 417.1847229003906
-689.4307250976562 -244.8303985595703 417.3544006347656
-688.4323120117188 -244.97933959960935 417.4127807617187
-687.4752807617188 -245.0519256591797 417.424072265625
-686.4998779296875 -245.0840759277344 417.7440185546875
-685.5162963867188 -244.9675750732422 417.7413024902344
-684.5225219726562 -245.16758728027344 417.9089965820313
-683.555908203125 -245.0544891357422 417.80084228515625
-682.5828247070312 -244.88360595703125 418.000732421875
-681.584228515625 -244.9244842529297 418.0801086425781
-680.6068725585938 -244.82000732421875 418.21392822265625
-679.6168823242188 -244.7542724609375 418.226318359375
-678.6222534179688 -244.7438507080078 418.3447570800781
-677.6669921875 -244.7139892578125 418.6241760253906
-676.7094116210938 -244.87010192871097 418.8724365234375
-675.760009765625 -244.91392517089844 419.1822814941406
-674.7695922851562 -244.88104248046875 419.2486572265625
-673.810302734375 -244.87831115722656 419.51123046875
-672.8348388671875 -244.9661407470703 419.7173767089844
-671.8262939453125 -245.03985595703125 419.6550598144531
-670.8681640625 -245.16551208496097 419.6306762695313
-669.9439697265625 -244.99215698242188 419.9250183105469
-668.9586181640625 -245.0015106201172 420.0570068359375
-668.00830078125 -244.94900512695312 420.3374938964844
-667.0494384765625 -244.8528289794922 420.5814514160156
-666.0498046875 -244.7800750732422 420.6841125488281
-665.068603515625 -244.80484008789065 420.86474609375
-664.0741577148438 -244.7779541015625 420.9087219238281
-663.0841674804688 -244.60955810546875 420.8626098632813
-662.1121826171875 -244.44793701171875 421.0305480957031
-661.1270751953125 -244.39544677734375 421.1705627441406
-660.1400756835938 -244.50033569335935 421.2149658203125
-659.1530151367188 -244.3645477294922 421.3347473144531
-658.2063598632812 -244.4593963623047 421.6400146484375
-657.2305297851562 -244.5776824951172 421.8378601074219
-656.2416381835938 -244.5168304443359 421.9788513183594
-655.2674560546875 -244.32998657226565 422.1190185546875
-654.2734375 -244.2198028564453 422.1249694824219
-653.2923583984375 -244.16099548339844 421.9768676757813
-652.2992553710938 -244.048583984375 422.0614013671875
-651.3662719726562 -243.8450927734375 421.7453002929687
-650.3867797851562 -243.85775756835935 421.75103759765625
-649.434326171875 -243.9670562744141 422.0541076660156
-648.4481201171875 -244.01773071289065 422.0324096679687
-647.451416015625 -244.01150512695312 421.97711181640625
-646.45263671875 -243.98289489746097 421.9226379394531
-645.4767456054688 -243.83445739746097 421.8756713867187
-644.4898071289062 -243.8111572265625 421.895263671875
-643.5323486328125 -243.54025268554688 421.77587890625
-642.5940551757812 -243.1846160888672 421.9016723632813
-641.6527099609375 -243.1062469482422 421.6867370605469
-640.6560668945312 -243.0573272705078 421.6957702636719
-639.6644897460938 -243.11572265625 421.8151550292969
-638.6795043945312 -243.170654296875 422.0103454589844
-637.69482421875 -243.1154327392578 421.8680725097656
-636.7213745117188 -242.9712829589844 421.9761657714844
-635.72607421875 -242.9650726318359 422.0576477050781
-634.741943359375 -242.85496520996097 421.9503479003906
-633.767822265625 -242.6988525390625 422.10498046875
-632.8035888671875 -242.42401123046875 422.1327209472656
-631.8551025390625 -242.1084442138672 422.1929931640625
-630.900146484375 -241.95945739746097 422.4867858886719
-629.9251098632812 -241.80133056640625 422.3876037597656
-628.9660034179688 -241.53567504882812 422.5265502929687
-628.0121459960938 -241.3093109130859 422.7053527832031
-627.09423828125 -241.2619781494141 423.0547180175781
-626.1244506835938 -241.14390563964844 423.2804870605469
-625.1605224609375 -241.021484375 423.5135192871094
-624.1829223632812 -241.02935791015625 423.6005554199219
-623.1929321289062 -240.9626922607422 423.557861328125
-622.199951171875 -240.86509704589844 423.6032409667969
-621.2335205078125 -240.70388793945312 423.3934326171875
-620.244873046875 -240.6750335693359 423.5017700195313
-619.2958374023438 -240.88796997070312 423.734619140625
-618.3273315429688 -240.8230133056641 423.937255859375
-617.3455810546875 -240.83319091796875 423.784423828125
-616.3477783203125 -240.80238342285156 423.8333740234375
-615.3621215820312 -240.81752014160156 423.6705627441406
-614.37255859375 -240.9698181152344 423.6858215332031
-613.3998413085938 -240.97366333007812 423.5271911621094
-612.48046875 -240.9397430419922 423.0720520019531
-611.5325927734375 -240.92398071289065 422.9786376953125
-610.6483154296875 -241.00244140625 423.4425048828125
-609.7056884765625 -241.1602325439453 423.7535095214844
-608.7202758789062 -241.2087554931641 423.71484375
-607.7314453125 -241.03038024902344 423.6160278320313
-606.7194213867188 -240.90805053710935 423.63323974609375
-605.7979125976562 -240.96153259277344 423.3522644042969
-604.8453369140625 -240.88546752929688 423.08447265625
-603.8639526367188 -240.89959716796875 422.9223327636719
-602.8857421875 -240.9173126220703 422.74212646484375
-601.8878173828125 -240.94662475585935 422.6568298339844
-600.910888671875 -240.81024169921875 422.46484375
-599.9546508789062 -240.6579132080078 422.3264465332031
-599.00244140625 -240.6829833984375 422.1225280761719
-598.0067749023438 -240.5341339111328 421.8050537109375
-598.0067749023438 -240.5341339111328 421.8050537109375
-597.04833984375 -240.2261962890625 420.3469848632813
-596.116455078125 -240.0966033935547 419.8353271484375
-595.2168579101562 -240.14501953125 419.5675659179687
-594.3045654296875 -240.0384063720703 419.1246948242187
-593.3375854492188 -240.15753173828125 418.873779296875
-592.3583374023438 -240.30270385742188 418.6339416503906
-591.4261474609375 -240.36639404296875 418.2410583496094
-590.4768676757812 -240.4727783203125 417.9029541015625
-589.527099609375 -240.58621215820312 417.5725402832031
-588.5618286132812 -240.67491149902344 417.2887268066406
-587.5731811523438 -240.8339385986328 417.13421630859375
-586.6138916015625 -240.93624877929688 416.8267517089844
-585.642578125 -240.9443817138672 416.5686645507813
-584.65380859375 -241.0823974609375 416.4316101074219
-583.7159423828125 -241.2871551513672 416.1067504882813
-582.7529907226562 -241.3537445068359 415.8219299316406
-581.7838134765625 -241.4611663818359 415.574462890625
-580.7973022460938 -241.58810424804688 415.38385009765625
-579.7938232421875 -241.6590576171875 415.2619323730469
-578.828369140625 -241.7915954589844 414.9842224121094
-577.8764038085938 -241.98776245117188 414.7078552246094
-576.91064453125 -242.2550506591797 414.5772705078125
-575.9478759765625 -242.47357177734375 414.4241638183594
-574.9697265625 -242.4095001220703 414.1219177246094
-573.9970092773438 -242.59266662597656 413.8924560546875
-573.0084838867188 -242.62538146972656 413.6841125488281
-572.0336303710938 -242.8077850341797 413.5071716308594
-571.0411376953125 -242.9017791748047 413.3207702636719
-570.0686645507812 -243.06163024902344 413.1388549804687
-569.1290283203125 -243.13833618164065 412.79595947265625
-568.199951171875 -243.45941162109375 412.5744018554687
-567.207763671875 -243.62347412109375 412.4529724121094
-566.2197265625 -243.7497711181641 412.2878723144531
-565.2330322265625 -243.9410858154297 412.1683349609375
-564.22216796875 -244.02340698242188 412.1350708007813
-563.2625732421875 -244.20599365234375 411.8815612792969
-562.3194580078125 -244.4811859130859 411.63177490234375
-561.3569946289062 -244.69131469726565 411.4252014160156
-560.3777465820312 -244.8160858154297 411.2175903320313
-559.4212036132812 -245.00863647460935 410.9488525390625
-558.4580688476562 -245.2415771484375 410.750244140625
-557.5061645507812 -245.51727294921875 410.560546875
-556.551513671875 -245.78819274902344 410.3662414550781
-555.5842895507812 -246.0221405029297 410.1813659667969
-554.6060791015625 -246.22491455078125 410.0749816894531
-553.6065063476562 -246.36585998535156 409.9844665527344
-552.6325073242188 -246.5504608154297 409.7832336425781
-551.6390991210938 -246.5707244873047 409.5888366699219
-550.652587890625 -246.67254638671875 409.3808898925781
-549.653564453125 -246.7758331298828 409.2838134765625
-548.64697265625 -246.90548706054688 409.2513122558594
-547.6520385742188 -247.0915985107422 409.2132263183594
-546.6842651367188 -247.30825805664065 409.0110473632813
-545.7557983398438 -247.55763244628903 408.6963806152344
-544.7918090820312 -247.7785491943359 408.4866333007813
-543.8049926757812 -247.95510864257812 408.3464660644531
-542.8163452148438 -248.07139587402344 408.16448974609375
-541.83056640625 -248.20558166503903 408.01605224609375
-540.8407592773438 -248.3513031005859 407.863037109375
-539.8684692382812 -248.54595947265625 407.6686706542969
-538.904541015625 -248.71603393554688 407.4347839355469
-537.9559326171875 -249.0347900390625 407.2844848632813
-536.9563598632812 -249.27618408203125 407.2943420410156
-535.941650390625 -249.3852996826172 407.24127197265625
-534.9788208007812 -249.4956970214844 406.9776611328125
-533.983154296875 -249.6477813720703 406.8521728515625
-532.9768676757812 -249.70770263671875 406.7414245605469
-531.970703125 -249.72933959960935 406.6479187011719
-530.9725341796875 -249.8352508544922 406.5116271972656
-530.0046997070312 -249.97543334960935 406.23333740234375
-529.0538940429688 -250.17233276367188 406.3771362304687
-598.0067749023438 -240.5341339111328 421.8050537109375
-596.2799682617188 -240.47547912597656 422.6507263183594
-595.270751953125 -240.36488342285156 422.6709289550781
-594.28759765625 -240.32147216796875 422.7803649902344
-593.2776489257812 -240.4919586181641 422.8382568359375
-592.3297729492188 -240.09793090820312 422.7228698730469
-591.3749389648438 -239.8936767578125 422.9837951660156
-590.5152587890625 -239.5358428955078 423.3327331542969
-589.6597290039062 -239.0663604736328 423.45611572265625
-588.6814575195312 -239.11056518554688 423.86578369140625
-587.8081665039062 -238.69773864746097 423.8866882324219
-586.868896484375 -238.37110900878903 423.9703369140625
-585.9520874023438 -237.9943084716797 423.8535461425781
-584.9821166992188 -237.78672790527344 423.71575927734375
-584.0478515625 -237.4488983154297 423.8815612792969
-583.056884765625 -237.4450836181641 424.05316162109375
-582.0843505859375 -237.20814514160156 424.1408996582031
-581.0940551757812 -237.18321228027344 424.2980041503906
-580.1652221679688 -237.060302734375 424.6000671386719
-579.222900390625 -236.8258056640625 424.78375244140625
-578.2885131835938 -236.5118408203125 424.6977844238281
-577.3306884765625 -236.2737579345703 424.7925109863281
-576.3400268554688 -236.12503051757812 424.9057922363281
-575.3623046875 -236.10186767578125 425.02734375
-574.3502197265625 -236.1633148193359 425.0735778808594
-573.4368286132812 -235.9602203369141 425.3366394042969
-572.4353637695312 -235.8372802734375 425.4307556152344
-571.4411010742188 -235.81248474121097 425.5558776855469
-570.4337768554688 -235.92576599121097 425.66009521484375
-569.5371704101562 -235.5049743652344 425.783203125
-568.654541015625 -235.91329956054688 425.8938293457031
-567.6835327148438 -236.21827697753903 425.9734497070313
-566.8020629882812 -236.6752166748047 426.1622009277344
-565.8850708007812 -237.0571746826172 426.2654724121094
-565.0194091796875 -237.43795776367188 426.6179809570313
-564.29443359375 -238.13815307617188 426.5705261230469
-563.6934814453125 -238.9002685546875 426.8324279785156
-563.4036254882812 -239.85752868652344 426.9454956054687
-563.1925659179688 -240.8173370361328 427.0635986328125
-563.155517578125 -241.78509521484375 427.3435363769531
-563.1693115234375 -242.78094482421875 427.4565124511719
-563.2330322265625 -243.79640197753903 427.3414001464844
-563.3320922851562 -244.7931671142578 427.30810546875
-563.2393798828125 -245.76502990722656 427.5545043945313
-563.2900390625 -246.78997802734375 427.55078125
-563.2619018554688 -247.7899169921875 427.3830871582031
-563.0761108398438 -248.75830078125 427.5542907714844
-562.953125 -249.71160888671875 427.8565673828125
-562.5353393554688 -250.62017822265625 428.0270690917969
-765.3388671875 -248.8770446777344 411.32855224609375
-764.1563720703125 -250.2367401123047 410.754638671875
-763.3818359375 -250.6569366455078 410.2678833007813
-762.5576171875 -251.2634735107422 410.1832885742187
-761.7069702148438 -251.70916748046875 409.8285217285156
-760.8531494140625 -252.2228240966797 409.6045837402344
-759.9093017578125 -252.40277099609375 409.2908935546875
-758.9420166015625 -252.59458923339844 409.1558532714844
-757.9483642578125 -252.71914672851565 408.9512023925781
-756.990478515625 -252.8738555908203 408.6559143066406
-756.0044555664062 -253.0992889404297 408.6318054199219
-755.0291137695312 -253.3415374755859 408.5225524902344
-754.017822265625 -253.43087768554688 408.5437927246094
-753.0123291015625 -253.45460510253903 408.4440002441406
-752.0377197265625 -253.61715698242188 408.2464904785156
-751.044677734375 -253.5202789306641 408.00531005859375
-750.0669555664062 -253.59454345703125 407.7725830078125
-749.0904541015625 -253.67501831054688 407.5003662109375
-748.1234130859375 -253.72447204589844 407.44580078125
-747.1394653320312 -254.14109802246097 407.3405456542969
-746.1985473632812 -254.0249481201172 407.589111328125
-745.184326171875 -254.10934448242188 407.6011962890625
-744.1652221679688 -254.05569458007812 407.5564575195313
-743.1663208007812 -254.00875854492188 407.4694519042969
-742.2002563476562 -254.22767639160156 407.42236328125
-741.2005615234375 -254.2745361328125 407.4602661132813
-740.2076416015625 -254.0266265869141 407.3360290527344
-739.2147216796875 -254.16989135742188 407.3062744140625
-738.2280883789062 -253.8455047607422 407.2737731933594
-737.3496704101562 -253.9097442626953 407.4807434082031
-736.4547119140625 -254.13926696777344 407.4183349609375
-735.47021484375 -254.0315399169922 407.6291198730469
-734.4969482421875 -254.0749969482422 407.84515380859375
-733.5737915039062 -253.8695831298828 408.1097412109375
-732.7267456054688 -253.6350250244141 408.5768737792969
-731.7219848632812 -253.5634307861328 408.6159362792969
-730.749267578125 -253.4993896484375 408.8976440429687
-729.8519287109375 -253.61306762695312 409.3629150390625
-728.9207153320312 -253.59410095214844 409.7513427734375
-728.0028076171875 -253.6529083251953 410.1709899902344
-727.1472778320312 -253.804443359375 410.6985778808594
-726.1546630859375 -253.8841094970703 410.8450622558594
-725.1487426757812 -253.90077209472656 410.9494934082031
-724.1387329101562 -253.96365356445312 411.0265502929687
-723.1385498046875 -254.08363342285156 410.9009094238281
-722.1358642578125 -254.140869140625 411.0392150878906
-721.1265869140625 -254.02215576171875 410.9520263671875
-720.1416015625 -253.880615234375 411.0854187011719
-719.1296997070312 -253.83802795410156 411.208740234375
-718.138671875 -253.70919799804688 411.3273315429687
-717.13720703125 -253.53709411621097 411.4198913574219
-716.1757202148438 -253.60308837890625 411.6509094238281
-715.14453125 -253.62393188476565 411.647705078125
-714.143310546875 -253.53195190429688 411.6491394042969
-713.1283569335938 -253.57574462890625 411.6083679199219
-712.1226806640625 -253.61224365234375 411.62213134765625
-711.1441040039062 -253.6949462890625 411.537109375
-710.1358642578125 -253.5388641357422 411.3757019042969
-709.182373046875 -253.5059051513672 411.1681518554687
-708.2117919921875 -253.33822631835935 411.0316162109375
-707.2715454101562 -253.2222595214844 410.9322814941406
-707.2715454101562 -253.2222595214844 410.9322814941406
-706.4074096679688 -252.74871826171875 409.6969604492187
-705.5897216796875 -252.65469360351565 409.1456298828125
-704.853271484375 -252.5861053466797 408.4732666015625
-704.1152954101562 -252.6267242431641 407.80523681640625
-703.3903198242188 -252.41873168945312 407.1437377929687
-702.6619873046875 -252.57550048828125 406.4839172363281
-701.8328247070312 -252.75433349609375 405.9616394042969
-701.0090942382812 -252.8964080810547 405.4251403808594
-700.1904907226562 -253.07569885253903 404.8755187988281
-699.4154052734375 -253.45359802246097 404.38232421875
-698.5379028320312 -253.7967071533203 404.0588684082031
-697.6724853515625 -253.970458984375 403.63189697265625
-696.85595703125 -254.44378662109375 403.3375244140625
-695.9715576171875 -254.6689453125 402.9469909667969
-695.0217895507812 -254.96246337890625 402.8366394042969
-694.064697265625 -255.1082000732422 402.6313781738281
-693.0845947265625 -255.2884521484375 402.6036987304687
-692.1361694335938 -255.6228485107422 402.6914978027344
-691.169189453125 -255.47076416015625 402.7716064453125
-690.1845703125 -255.5749664306641 402.724365234375
-689.1832885742188 -255.54150390625 402.8587341308594
-688.22314453125 -255.245849609375 402.9214172363281
-687.2437133789062 -255.22610473632812 402.7337951660156
-686.3148803710938 -255.02638244628903 402.4168701171875
-685.3446655273438 -254.90618896484375 402.2693176269531
-684.3698120117188 -255.01492309570312 402.0815734863281
-683.3705444335938 -254.9783172607422 402.00390625
-682.3880615234375 -255.0110015869141 402.1463012695313
-681.41552734375 -255.08351135253903 402.2677612304687
-680.4449462890625 -254.9331817626953 402.447265625
-679.5096435546875 -254.9118804931641 402.7994689941406
-678.5547485351562 -254.62257385253903 402.8957824707031
-677.5969848632812 -254.4373321533203 403.0043029785156
-676.6375122070312 -254.15347290039065 403.0066528320313
-675.6748046875 -253.9379119873047 403.15618896484375
-674.7263793945312 -253.73814392089844 403.3883666992187
-673.7410278320312 -253.59136962890625 403.3849182128906
-672.7600708007812 -253.5269470214844 403.5879821777344
-671.7957153320312 -253.4084625244141 403.78228759765625
-670.8291625976562 -253.22149658203125 403.9148254394531
-669.83349609375 -253.1236572265625 403.9261474609375
-668.9302978515625 -252.78369140625 404.0355224609375
-667.9657592773438 -252.6626434326172 404.2004699707031
-666.9765625 -252.61642456054688 404.21136474609375
-665.9865112304688 -252.43751525878903 404.1469421386719
-664.98779296875 -252.40223693847656 404.0816650390625
-664.014892578125 -252.54608154296875 403.9670715332031
-663.1022338867188 -252.4811248779297 404.3713073730469
-662.1232299804688 -252.40283203125 404.4443359375
-661.1572265625 -252.23008728027344 404.4949035644531
-660.1502075195312 -252.42108154296875 404.2199096679687
-659.1963500976562 -252.31436157226565 404.3927612304687
-658.2363891601562 -252.1017913818359 404.551513671875
-657.2808837890625 -251.85389709472656 404.4034729003906
-656.29248046875 -251.7520446777344 404.32525634765625
-655.3248901367188 -251.5115509033203 404.3714599609375
-654.3532104492188 -251.36526489257812 404.30963134765625
-653.3756103515625 -251.1991424560547 404.4377746582031
-652.4067993164062 -251.10145568847656 404.6648559570313
-651.4878540039062 -250.70751953125 404.56341552734375
-650.5946044921875 -250.3724365234375 404.8456115722656
-649.6946411132812 -249.97952270507812 405.0045471191406
-648.8056640625 -249.6180419921875 405.2721862792969
-647.8624267578125 -249.33038330078125 405.232666015625
-646.9472045898438 -249.02056884765625 405.4368591308594
-646.013427734375 -248.713134765625 405.5566711425781
-645.158203125 -248.2430419921875 405.7144470214844
-644.3197021484375 -247.72396850585935 405.74078369140625
-643.3792114257812 -247.4187164306641 405.8876037597656
-642.488525390625 -246.98898315429688 406.0242309570313
-641.5736694335938 -246.65345764160156 406.1725158691406
-640.6851196289062 -246.2218475341797 406.1294250488281
-639.810302734375 -245.7838592529297 406.3233947753906
-638.981689453125 -245.25665283203125 406.2394714355469
-638.0681762695312 -244.9349365234375 406.4642333984375
-637.1602783203125 -244.63169860839844 406.7193298339844
-636.3084106445312 -244.12791442871097 406.8014221191406
-635.4237060546875 -243.7016143798828 406.9813232421875
-634.5306396484375 -243.29356384277344 407.130859375
-633.6035766601562 -242.99085998535156 407.3225708007813
-632.7308959960938 -242.58311462402344 407.4949340820313
-631.8582763671875 -242.12400817871097 407.6537780761719
-630.9436645507812 -241.7206268310547 407.6874084472656
-630.008544921875 -241.3804168701172 407.7616271972656
-629.13525390625 -240.91827392578125 407.8885498046875
-628.2528076171875 -240.4601287841797 407.9526062011719
-627.3195190429688 -240.17588806152344 408.0992126464844
-626.353759765625 -240.0224609375 408.0314025878906
-625.4109497070312 -239.7870330810547 408.1983642578125
-624.4808959960938 -239.5263671875 408.3904418945313
-623.5166625976562 -239.41209411621097 408.558349609375
-622.5885009765625 -239.04269409179688 408.5960693359375
-621.6032104492188 -239.11990356445312 408.6025085449219
-620.6275024414062 -239.1118927001953 408.74945068359375
-619.652099609375 -239.0529632568359 408.96527099609375
-618.7123413085938 -238.7749481201172 408.8719787597656
-617.7611083984375 -238.9634552001953 409.0410461425781
-616.7581176757812 -238.95742797851565 409.08642578125
-615.8511962890625 -239.2576446533203 409.191650390625
-614.9263305664062 -239.55967712402344 409.1030578613281
-614.1409301757812 -240.1470184326172 409.4531555175781
-613.3558959960938 -240.73336791992188 409.5497131347656
-612.7772827148438 -241.50732421875 409.71337890625
-612.2760009765625 -242.38006591796875 409.76519775390625
-611.7090454101562 -243.1903076171875 409.81402587890625
-611.3361206054688 -244.05140686035156 410.1459655761719
-611.076171875 -245.01019287109375 410.32269287109375
-610.931884765625 -245.97991943359375 410.3294677734375
-610.6682739257812 -246.93771362304688 410.4835815429687
-610.6324462890625 -247.92739868164065 410.57470703125
-610.4131469726562 -248.90382385253903 410.5202026367187
-610.0234375 -249.79200744628903 410.7472534179687
-609.4788818359375 -250.6177215576172 410.7682800292969
-608.8560791015625 -251.34776306152344 410.87493896484375
-608.0584716796875 -251.8982696533203 410.6951293945313
-1023.232666015625 -243.34182739257812 265.7864685058594
-1031.6573486328125 -231.23715209960935 256.654052734375
-1032.2264404296875 -230.6856689453125 256.32330322265625
-1032.99658203125 -229.9934844970703 255.82037353515625
-1033.694091796875 -229.3434295654297 255.4392242431641
-1034.4544677734375 -228.69879150390625 255.1418304443359
-1035.29931640625 -228.19525146484375 254.89990234375
-1036.2408447265625 -227.93267822265625 254.68670654296875
-1037.2098388671875 -227.69923400878903 254.5562438964844
-1038.2027587890625 -227.5287322998047 254.58450317382812
-1039.191162109375 -227.34930419921875 254.63673400878903
-1040.17529296875 -227.16311645507812 254.53750610351565
-1041.1729736328125 -227.1276702880859 254.41607666015625
-1042.1849365234375 -227.14483642578125 254.43052673339844
-1043.1688232421875 -227.33786010742188 254.43519592285156
-1044.1224365234375 -227.6561737060547 254.39599609375
-1045.1024169921875 -227.8917999267578 254.4147491455078
-1046.0247802734375 -228.28469848632812 254.3669586181641
-1046.9830322265625 -228.59420776367188 254.26609802246097
-1047.9671630859375 -228.78778076171875 254.29360961914065
-1048.9580078125 -228.9592437744141 254.2741241455078
-1049.8997802734375 -229.2907562255859 254.11997985839844
-1050.828369140625 -229.67605590820312 254.0555877685547
-1051.7618408203125 -230.04637145996097 254.01144409179688
-1052.7021484375 -230.38375854492188 253.9008026123047
-1053.55419921875 -230.78857421875 253.55174255371097
-1054.4405517578125 -231.1406707763672 253.23428344726565
-1055.3551025390625 -231.3625640869141 252.8666534423828
-1056.286376953125 -231.43295288085935 252.4984893798828
-1057.1988525390625 -231.6097412109375 252.1019287109375
-1058.0853271484375 -231.86126708984375 251.7035369873047
-1058.947021484375 -232.2371368408203 251.34158325195312
-1059.8525390625 -232.4763336181641 250.983154296875
-1060.7720947265625 -232.6160430908203 250.5946044921875
-1061.65576171875 -232.93780517578125 250.24899291992188
-1062.5362548828125 -233.26995849609375 249.89259338378903
-1063.373779296875 -233.531494140625 249.4009704589844
-1064.164306640625 -233.8716278076172 248.8787841796875
-1064.94873046875 -234.30482482910156 248.42144775390625
-1065.746826171875 -234.68113708496097 247.9444274902344
-1066.538818359375 -235.07974243164065 247.4738616943359
-1067.281005859375 -235.51651000976565 246.95542907714844
-1068.02294921875 -235.91326904296875 246.4038543701172
-1068.6981201171875 -236.32763671875 245.78616333007812
-1069.4532470703125 -236.70669555664065 245.2453155517578
-1070.2022705078125 -237.1641082763672 244.76126098632812
-1070.965087890625 -237.5310821533203 244.23695373535156
-1071.771484375 -237.821044921875 243.76211547851565
-1073.9456787109375 -238.68057250976565 242.6219482421875
-1073.9456787109375 -238.68057250976565 242.6219482421875
-1076.671142578125 -241.59365844726565 243.1117401123047
-1077.4840087890625 -242.1418914794922 242.87783813476565
-1078.3189697265625 -242.68771362304688 242.66998291015625
-1079.1900634765625 -243.2239990234375 242.53749084472656
-1079.99951171875 -243.73426818847656 242.18972778320312
-1080.8592529296875 -244.2648162841797 242.0033721923828
-1081.6600341796875 -244.86041259765625 241.78289794921875
-1082.43017578125 -245.4843292236328 241.5952911376953
-1083.1976318359375 -245.98715209960935 241.12109375
-1084.0616455078125 -246.4781036376953 240.83953857421875
-1084.900634765625 -246.87783813476565 240.44512939453125
-1085.6895751953125 -247.44496154785156 240.0933532714844
-1086.505615234375 -247.8760986328125 239.65245056152344
-1087.36474609375 -248.34275817871097 239.37420654296875
-1088.1295166015625 -248.82882690429688 238.8927459716797
-1088.9290771484375 -249.22720336914065 238.3760986328125
-1089.7947998046875 -249.5902099609375 237.98416137695312
-1090.69287109375 -249.87892150878903 237.6136016845703
-1091.573486328125 -250.16790771484375 237.21424865722656
-1092.4271240234375 -250.3502960205078 236.835693359375
-1094.69091796875 -251.0709228515625 235.82452392578125
-1094.69091796875 -251.0709228515625 235.82452392578125
-1095.911865234375 -252.13853454589844 232.83924865722656
-1096.5406494140625 -252.4727478027344 232.1504821777344
-1097.1824951171875 -252.67286682128903 231.3925018310547
-1097.7169189453125 -253.01602172851565 230.6236267089844
-1098.26904296875 -253.35118103027344 229.84902954101565
-1098.753173828125 -253.52859497070312 228.98971557617188
-1099.18603515625 -253.6678009033203 228.1014404296875
-1099.632568359375 -253.9241943359375 227.2398681640625
-1100.0067138671875 -254.0961456298828 226.3326873779297
-1100.54345703125 -254.23545837402344 225.5147399902344
-1100.775634765625 -254.2512664794922 224.5589599609375
-1100.6832275390625 -254.4544219970703 223.5327911376953
-1100.7398681640625 -254.69444274902344 222.578857421875
-1100.7340087890625 -254.63360595703125 221.55978393554688
-1100.5450439453125 -254.72618103027344 220.5872344970703
-1100.4072265625 -254.93484497070312 219.614990234375
-1100.1304931640625 -254.96182250976565 218.6569061279297
-1100.098388671875 -255.16371154785156 217.67428588867188
-1099.931396484375 -255.4151611328125 216.7277069091797
-1099.5888671875 -255.405029296875 215.78387451171875
-1099.1124267578125 -255.43028259277344 214.88035583496097
-1098.6085205078125 -255.62294006347656 214.0104217529297
-1098.2802734375 -255.84072875976565 213.09898376464844
-1098.0291748046875 -256.01263427734375 212.1628875732422
-1097.441162109375 -256.134521484375 211.32606506347656
-1096.9066162109375 -256.0434875488281 210.4716796875
-1096.463623046875 -256.2613525390625 209.6045837402344
-1095.9263916015625 -256.2273864746094 208.75527954101565
-1095.432861328125 -256.1733703613281 207.8794403076172
-1095.09765625 -256.203857421875 206.9398956298828
-1094.778564453125 -255.9703063964844 205.9960174560547
-1094.3382568359375 -256.0842590332031 205.15191650390625
-1093.8072509765625 -256.4394226074219 204.35923767089844
-1093.3145751953125 -256.4211120605469 203.4845733642578
-1092.8056640625 -256.2889099121094 202.6121368408203
-1092.1964111328125 -256.507568359375 201.8701629638672
-1091.633056640625 -256.65948486328125 201.07351684570312
-1091.129150390625 -256.5946350097656 200.17514038085935
-1090.6220703125 -256.7842712402344 199.35061645507812
-1090.1009521484375 -257.0099182128906 198.53855895996097
-1089.5419921875 -257.0413818359375 197.6892852783203
-1088.91015625 -257.1298522949219 196.90457153320312
-1088.35546875 -257.3927307128906 196.1240234375
-1087.707275390625 -257.4211730957031 195.34918212890625
-1087.1572265625 -257.5671081542969 194.52581787109375
-1086.6077880859375 -257.7052917480469 193.71441650390625
-1086.0927734375 -257.7746887207031 192.8596649169922
-1085.518310546875 -258.0316162109375 192.07481384277344
-1085.1007080078125 -258.3310852050781 191.2239990234375
-1084.754638671875 -258.37579345703125 190.2857360839844
-1084.36279296875 -258.7089538574219 189.4194793701172
-1083.890869140625 -258.98040771484375 188.57730102539065
-1083.4136962890625 -259.3276062011719 187.77392578125
-1083.03564453125 -259.6235656738281 186.9011077880859
-1082.618408203125 -260.05267333984375 186.09963989257812
-1082.1806640625 -260.5604553222656 185.35682678222656
-1081.8052978515625 -260.7998352050781 184.4595642089844
-1081.3101806640625 -261.0699768066406 183.6280517578125
-1080.8214111328125 -261.4779357910156 182.8511657714844
-1080.57080078125 -261.9657897949219 182.0089111328125
-1080.218994140625 -262.2774963378906 181.13174438476565
-1079.74072265625 -262.7569885253906 180.39883422851565
-1079.38037109375 -263.12481689453125 179.5195770263672
-1078.8040771484375 -263.51055908203125 178.81866455078125
-1078.506103515625 -263.9132995605469 177.97813415527344
-1078.3328857421875 -264.33123779296875 177.04698181152344
-1077.9244384765625 -264.8284606933594 176.28700256347656
-1077.7615966796875 -265.3218078613281 175.42501831054688
-1077.6075439453125 -265.744384765625 174.52435302734375
-1077.166259765625 -266.1929016113281 173.74273681640625
-1076.781982421875 -266.5952453613281 172.91224670410156
-1076.534423828125 -267.0314636230469 172.04922485351565
-1076.1724853515625 -267.40191650390625 171.1852569580078
-1075.81005859375 -267.8749084472656 170.39137268066406
-1075.344482421875 -268.1275634765625 169.51864624023438
-1074.962890625 -268.6014404296875 168.75111389160156
-1074.434814453125 -269.0573425292969 168.04197692871094
-1073.9100341796875 -269.296875 167.2154541015625
-1073.330078125 -269.6498718261719 166.47085571289065
-1072.7777099609375 -269.9915466308594 165.70030212402344
-1072.1492919921875 -270.26019287109375 164.9945831298828
-1071.62646484375 -270.477294921875 164.17962646484375
-1071.083740234375 -270.73016357421875 163.39060974121094
-1070.38427734375 -270.82379150390625 162.6575469970703
-1069.642822265625 -270.9151916503906 161.9967498779297
-1068.885986328125 -271.10394287109375 161.3706512451172
-1068.1925048828125 -271.2557373046875 160.68893432617188
-1067.5386962890625 -271.04498291015625 159.9274444580078
-1066.7921142578125 -271.1171569824219 159.30259704589844
-1066.05029296875 -271.2854309082031 158.66357421875
-1065.321044921875 -271.3472595214844 157.98321533203125
-1064.4840087890625 -271.3031311035156 157.4445037841797
-1063.634765625 -271.3581848144531 156.92405700683594
-1062.8050537109375 -271.25311279296875 156.38522338867188
-1061.919677734375 -271.0829772949219 155.95018005371094
-1061.0328369140625 -271.1260986328125 155.48175048828125
-1060.1129150390625 -270.99273681640625 155.1177215576172
-1059.2060546875 -270.83233642578125 154.67596435546875
-1058.321533203125 -270.9947509765625 154.2526092529297
-1057.3955078125 -270.95318603515625 153.8634490966797
-1056.476318359375 -270.73895263671875 153.52032470703125
-1055.5250244140625 -270.6308288574219 153.23834228515625
-1054.73046875 -270.2969970703125 152.72589111328125
-1053.7933349609375 -270.22137451171875 152.38742065429688
-1052.86279296875 -270.0238342285156 152.0966033935547
-1052.0118408203125 -269.8603820800781 151.59005737304688
-1051.0577392578125 -269.7963562011719 151.31109619140625
-1050.0914306640625 -269.7287902832031 151.0402069091797
-1049.325439453125 -269.3091735839844 150.58058166503906
-1048.4742431640625 -269.0404968261719 150.1108856201172
-1047.6002197265625 -268.8900146484375 149.65037536621094
-1046.774658203125 -268.6513671875 149.136962890625
-1045.90283203125 -268.36102294921875 148.7370147705078
-1045.0218505859375 -268.0320739746094 148.3902130126953
-1044.1954345703125 -267.7547607421875 147.9014129638672
-1043.35791015625 -267.4315490722656 147.45558166503906
-1042.478271484375 -267.2297058105469 147.0255126953125
-1041.6383056640625 -267.0470275878906 146.51071166992188
-1040.739990234375 -266.84130859375 146.1253204345703
-1039.89013671875 -266.5492248535156 145.691162109375
-1038.99365234375 -266.3847961425781 145.2843017578125
-1038.088134765625 -266.1412048339844 144.9354248046875
-1037.172119140625 -265.8997802734375 144.61338806152344
-1036.310302734375 -265.5768737792969 144.22589111328125
-1035.423828125 -265.2652587890625 143.87319946289065
-1034.5059814453125 -265.0726318359375 143.5223846435547
-1033.60888671875 -264.7935791015625 143.17579650878906
-1032.706787109375 -264.56817626953125 142.8048553466797
-1031.7947998046875 -264.3592224121094 142.45452880859375
-1030.9130859375 -264.149658203125 142.03648376464844
-1030.0274658203125 -263.92156982421875 141.63150024414065
-1029.1241455078125 -263.7043762207031 141.2592010498047
-1028.1939697265625 -263.4496154785156 140.99172973632812
-1027.271728515625 -263.2240295410156 140.68035888671875
-1026.366455078125 -262.9705505371094 140.33609008789065
-1025.455810546875 -262.76446533203125 139.98184204101565
-1024.492919921875 -262.643798828125 139.7377166748047
-1023.5380249023438 -262.47698974609375 139.4941864013672
-1022.6844482421876 -262.1826477050781 139.06373596191406
-1021.754638671875 -261.9803466796875 138.75466918945312
-1020.834716796875 -261.7684326171875 138.42971801757812
-1019.9259643554688 -261.5399475097656 138.07908630371094
-1019.0423583984376 -261.2347717285156 137.71817016601565
-1018.109619140625 -261.09521484375 137.37196350097656
-1017.2089233398438 -260.7353515625 137.1255645751953
-1016.2999877929688 -260.4813232421875 136.78553771972656
-1015.4068603515624 -260.20977783203125 136.43551635742188
-1014.4481811523438 -260.02008056640625 136.2212677001953
-1013.517822265625 -259.6984558105469 136.05567932128906
-1012.572021484375 -259.44598388671875 135.85580444335938
-1011.65087890625 -259.1379699707031 135.63047790527344
-1010.7139282226564 -258.8445739746094 135.4066925048828
-1009.7582397460938 -258.8305358886719 135.12655639648438
-1008.8455810546876 -258.5857238769531 134.79469299316406
-1007.934326171875 -258.2997741699219 134.4960174560547
-1006.9955444335938 -258.1797790527344 134.1688232421875
-1006.1100463867188 -258.0355224609375 133.73121643066406
-1005.1646118164064 -257.9139404296875 133.40264892578125
-1004.2449340820312 -257.82513427734375 133.03097534179688
-1003.2925415039064 -257.66937255859375 132.7647247314453
-1002.34765625 -257.5711364746094 132.45668029785156
-1001.4839477539064 -257.38250732421875 131.98294067382812
-1000.5252075195312 -257.2670593261719 131.70655822753906
-999.6243896484376 -257.1955261230469 131.2881622314453
-998.7259521484376 -257.172607421875 130.8500213623047
-997.8169555664064 -257.1601867675781 130.4347381591797
-996.875 -257.1634521484375 130.10720825195312
-995.9481201171876 -256.95404052734375 129.7838134765625
-994.9610595703124 -256.8349914550781 129.6704864501953
-994.0114135742188 -256.69921875 129.39865112304688
-993.0523681640624 -256.5178527832031 129.17587280273438
-992.0953979492188 -256.4154968261719 128.90113830566406
-991.13623046875 -256.4186706542969 128.603515625
-990.1891479492188 -256.35400390625 128.26953125
-989.2742309570312 -256.4161376953125 127.87698364257812
-988.358154296875 -256.337890625 127.47249603271484
-987.442626953125 -256.3183288574219 127.0684814453125
-986.5076904296876 -256.3075256347656 126.71936798095705
-985.5596923828124 -256.30242919921875 126.40206909179688
-984.6126708984376 -256.4062194824219 126.09445190429688
-983.6795654296876 -256.4057312011719 125.74075317382812
-982.7553100585938 -256.36822509765625 125.35784149169922
-981.827880859375 -256.4302978515625 124.98394775390624
-980.930419921875 -256.5171813964844 124.5529556274414
-980.0335693359376 -256.63427734375 124.11163330078124
-979.0949096679688 -256.6216125488281 123.7673110961914
-978.1928100585938 -256.70196533203125 123.34127044677734
-977.2717895507812 -256.8509521484375 122.98665618896484
-976.3660888671876 -256.89337158203125 122.55958557128906
-975.4356079101564 -256.8321533203125 122.18842315673828
-974.53369140625 -257.0088195800781 121.79069519042967
-973.6289672851564 -256.9811096191406 121.35066986083984
-972.7606811523438 -257.0147705078125 120.86608123779295
-971.803955078125 -257.03204345703125 120.5617446899414
-970.89599609375 -257.17230224609375 120.16004180908205
-969.9415893554688 -257.2747497558594 119.88311004638672
-969.063720703125 -257.460693359375 119.43801879882812
-968.1707763671876 -257.6092834472656 119.0042724609375
-967.2332763671876 -257.63531494140625 118.66317749023438
-966.3385009765624 -257.740478515625 118.2240753173828
-965.4058837890624 -257.8074951171875 117.87506103515624
-964.496826171875 -257.8436584472656 117.45980834960938
-963.5701293945312 -257.90118408203125 117.0921401977539
-962.6428833007812 -257.9787292480469 116.73004913330078
-961.7361450195312 -258.13873291015625 116.33688354492188
-960.7778930664064 -258.1756591796875 116.05120849609376
-959.7949829101564 -258.2606201171875 115.8838882446289
-958.8466186523438 -258.35504150390625 115.58566284179688
-957.935302734375 -258.5924987792969 115.25242614746094
-956.9884643554688 -258.70648193359375 114.9657211303711
-956.0352172851564 -258.8876647949219 114.71881866455078
-955.1156005859376 -259.0033264160156 114.34469604492188
-954.15087890625 -259.1263427734375 114.10993194580078
-953.1832885742188 -259.1905517578125 113.88125610351564
-952.2037353515624 -259.20458984375 113.6631851196289
-951.2208862304688 -259.3398132324219 113.53729248046876
-950.2650756835938 -259.5325622558594 113.31011199951172
-949.2955322265624 -259.6650695800781 113.10489654541016
-948.323974609375 -259.7529602050781 112.88167572021484
-947.3661499023438 -259.919677734375 112.6711883544922
-946.3826904296876 -260.04638671875 112.5394515991211
-945.4125366210938 -260.1789855957031 112.32713317871094
-944.4371948242188 -260.1800537109375 112.120849609375
-943.4483642578124 -260.285400390625 112.0566864013672
-942.4674682617188 -260.4468994140625 111.95446014404295
-941.5142822265624 -260.6933288574219 111.77684783935548
-940.5101318359376 -260.7199401855469 111.75344848632812
-939.5298461914064 -260.7371826171875 111.61691284179688
-938.5510864257812 -260.8510437011719 111.43035888671876
-937.5625 -260.9394226074219 111.35112762451172
-936.5877685546876 -261.1477966308594 111.26932525634766
-935.6226806640624 -261.3507080078125 111.0998306274414
-934.6337890625 -261.48687744140625 111.1257095336914
-933.6535034179688 -261.686767578125 111.12471771240234
-932.6743774414064 -261.888427734375 111.06552124023438
-931.6868286132812 -262.03350830078125 110.98082733154295
-930.6961059570312 -262.12835693359375 111.02434539794922
-929.704833984375 -262.2038879394531 111.08136749267578
-928.707763671875 -262.25933837890625 111.02298736572266
-927.716796875 -262.4002990722656 111.05210876464844
-926.740478515625 -262.61993408203125 110.98098754882812
-925.7554321289064 -262.79144287109375 110.9183578491211
-924.7570190429688 -262.8165588378906 110.94642639160156
-923.7566528320312 -262.83306884765625 110.98882293701172
-922.7608642578124 -262.9154052734375 110.95802307128906
-921.7828979492188 -263.0555419921875 110.87621307373048
-920.7967529296876 -263.10284423828125 110.82250213623048
-919.7996826171876 -263.1792907714844 110.86444854736328
-918.8258666992188 -263.2887268066406 110.6917495727539
-917.8388061523438 -263.4109802246094 110.57460021972656
-916.8524780273438 -263.5352478027344 110.60606384277344
-915.875 -263.6396484375 110.79308319091795
-914.8892822265624 -263.62091064453125 110.95945739746094
-913.914794921875 -263.80377197265625 110.9020538330078
-912.9212036132812 -263.8905029296875 110.78480529785156
-911.9293212890624 -263.8393859863281 110.87419128417967
-910.9403076171876 -263.83819580078125 110.75301361083984
-909.963134765625 -263.8088684082031 110.54900360107422
-908.9744262695312 -264.0118408203125 110.53034973144533
-907.9901123046876 -264.15228271484375 110.43000793457033
-906.9940185546876 -264.2411193847656 110.33723449707033
-906.0148315429688 -264.4305725097656 110.41297149658205
-905.023193359375 -264.3144226074219 110.46826934814452
-904.0515747070312 -264.1559753417969 110.646240234375
-903.06396484375 -264.0352478027344 110.72272491455078
-902.063720703125 -264.0631103515625 110.7602996826172
-901.0968627929688 -264.0989074707031 110.99681091308594
-900.1094970703125 -264.19049072265625 111.1355438232422
-899.1180419921875 -264.1197814941406 111.16925811767578
-898.1348266601562 -264.1706237792969 111.33879852294922
-897.1658935546875 -264.3124084472656 111.53680419921876
-896.1741333007812 -264.42047119140625 111.54161834716795
-895.1734008789062 -264.36383056640625 111.5666961669922
-894.1998291015625 -264.2702941894531 111.46383666992188
-893.2240600585938 -264.19305419921875 111.74884796142578
-892.2500610351562 -264.0785827636719 111.92677307128906
-891.2861328125 -263.97637939453125 112.19264221191406
-890.2889404296875 -263.93499755859375 112.1998519897461
-889.2999877929688 -263.8469543457031 112.25267028808594
-888.3203125 -263.7786560058594 112.4218521118164
-887.317138671875 -263.7001647949219 112.39409637451172
-886.3255004882812 -263.7121887207031 112.4946517944336
-885.3472290039062 -263.5462341308594 112.6283950805664
-884.3594970703125 -263.4465637207031 112.76148223876952
-883.369140625 -263.39044189453125 112.85584259033205
-882.377197265625 -263.333740234375 112.93145751953124
-881.3927001953125 -263.23260498046875 113.06358337402344
-880.3976440429688 -263.3248596191406 113.15585327148438
-879.4171752929688 -263.28839111328125 113.34740447998048
-878.4548950195312 -263.1677551269531 113.6072235107422
-877.4729614257812 -263.0846862792969 113.76419830322266
-876.4887084960938 -262.9378967285156 113.76528930664064
-875.5083618164062 -262.8272399902344 113.9363021850586
-874.5401611328125 -262.6400146484375 114.07486724853516
-873.5676879882812 -262.3982849121094 114.12614440917967
-872.5951538085938 -262.23785400390625 114.27961730957033
-871.6316528320312 -262.1198425292969 114.52182006835938
-870.644775390625 -261.9981994628906 114.62755584716795
-869.6624755859375 -261.9696960449219 114.78954315185548
-868.6617431640625 -261.9435729980469 114.83202362060548
-867.6827392578125 -261.7688903808594 114.97449493408205
-866.7003784179688 -261.65826416015625 115.11819458007812
-865.7113037109375 -261.5243225097656 115.19798278808594
-864.7193603515625 -261.49176025390625 115.2788543701172
-863.752197265625 -261.3209533691406 115.4130859375
-862.8087768554688 -261.0320739746094 115.6008529663086
-861.8534545898438 -260.86431884765625 115.8028793334961
-860.85009765625 -260.7723388671875 115.8481903076172
-859.8692016601562 -260.7240295410156 116.0364761352539
-858.9124755859375 -260.86077880859375 116.28925323486328
-857.919677734375 -260.8445129394531 116.41148376464844
-856.93359375 -260.7550964355469 116.53884887695312
-855.9472045898438 -260.6378479003906 116.53211975097656
-855.0010375976562 -260.46478271484375 116.79095458984376
-854.0371704101562 -260.5993957519531 117.06290435791016
-853.0595703125 -260.5387878417969 117.17201232910156
-852.1029052734375 -260.2793884277344 117.32427215576172
-851.1074829101562 -260.175537109375 117.29914093017578
-850.1362915039062 -259.96966552734375 117.392333984375
-849.1663208007812 -259.7230224609375 117.40674591064452
-848.1804809570312 -259.5723876953125 117.50708770751952
-847.1861572265625 -259.4716796875 117.54039001464844
-846.204345703125 -259.4739990234375 117.7232437133789
-845.2529907226562 -259.46307373046875 117.9880599975586
-844.2916259765625 -259.4027099609375 118.26327514648438
-843.31494140625 -259.18994140625 118.32926940917967
-842.345703125 -259.00006103515625 118.298095703125
-841.3603515625 -258.7958984375 118.33187103271484
-840.3756103515625 -258.77386474609375 118.46080780029295
-839.383544921875 -258.6941223144531 118.57005310058594
-838.3916625976562 -258.63909912109375 118.64640808105467
-837.3998413085938 -258.51043701171875 118.6793975830078
-836.401123046875 -258.4710693359375 118.69929504394533
-835.407470703125 -258.5555114746094 118.70946502685548
-834.4172973632812 -258.6239013671875 118.58541107177734
-833.4207153320312 -258.5180969238281 118.62554931640624
-832.4197998046875 -258.52545166015625 118.65201568603516
-831.4205932617188 -258.4548034667969 118.67298889160156
-830.4227905273438 -258.5213317871094 118.64492797851564
-829.4317016601562 -258.5439758300781 118.53968048095705
-828.4417724609375 -258.4247741699219 118.70011138916016
-827.4662475585938 -258.2661437988281 118.85381317138672
-826.4786987304688 -258.2203674316406 118.8309097290039
-825.521728515625 -258.0938720703125 118.50333404541016
-824.543701171875 -258.1689453125 118.44573211669922
-823.5480346679688 -258.26727294921875 118.44330596923828
-822.5485229492188 -258.2315979003906 118.51932525634766
-821.608154296875 -257.9880065917969 118.76898956298828
-820.6287231445312 -257.8360595703125 118.8926773071289
-819.6478881835938 -257.6914367675781 118.72505950927734
-818.6717529296875 -257.82659912109375 118.61174774169922
-817.6636962890625 -257.8359375 118.6016082763672
-816.6787109375 -257.66961669921875 118.54439544677734
-815.7109375 -257.5712585449219 118.3232192993164
-814.7500610351562 -257.4608459472656 118.09841918945312
-813.7443237304688 -257.4977111816406 118.00289916992188
-812.7698974609375 -257.36834716796875 117.79122161865234
-811.8033447265625 -257.4646911621094 117.55323791503906
-810.81103515625 -257.48486328125 117.50675964355467
-809.8141479492188 -257.4443664550781 117.43326568603516
-808.8174438476562 -257.43682861328125 117.42536163330078
-807.8424682617188 -257.30548095703125 117.2515106201172
-806.859375 -257.24481201171875 117.09639739990234
-805.9051513671875 -257.2110595703125 116.8101043701172
-804.9385986328125 -257.225341796875 116.58175659179688
-803.941162109375 -257.24383544921875 116.52912139892578
-802.9579467773438 -257.0635681152344 116.48912048339844
-802.0375366210938 -256.8886413574219 116.13578033447266
-801.102783203125 -256.7591247558594 115.81273651123048
-800.1295166015625 -256.7691650390625 115.58712768554688
-799.1563110351562 -256.67138671875 115.3846206665039
-798.2222900390625 -256.58172607421875 115.0466537475586
-797.2747802734375 -256.43988037109375 114.7527313232422
-796.3138427734375 -256.4071044921875 114.493896484375
-795.3506469726562 -256.32720947265625 114.24871063232422
-794.3978881835938 -256.138916015625 114.01270294189452
-793.484375 -256.0470886230469 113.60144805908205
-792.5333251953125 -255.84532165527344 113.38018798828124
-791.571044921875 -255.8189392089844 113.10294342041016
-790.6583251953125 -255.81138610839844 112.69290161132812
-789.6891479492188 -255.79698181152344 112.45938110351564
-788.7261962890625 -255.7974853515625 112.16658782958984
-787.848388671875 -255.6692047119141 111.69841003417967
-786.87109375 -255.67686462402344 111.46640014648438
-785.95166015625 -255.68716430664065 111.0731201171875
-785.0438842773438 -255.69915771484375 110.663330078125
-784.1419067382812 -255.77728271484375 110.24942779541016
-783.2015991210938 -255.8996124267578 109.93047332763672
-782.27880859375 -255.9949493408203 109.59001159667967
-781.3479614257812 -256.0694274902344 109.22785186767578
-780.452880859375 -256.1466064453125 108.78980255126952
-779.5468139648438 -256.2447204589844 108.38124084472656
-778.6356811523438 -256.2238464355469 107.98402404785156
-777.7335815429688 -256.29937744140625 107.5589370727539
-776.807373046875 -256.4043273925781 107.20194244384766
-775.8883666992188 -256.43475341796875 106.80928802490234
-775.0319213867188 -256.5863952636719 106.4142837524414
-774.08154296875 -256.69512939453125 106.17056274414064
-773.0947265625 -256.8860168457031 105.9607925415039
-773.0947265625 -256.8860168457031 105.9607925415039
-771.5057983398438 -256.5696105957031 104.63233947753906
-770.6229248046875 -256.5772705078125 104.1661376953125
-769.7045288085938 -256.5391845703125 103.82408905029295
-768.766357421875 -256.5258483886719 103.48419952392578
-767.823486328125 -256.5957336425781 103.17123413085938
-766.8623046875 -256.5368347167969 102.88190460205078
-765.8825073242188 -256.4421081542969 102.72614288330078
-764.9159545898438 -256.4136962890625 102.53292846679688
-763.9542846679688 -256.31353759765625 102.26773071289064
-762.9808959960938 -256.31005859375 102.12670135498048
-761.9994506835938 -256.2601623535156 101.9581069946289
-761.0009155273438 -256.42626953125 101.98129272460938
-760.0210571289062 -256.6063232421875 101.8308334350586
-759.156005859375 -256.7716979980469 101.3271484375
-758.2041625976562 -256.5396728515625 101.50680541992188
-757.2820434570312 -256.3763427734375 101.84707641601564
-756.2788696289062 -256.340087890625 101.7314453125
-755.3294067382812 -256.2760314941406 101.41747283935548
-754.39697265625 -255.86622619628903 101.3367156982422
-753.4680786132812 -256.0190124511719 101.15924072265624
-752.48828125 -256.0673828125 101.1611785888672
-751.5170288085938 -256.2392883300781 101.3198471069336
-750.5199584960938 -256.2190246582031 101.43212127685548
-749.5510864257812 -256.0437316894531 101.70406341552734
-748.6275024414062 -256.10162353515625 101.3529281616211
-747.6395874023438 -256.0808410644531 101.39558410644533
-746.638671875 -256.1505432128906 101.29402160644533
-745.6728515625 -255.9659118652344 101.10504150390624
-744.6927490234375 -255.99571228027344 100.8231201171875
-743.6997680664062 -255.9561309814453 100.8374481201172
-742.7060546875 -255.8594970703125 100.8146514892578
-741.7167358398438 -255.8223571777344 100.71558380126952
-740.7406005859375 -255.7760772705078 100.47916412353516
-739.74609375 -255.9173583984375 100.39920043945312
-738.8217163085938 -255.695556640625 100.1090316772461
-737.837890625 -255.531982421875 99.9708023071289
-736.8668212890625 -255.48321533203125 99.71857452392578
-735.8941650390625 -255.2522735595703 99.58462524414064
-734.900634765625 -255.36183166503903 99.56729125976564
-733.9176025390625 -255.32540893554688 99.40120697021484
-732.9200439453125 -255.31932067871097 99.3509521484375
-731.9429321289062 -255.25181579589844 99.14202117919922
-730.9609985351562 -255.11279296875 99.03179168701172
-729.989013671875 -255.26638793945312 98.83424377441406
-729.0228881835938 -255.10122680664065 98.67816925048828
-728.0792846679688 -254.7920837402344 98.54733276367188
-727.0698852539062 -254.7731475830078 98.48625946044922
-726.109130859375 -254.8342742919922 98.21729278564452
-725.1055908203125 -254.88365173339844 98.24504852294922
-724.1155395507812 -254.7898101806641 98.3425064086914
-723.1012573242188 -254.735595703125 98.21715545654295
-722.1806030273438 -254.57484436035156 97.87454223632812
-721.2091064453125 -254.7447052001953 97.80091857910156
-720.2123413085938 -254.7199249267578 97.76068878173828
-719.2367553710938 -254.52484130859375 97.63349151611328
-718.3059692382812 -254.21612548828125 97.47762298583984
-717.3428344726562 -253.9346923828125 97.56550598144533
-716.373779296875 -253.70498657226565 97.48362731933594
-715.3816528320312 -253.5984344482422 97.51244354248048
-714.3870849609375 -253.52395629882812 97.47716522216795
-713.392578125 -253.44171142578125 97.52877044677734
-712.423095703125 -253.1900177001953 97.48768615722656
-711.4674682617188 -252.9637451171875 97.5871353149414
-710.47802734375 -252.80191040039065 97.49019622802734
-709.5048217773438 -252.6002960205078 97.59078979492188
-708.5099487304688 -252.63882446289065 97.7367706298828
-707.5519409179688 -252.37591552734375 97.58146667480467
-706.587890625 -252.12042236328125 97.6705093383789
-705.66845703125 -251.72998046875 97.64494323730467
-704.6895141601562 -251.5236053466797 97.6474609375
-703.7354736328125 -251.21934509277344 97.69022369384766
-702.820068359375 -250.8110809326172 97.66999053955078
-701.86962890625 -250.51712036132812 97.56159210205078
-700.915283203125 -250.20632934570312 97.587646484375
-700.044677734375 -249.71974182128903 97.5644073486328
-699.0897216796875 -249.44253540039065 97.49503326416016
-698.0939331054688 -249.2556915283203 97.47757720947266
-697.1405029296875 -248.96929931640625 97.44384765625
-696.205078125 -248.64292907714844 97.2782745361328
-695.2483520507812 -248.35679626464844 97.17100524902344
-694.3196411132812 -247.9878692626953 97.11893463134766
-693.3381958007812 -247.81593322753903 96.99246978759766
-692.4087524414062 -247.4678955078125 96.9040756225586
-691.4588623046875 -247.2169189453125 96.70790100097656
-690.5126342773438 -246.8565673828125 96.62081146240234
-689.5299072265625 -246.78836059570312 96.54168701171876
-688.5584106445312 -246.56979370117188 96.39781188964844
-687.5676879882812 -246.5198974609375 96.32635498046876
-686.6111450195312 -246.23977661132812 96.12698364257812
-685.6948852539062 -245.93753051757812 95.88849639892578
-684.7523803710938 -245.7036895751953 95.63399505615234
-683.7662353515625 -245.65834045410156 95.42433166503906
-682.7850341796875 -245.50711059570312 95.43199920654295
-681.8094482421875 -245.4385528564453 95.2267074584961
-680.8365478515625 -245.35928344726565 95.0268096923828
-679.90283203125 -245.16339111328125 94.73477935791016
-678.8991088867188 -245.08824157714844 94.53459930419922
-677.9559936523438 -245.2395782470703 94.29157257080078
-676.9599609375 -245.39068603515625 94.25879669189452
-676.0176391601562 -245.18077087402344 94.01421356201172
-675.0243530273438 -245.07603454589844 93.9673843383789
-674.045654296875 -245.14178466796875 93.77880859375
-673.0756225585938 -245.2521514892578 93.53170013427734
-672.0736083984375 -245.18312072753903 93.42832946777344
-671.0726318359375 -245.15371704101565 93.43783569335938
-670.0992431640625 -244.9380645751953 93.38424682617188
-669.1298217773438 -244.72227478027344 93.40267944335938
-668.1415405273438 -244.69436645507812 93.52200317382812
-667.1421508789062 -244.60252380371097 93.5038604736328
-666.151123046875 -244.56472778320312 93.43923950195312
-665.155029296875 -244.45901489257812 93.38108825683594
-664.1712036132812 -244.36683654785156 93.3718719482422
-663.184326171875 -244.29818725585935 93.22753143310548
-662.2002563476562 -244.11924743652344 93.0706558227539
-661.2224731445312 -244.01217651367188 93.08802795410156
-660.2444458007812 -244.1515655517578 93.25975036621094
-659.2669677734375 -244.24085998535156 93.19864654541016
-658.317138671875 -243.9574432373047 92.9753646850586
-657.3407592773438 -243.9563140869141 92.91658782958984
-656.3541259765625 -244.05422973632812 92.93718719482422
-655.362060546875 -243.9593505859375 92.85564422607422
-654.3895874023438 -243.74771118164065 92.82096862792967
-653.409423828125 -243.6272430419922 92.68854522705078
-652.4537353515625 -243.47625732421875 92.47631072998048
-651.4566040039062 -243.3342437744141 92.46521759033205
-650.4596557617188 -243.31056213378903 92.32965850830078
-649.528564453125 -243.1119842529297 92.0591812133789
-648.5345458984375 -243.25473022460935 91.80831909179688
-647.566162109375 -243.1162567138672 91.74037170410156
-646.5660400390625 -243.11541748046875 91.65985107421876
-645.561279296875 -243.1590576171875 91.61920928955078
-644.5864868164062 -243.13954162597656 91.39579010009766
-643.6483764648438 -243.0252685546875 91.12615203857422
-642.6821899414062 -242.98443603515625 90.8688507080078
-641.732666015625 -242.7803955078125 90.62747955322266
-640.7244262695312 -242.81105041503903 90.5537338256836
-639.780517578125 -242.90335083007812 90.2338409423828
-638.7752075195312 -242.89312744140625 90.19650268554688
-637.7969360351562 -242.89894104003903 90.01791381835938
-636.8154907226562 -242.9086151123047 89.81959533691406
-635.8638305664062 -242.89187622070312 89.42057800292969
-634.885009765625 -242.92282104492188 89.42771911621094
-633.8780517578125 -242.8104248046875 89.40985870361328
-632.8932495117188 -242.75721740722656 89.4231948852539
-631.8914794921875 -242.738037109375 89.3475570678711
-630.9131469726562 -242.8151397705078 89.56439971923828
-629.974365234375 -242.8794860839844 89.53924560546875
-629.0227661132812 -242.95233154296875 89.10291290283203
-628.0979614257812 -242.91368103027344 89.33393859863281
-627.1741943359375 -243.00930786132812 89.62886810302734
-626.154541015625 -242.9319305419922 89.48851776123047
-625.19091796875 -242.75103759765625 89.32530212402344
-624.207763671875 -242.9226837158203 89.23812103271484
-623.2452392578125 -242.9742889404297 89.47856903076172
-622.3518676757812 -243.1164398193359 89.62255859375
-621.3868408203125 -243.25314331054688 89.34513092041016
-620.4049682617188 -243.3467559814453 89.22706604003906
-619.4213256835938 -243.36363220214844 89.43675231933594
-618.4561767578125 -243.48231506347656 89.6548843383789
-617.4595947265625 -243.51568603515625 89.46260833740234
-616.4694213867188 -243.6685791015625 89.48503875732422
-615.4801635742188 -243.66000366210935 89.48872375488281
-614.4743041992188 -243.68243408203125 89.55400085449219
-613.4921264648438 -243.7933349609375 89.52245330810547
-612.5237426757812 -243.8325958251953 89.42137908935547
-611.6212158203125 -244.12918090820312 89.71446990966797
-610.6267700195312 -244.0629119873047 89.5124282836914
-609.6415405273438 -243.93331909179688 89.49072265625
-608.6875 -243.72393798828125 89.70610809326172
-607.7435302734375 -243.86016845703125 90.01605987548828
-606.7289428710938 -243.84014892578125 89.97325897216797
-605.7357177734375 -243.7330780029297 89.91315460205078
-604.7452392578125 -243.63327026367188 89.90086364746094
-603.8008422851562 -243.6985015869141 89.77365112304688
-602.8407592773438 -243.3721160888672 89.98035430908203
-601.8294677734375 -243.069580078125 90.22337341308594
-600.9216918945312 -243.03793334960935 90.24092864990234
-599.94970703125 -242.9998779296875 90.37613677978516
-599.94970703125 -242.9998779296875 90.37613677978516
-598.9104614257812 -242.63629150390625 91.70570373535156
-598.1082153320312 -242.74038696289065 92.08064270019533
-597.0899047851562 -242.6489715576172 92.5613250732422
-596.1695556640625 -242.4636993408203 92.95928955078124
-595.23486328125 -242.56350708007812 93.33135223388672
-594.2859497070312 -242.5184783935547 93.6597900390625
-593.3265380859375 -242.45323181152344 93.97730255126952
-592.337646484375 -242.53207397460935 94.17166900634766
-591.3355102539062 -242.51763916015625 94.28781127929688
-590.36279296875 -242.5030975341797 94.54712677001952
-589.3570556640625 -242.6024627685547 94.6294937133789
-588.358154296875 -242.76385498046875 94.67742156982422
-587.3742065429688 -242.99905395507812 94.75330352783205
-586.3785400390625 -243.1241912841797 94.8956069946289
-585.4237060546875 -243.29039001464844 95.18048095703124
-584.4349975585938 -243.41595458984375 95.35747528076172
-583.4443969726562 -243.4078369140625 95.56322479248048
-582.4459838867188 -243.5244598388672 95.6662368774414
-581.4449462890625 -243.60971069335935 95.81257629394533
-580.4481201171875 -243.61294555664065 95.90906524658205
-579.4683837890625 -243.5284118652344 96.11196899414064
-578.4686279296875 -243.612060546875 96.27699279785156
-577.4807739257812 -243.76611328125 96.43464660644533
-576.4794921875 -243.8430023193359 96.50353240966795
-575.473876953125 -243.94921875 96.49671173095705
-574.5090942382812 -244.13975524902344 96.76620483398438
-573.5267944335938 -244.3355255126953 96.90754699707033
-572.54345703125 -244.4806365966797 97.08387756347656
-571.5814208984375 -244.6350555419922 97.3670883178711
-570.5812377929688 -244.70431518554688 97.4463882446289
-569.5904541015625 -244.6372833251953 97.67326354980467
-568.6179809570312 -244.89208984375 97.80103302001952
-567.634521484375 -245.0654296875 97.97040557861328
-566.6448364257812 -245.2223968505859 98.07970428466795
-565.652099609375 -245.40545654296875 98.20530700683594
-564.6551513671875 -245.50067138671875 98.23540496826172
-563.6647338867188 -245.52810668945312 98.44595336914064
-562.6594848632812 -245.5735015869141 98.58244323730467
-561.6503295898438 -245.6065673828125 98.66327667236328
-560.6569213867188 -245.77072143554688 98.7599639892578
-559.694091796875 -246.0441131591797 98.8962631225586
-558.7424926757812 -246.3840484619141 99.01293182373048
-557.7391357421875 -246.5025634765625 99.0670928955078
-556.7479248046875 -246.6396484375 99.24187469482422
-555.7816162109375 -246.91014099121097 99.34319305419922
-554.771484375 -246.95355224609375 99.4247589111328
-553.7637329101562 -246.9202423095703 99.50811004638672
-552.7691650390625 -246.98875427246097 99.70586395263672
-551.76806640625 -247.05072021484375 99.83995056152344
-550.7891845703125 -247.21337890625 100.0921630859375
-549.7972412109375 -247.33499145507812 100.09699249267578
-548.8037719726562 -247.55490112304688 100.23646545410156
-547.7967529296875 -247.66990661621097 100.2433624267578
-546.7865600585938 -247.73228454589844 100.2757339477539
-545.7855834960938 -247.71084594726565 100.43791961669922
-544.8262939453125 -247.8351593017578 100.7246551513672
-543.8211059570312 -247.80601501464844 100.85896301269533
-542.8285522460938 -247.9996032714844 100.90435791015624
-541.8330078125 -248.1418914794922 100.99610900878906
-540.8500366210938 -248.37225341796875 101.1246109008789
-539.8538818359375 -248.4193572998047 101.28939819335938
-538.8381958007812 -248.4535369873047 101.41107177734376
-537.8427124023438 -248.57470703125 101.37091827392578
-536.825439453125 -248.58702087402344 101.4191665649414
-535.8275756835938 -248.73361206054688 101.50359344482422
-534.8243408203125 -248.8404083251953 101.58258819580078
-533.8164672851562 -248.94960021972656 101.61023712158205
-532.8469848632812 -248.99014282226565 101.89482879638672
-531.9058227539062 -249.2404022216797 102.23968505859376
-531.0316162109375 -249.68951416015625 102.23587799072266
-530.5151977539062 -250.51470947265625 102.29613494873048
-529.7855834960938 -251.21441650390625 102.06836700439452
-599.94970703125 -242.9998779296875 90.37613677978516
-598.57373046875 -243.29327392578125 89.2930679321289
-597.8114013671875 -243.2908477783203 88.67964935302734
-597.011962890625 -243.09727478027344 88.15196228027344
-596.0818481445312 -242.84173583984375 87.82325744628906
-595.2440185546875 -242.4111785888672 87.57096099853516
-594.304931640625 -242.094482421875 87.45217895507812
-593.3904418945312 -241.6920623779297 87.50520324707031
-592.547119140625 -241.1474609375 87.55733489990234
-591.6370849609375 -240.7542266845703 87.61283874511719
-590.759765625 -240.2769775390625 87.54735565185547
-589.8158569335938 -239.9870147705078 87.53440856933594
-588.9256591796875 -239.5329742431641 87.4455795288086
-588.0177612304688 -239.1343994140625 87.34626007080078
-587.08447265625 -238.8435516357422 87.17659759521484
-586.1105346679688 -238.6397247314453 87.17937469482422
-585.2268676757812 -238.26239013671875 86.8925552368164
-584.2054443359375 -238.18392944335935 86.8306655883789
-583.2962646484375 -237.88587951660156 86.65863037109375
-582.35546875 -237.85487365722656 86.35015106201172
-581.3787841796875 -238.04542541503903 86.15138244628906
-580.41064453125 -237.8351593017578 86.1153793334961
-579.429931640625 -237.8421630859375 85.8583984375
-578.4854125976562 -237.61911010742188 85.6109390258789
-577.5604858398438 -237.6165313720703 85.26239776611328
-576.6209106445312 -237.74864196777344 84.94603729248047
-575.6276245117188 -237.80636596679688 84.84628295898438
-574.7015991210938 -237.8486328125 84.45909881591797
-573.7842407226562 -237.62245178222656 84.16793060302734
-572.8389892578125 -237.8347625732422 83.99651336669922
-571.9412231445312 -237.8542633056641 83.56804656982422
-571.078369140625 -237.85118103027344 83.08287048339844
-570.0897827148438 -238.0563507080078 83.03633880615234
-569.2252807617188 -238.2443695068359 82.56995391845703
-568.4044189453125 -238.7272491455078 82.31721496582031
-567.6989135742188 -239.30747985839844 81.92495727539062
-567.3177490234375 -240.22268676757812 81.74150848388672
-567.1149291992188 -241.04238891601565 81.19526672363281
-567.0518188476562 -242.00198364257812 80.94478607177734
-567.0336303710938 -242.97238159179688 80.71044921875
-567.0863037109375 -243.96527099609375 80.4505844116211
-567.0106201171875 -244.9314727783203 80.61618041992188
-567.00244140625 -245.92144775390625 80.48414611816406
-566.9417114257812 -246.94639587402344 80.24044799804688
-566.935546875 -247.8996429443359 79.9975814819336
-567.0582275390625 -248.91928100585935 79.95821380615234
-567.1312866210938 -249.8966064453125 79.810791015625
-567.111083984375 -250.87156677246097 79.63579559326172
-773.0947265625 -256.8860168457031 105.9607925415039
-771.582275390625 -258.0746765136719 107.06257629394533
-770.8556518554688 -258.6280822753906 107.43334197998048
-770.0499877929688 -258.986083984375 107.97193908691406
-769.1535034179688 -259.30181884765625 108.26219940185548
-768.1848754882812 -259.491943359375 108.43616485595705
-767.1862182617188 -259.6886901855469 108.50064086914064
-766.2457885742188 -259.56109619140625 108.52974700927734
-765.34375 -259.35113525390625 108.40235900878906
-764.3670043945312 -259.5832214355469 108.5114974975586
-763.3467407226562 -259.5860290527344 108.44059753417967
-762.37744140625 -259.47454833984375 108.50494384765624
-761.3909912109375 -259.5757141113281 108.41690063476564
-760.46533203125 -259.17822265625 108.55647277832033
-759.5328979492188 -258.980224609375 108.38829803466795
-758.6950073242188 -259.279296875 107.7661361694336
-757.891357421875 -259.600830078125 107.9621810913086
-756.9683227539062 -259.65350341796875 108.54224395751952
-755.9760131835938 -259.53631591796875 108.5371551513672
-755.0034790039062 -259.31201171875 108.53439331054688
-754.0159301757812 -259.301513671875 108.48279571533205
-753.0261840820312 -259.3117980957031 108.50252532958984
-752.0393676757812 -259.1863098144531 108.65064239501952
-751.085205078125 -258.97869873046875 108.65516662597656
-750.0938110351562 -258.9801025390625 108.74161529541016
-749.09326171875 -259.1031799316406 108.94677734375
-748.118408203125 -258.97857666015625 108.79798126220705
-747.1129760742188 -259.0819396972656 108.7100830078125
-746.1404418945312 -258.8970642089844 108.6519546508789
-745.157470703125 -258.7743225097656 108.47837829589844
-744.2124633789062 -258.596923828125 108.22496795654295
-743.26513671875 -258.52081298828125 107.93907165527344
-742.3115844726562 -258.4644470214844 107.6261749267578
-741.358154296875 -258.2265625 107.44595336914064
-740.4363403320312 -258.3366394042969 107.02561950683594
-739.4822998046875 -258.2757873535156 106.73898315429688
-738.52734375 -258.1259460449219 106.54241943359376
-737.568603515625 -257.9650573730469 106.33448028564452
-736.6751708984375 -257.9877014160156 105.87420654296876
-735.6876831054688 -257.8207702636719 105.940673828125
-734.728515625 -257.7023620605469 105.67758178710938
-733.74755859375 -257.6820068359375 105.4688720703125
-732.7686767578125 -257.5682067871094 105.2923812866211
-731.8203735351562 -257.5263977050781 104.99263763427734
-730.8518676757812 -257.4669494628906 104.76731872558594
-729.91943359375 -257.5789489746094 104.41931915283205
-729.0128784179688 -257.8833312988281 104.12722778320312
-728.146484375 -258.1143798828125 103.64390563964844
-727.2747802734375 -258.4051513671875 103.29805755615234
-726.322509765625 -258.4612121582031 103.00846099853516
-725.4422607421875 -258.6059265136719 102.557861328125
-724.4781494140625 -258.6153869628906 102.29507446289064
-723.5391235351562 -258.5087890625 101.99285125732422
-722.60986328125 -258.3028259277344 102.07247924804688
-721.7127075195312 -258.0564880371094 102.174072265625
-720.8180541992188 -257.65203857421875 101.83855438232422
-719.8585205078125 -257.6047058105469 102.02009582519533
-718.9226684570312 -257.5768127441406 101.71954345703124
-717.9805297851562 -257.49493408203125 101.44149780273438
-717.1019287109375 -257.1271057128906 101.1710968017578
-716.0938720703125 -257.0787353515625 101.2651824951172
-715.1983642578125 -256.64288330078125 101.19456481933594
-714.3139038085938 -256.3754577636719 101.33133697509766
-713.5056762695312 -256.33087158203125 101.27262115478516
-713.5056762695312 -256.33087158203125 101.27262115478516
-712.5968017578125 -255.83436584472656 102.35753631591795
-711.8046264648438 -255.48165893554688 102.88333129882812
-711.0316772460938 -255.09017944335935 103.34685516357422
-710.1876831054688 -254.9700469970703 103.87857055664064
-709.3577270507812 -254.63755798339844 104.32502746582033
-708.4363403320312 -254.52688598632812 104.69080352783205
-707.5098266601562 -254.51351928710935 105.07413482666016
-706.635498046875 -254.68421936035156 105.4973373413086
-705.7582397460938 -254.81521606445312 105.93424987792967
-704.8351440429688 -254.92930603027344 106.30692291259766
-703.8893432617188 -255.17279052734375 106.60449981689452
-703.0597534179688 -255.33790588378903 107.07298278808594
-702.130859375 -255.55796813964844 107.39510345458984
-701.1407470703125 -255.76605224609375 107.48929595947266
-700.2344970703125 -256.0750732421875 107.75827026367188
-699.2730102539062 -256.30157470703125 107.91879272460938
-698.3547973632812 -256.4927673339844 108.30609893798828
-697.3648071289062 -256.56390380859375 108.36859893798828
-696.372314453125 -256.54644775390625 108.54066467285156
-695.3787231445312 -256.361328125 108.4356918334961
-694.510009765625 -256.17132568359375 108.01497650146484
-693.5867919921875 -256.3224182128906 108.52019500732422
-692.6201782226562 -256.4006652832031 108.51698303222656
-691.6337280273438 -256.3338317871094 108.560546875
-690.6594848632812 -256.1375427246094 108.675537109375
-689.6903686523438 -255.9961853027344 108.51776123046876
-688.7127685546875 -255.79397583007812 108.53903198242188
-687.7313842773438 -255.6123962402344 108.63762664794922
-686.7300415039062 -255.62228393554688 108.70587921142578
-685.7444458007812 -255.51199340820312 108.56839752197266
-684.740234375 -255.49697875976565 108.5894012451172
-683.7752685546875 -255.2121124267578 108.6416015625
-682.8329467773438 -254.89352416992188 108.55070495605467
-681.8798217773438 -254.5912628173828 108.5263671875
-680.9407958984375 -254.26937866210935 108.5591812133789
-680.0838623046875 -253.7599334716797 108.618896484375
-679.2001953125 -253.4034423828125 108.5561981201172
-678.2703247070312 -253.44183349609375 108.40994262695312
-677.3935546875 -253.9520263671875 108.4349594116211
-676.522705078125 -254.37005615234375 108.3358154296875
-675.5496215820312 -254.1614990234375 108.47595977783205
-674.6325073242188 -253.9019317626953 108.5615692138672
-673.6266479492188 -253.8962249755859 108.77961730957033
-672.5903930664062 -254.02833557128903 108.76953125
-671.662841796875 -253.83836364746097 108.82472229003906
-670.6864624023438 -253.61962890625 108.63746643066406
-669.71875 -253.48838806152344 108.62010955810548
-668.7134399414062 -253.634033203125 108.5502700805664
-667.7392578125 -253.5411071777344 108.32677459716795
-666.7807006835938 -253.3818359375 108.53987121582033
-665.8211059570312 -253.1179351806641 108.4895477294922
-664.8478393554688 -252.95834350585935 108.44991302490234
-663.8427124023438 -253.08770751953125 108.50362396240234
-662.9448852539062 -252.6658477783203 108.42603302001952
-661.9655151367188 -252.4773406982422 108.32018280029295
-660.9845581054688 -252.3495330810547 108.1437759399414
-660.0543212890625 -252.0627899169922 107.92020416259766
-659.1117553710938 -251.82199096679688 107.69696044921876
-658.2058715820312 -251.50177001953125 107.49662017822266
-657.3047485351562 -251.15138244628903 107.23790740966795
-656.3571166992188 -250.90081787109375 107.0279541015625
-655.42822265625 -250.5926513671875 106.90179443359376
-654.626953125 -250.0990753173828 106.59356689453124
-653.7343139648438 -249.75076293945312 106.2950210571289
-652.8525390625 -249.3236541748047 106.08727264404295
-651.9517822265625 -248.92042541503903 105.8800048828125
-651.0565185546875 -248.52064514160156 105.62128448486328
-650.2037353515625 -248.17906188964844 105.26172637939452
-649.2422485351562 -247.9253692626953 105.1266632080078
-648.3259887695312 -247.73281860351565 104.79347229003906
-647.4437866210938 -247.30030822753903 104.57858276367188
-646.5577392578125 -246.9622344970703 104.2818603515625
-645.597900390625 -246.6320037841797 104.24545288085938
-644.683837890625 -246.37155151367188 103.98351287841795
-643.7007446289062 -246.12095642089844 104.0260009765625
-642.7791137695312 -245.8429718017578 103.7848663330078
-641.8058471679688 -245.5263671875 103.78466796875
-640.9546508789062 -245.2050323486328 103.46590423583984
-640.0571899414062 -244.8283233642578 103.15475463867188
-639.06103515625 -244.83172607421875 103.09494018554688
-638.1385498046875 -244.5036468505859 102.87308502197266
-637.1822509765625 -244.33091735839844 102.8436050415039
-636.22802734375 -244.06056213378903 102.70559692382812
-635.2218017578125 -243.95591735839844 102.70819091796876
-634.2561645507812 -243.7210235595703 102.60942840576172
-633.2860717773438 -243.4810028076172 102.49883270263672
-632.3021240234375 -243.2902069091797 102.423095703125
-631.3722534179688 -243.02182006835935 102.12838745117188
-630.3919677734375 -242.92665100097656 101.99620819091795
-629.49609375 -242.62364196777344 101.64603424072266
-628.5339965820312 -242.39112854003903 101.65776824951172
-627.6216430664062 -241.97865295410156 101.52780151367188
-626.6393432617188 -241.7827911376953 101.54608154296876
-625.6412353515625 -241.7028961181641 101.47772216796876
-624.7161254882812 -241.3887939453125 101.26681518554688
-623.713623046875 -241.3747100830078 101.24556732177734
-622.797119140625 -241.0248260498047 100.98619079589844
-621.865966796875 -240.98388671875 100.82242584228516
-620.8869018554688 -240.99981689453125 100.67516326904295
-620.073974609375 -240.4697265625 100.45488739013672
-619.1221923828125 -240.2959747314453 100.23023986816406
-618.2017211914062 -240.0081329345703 100.15281677246094
-617.25341796875 -239.99566650390625 99.82357788085938
-616.2825927734375 -240.06065368652344 99.7632064819336
-615.3038330078125 -240.04238891601565 99.76773071289064
-614.396240234375 -239.7946929931641 99.42117309570312
-613.4188842773438 -239.8086395263672 99.25331115722656
-612.4414672851562 -239.84906005859375 99.23201751708984
-611.4581909179688 -239.76458740234375 99.120849609375
-610.5272216796875 -239.60641479492188 98.88097381591795
-609.6279296875 -239.73800659179688 98.38248443603516
-608.6633911132812 -239.65232849121097 98.22064971923828
-607.7552490234375 -239.840087890625 97.98607635498048
-606.7893676757812 -240.1513671875 97.82141876220705
-605.9583740234375 -240.6035919189453 98.02120971679688
-605.0884399414062 -241.13624572753903 97.84373474121094
-604.3056640625 -241.76698303222656 97.83145141601564
-603.6104125976562 -242.4080047607422 97.53131866455078
-603.12353515625 -243.27947998046875 97.42391204833984
-602.6454467773438 -244.14207458496097 97.2939224243164
-602.4281616210938 -245.0956268310547 97.14251708984376
-602.36474609375 -246.06724548339844 96.87677001953124
-602.1557006835938 -247.04202270507812 96.77780151367188
-602.1301879882812 -247.9860076904297 96.49012756347656
-602.0045776367188 -248.9810333251953 96.53006744384766
-601.8267822265625 -249.9752197265625 96.58078002929688
-601.8470458984375 -250.96295166015625 96.55433654785156
-602.1845092773438 -251.88522338867188 96.3824691772461
-713.5056762695312 -256.33087158203125 101.27262115478516
-712.8026733398438 -256.61114501953125 100.39889526367188
-711.896728515625 -256.7178649902344 100.01122283935548
-711.10498046875 -257.0901794433594 99.49214935302734
-710.4672241210938 -256.9498291015625 98.7435073852539
-709.6011962890625 -257.205078125 98.29442596435548
-708.7410278320312 -257.0904235839844 97.78054809570312
-707.8761596679688 -257.2054748535156 97.29206085205078
-706.9472045898438 -257.0130310058594 96.99674224853516
-706.0181274414062 -257.1482238769531 96.77289581298828
-705.1558227539062 -256.80902099609375 96.40538024902344
-704.1767578125 -256.7669982910156 96.16313934326172
-703.2577514648438 -256.6508483886719 95.76966857910156
-702.2755737304688 -256.42840576171875 95.76323699951172
-701.3290405273438 -256.3043518066406 95.46199798583984
-700.3617553710938 -256.12396240234375 95.29425048828124
-699.4163818359375 -255.83041381835935 95.162353515625
-698.4903564453125 -255.49200439453125 95.05027770996094
-697.5458984375 -255.28414916992188 94.78900909423828
-696.5991821289062 -255.0735626220703 94.58319854736328
-695.6009521484375 -255.06056213378903 94.52909088134766
-694.647216796875 -254.87550354003903 94.3602523803711
-693.6368408203125 -255.0383453369141 94.31271362304688
-692.6534423828125 -254.8024749755859 94.30995178222656
-691.70849609375 -254.58111572265625 94.0612564086914
-690.7371826171875 -254.5316162109375 93.81182098388672
-689.7361450195312 -254.51226806640625 93.74710083007812
-688.7753295898438 -254.39463806152344 93.5334243774414
-687.7803344726562 -254.32095336914065 93.44841766357422
-686.844970703125 -254.1810302734375 93.1383285522461
-685.8771362304688 -254.1552734375 92.8820571899414
-684.9334716796875 -253.87100219726565 92.51649475097656
-684.011962890625 -253.8080291748047 92.31354522705078
-683.0360717773438 -253.81051635742188 92.15792846679688
-682.0701293945312 -253.72300720214844 91.98497772216795
-681.1200561523438 -253.4668426513672 91.78841400146484
-680.1580810546875 -253.187744140625 91.70938110351564
-679.1665649414062 -253.1342315673828 91.60935974121094
-678.2224731445312 -252.80511474609375 91.5666732788086
-677.2456665039062 -252.88385009765625 91.38198852539064
-676.2844848632812 -252.8516845703125 91.10586547851564
-675.3112182617188 -252.7173767089844 90.88612365722656
-674.4127197265625 -252.56871032714844 90.62135314941406
-673.472412109375 -252.4930419921875 90.28337097167967
-672.5133666992188 -252.3674774169922 90.09062957763672
-671.5813598632812 -252.1161346435547 89.81836700439453
-670.6482543945312 -251.9420623779297 89.48584747314453
-669.7278442382812 -251.674072265625 89.19711303710938
-668.8505249023438 -251.4280242919922 88.76762390136719
-667.927978515625 -251.1810302734375 88.49423217773438
-666.9918823242188 -251.00486755371097 88.1908950805664
-666.0048217773438 -250.850341796875 88.01444244384766
-665.095947265625 -250.54193115234375 87.7537841796875
-664.164794921875 -250.23507690429688 87.54398345947266
-663.2227172851562 -249.94580078125 87.4227294921875
-662.24365234375 -249.83885192871097 87.21570587158203
-661.3262329101562 -249.50205993652344 86.990966796875
-660.4324340820312 -249.10690307617188 86.75926971435547
-659.4517822265625 -248.9137725830078 86.73292541503906
-658.5451049804688 -248.56582641601565 86.47743225097656
-657.5997924804688 -248.21115112304688 86.54757690429688
-656.66845703125 -247.8658905029297 86.45709228515625
-655.7293701171875 -247.5048828125 86.29190826416016
-654.951904296875 -246.93899536132812 86.34105682373047
-653.9891967773438 -246.88980102539065 86.08023071289062
-652.9564819335938 -246.79495239257812 85.77690887451172
-652.0114135742188 -246.49029541015625 85.5931625366211
-651.0895385742188 -246.10281372070312 85.55060577392578
-650.0975952148438 -245.9822540283203 85.41973114013672
-649.140380859375 -245.71994018554688 85.44017028808594
-648.1489868164062 -245.5625762939453 85.39933013916016
-647.2383422851562 -245.37832641601565 85.03506469726562
-646.255615234375 -245.2316131591797 85.04832458496094
-645.3167724609375 -244.98155212402344 84.80256652832031
-644.34130859375 -244.78103637695312 84.69859313964844
-643.4378662109375 -244.3889923095703 84.52849578857422
-642.5156860351562 -244.0282745361328 84.3517074584961
-641.513427734375 -243.94728088378903 84.37537384033203
-640.5702514648438 -243.63917541503903 84.27436065673828
-639.641357421875 -243.3452911376953 84.05412292480469
-638.6685791015625 -243.15570068359375 84.10197448730469
-637.77197265625 -242.90542602539065 83.71820068359375
-636.8229370117188 -242.6423492431641 83.52426147460938
-635.9019165039062 -242.28787231445312 83.4003677368164
-634.9165649414062 -242.1163787841797 83.27494812011719
-633.97412109375 -241.81333923339844 83.12738037109375
-632.9603271484375 -241.74642944335935 83.08625030517578
-632.0391235351562 -241.44984436035156 82.87451934814453
-631.0612182617188 -241.2547149658203 82.73501586914062
-630.1163330078125 -240.98826599121097 82.53852844238281
-629.1087646484375 -240.8949737548828 82.4636459350586
-628.1654052734375 -240.52911376953125 82.45734405517578
-627.2320556640625 -240.2060546875 82.46466827392578
-626.2511596679688 -240.0872344970703 82.23501586914062
-625.2945556640625 -239.8745880126953 82.27833557128906
-624.3014526367188 -239.7786407470703 82.126708984375
-623.2990112304688 -239.75527954101565 82.0790023803711
-622.3204345703125 -239.64466857910156 81.9926528930664
-621.3427124023438 -239.4822540283203 81.87855529785156
-620.4008178710938 -239.2386474609375 81.62016296386719
-619.3966064453125 -239.30386352539065 81.52000427246094
-618.4579467773438 -239.03683471679688 81.32622528076172
-617.4722900390625 -239.18423461914065 81.2212905883789
-616.4970703125 -239.03631591796875 81.32835388183594
-615.5096435546875 -238.9130401611328 81.30330657958984
-614.5440063476562 -238.69532775878903 81.39863586425781
-613.5237426757812 -238.7052764892578 81.43122100830078
-612.56005859375 -238.45626831054688 81.59329223632812
-611.5664672851562 -238.49041748046875 81.46612548828125
-610.56689453125 -238.566650390625 81.45677947998047
-609.5587158203125 -238.485595703125 81.47520446777344
-608.6380615234375 -238.7096710205078 81.12349700927734
-607.6801147460938 -238.8497314453125 80.96306610107422
-606.7583618164062 -238.85098266601565 80.57833099365234
-605.8597412109375 -238.54486083984375 80.19612121582031
-604.9227905273438 -238.6538848876953 79.69266510009766
-603.9832763671875 -238.70352172851565 79.9255142211914
-602.9761962890625 -238.70974731445312 79.98192596435547
-601.9727172851562 -238.89552307128903 80.12044525146484
-601.1483154296875 -239.16212463378903 79.898193359375
-600.3048095703125 -239.366455078125 79.37712097167969
-599.295654296875 -239.6797637939453 79.35689544677734
-598.3612060546875 -239.98863220214844 79.50456237792969
-597.5070190429688 -240.14144897460935 79.01097869873047
-596.426513671875 -240.29454040527344 78.76874542236328
-595.7440795898438 -240.9269561767578 78.9451675415039
-594.8651733398438 -241.47645568847656 78.98455047607422
-594.1480102539062 -242.1793670654297 79.08216094970703
-593.6470947265625 -242.9748077392578 79.20158386230469
-593.3460693359375 -243.9297332763672 79.34213256835938
-592.9471435546875 -244.7837829589844 78.9796371459961
-592.7649536132812 -245.76504516601565 78.95516967773438
-592.5843505859375 -246.7131500244141 78.71541595458984
-592.6744995117188 -247.6843414306641 78.5357894897461
-592.44873046875 -248.67442321777344 78.67975616455078
-592.3294677734375 -249.6516876220703 78.50131225585938
-592.3822631835938 -250.6038055419922 78.4986572265625
-592.688720703125 -251.60922241210935 78.63691711425781
-707.2715454101562 -253.2222595214844 410.9322814941406
-706.0911254882812 -253.52842712402344 412.2158508300781
-705.295166015625 -253.7835693359375 412.7376403808594
-704.4647216796875 -253.68077087402344 413.28424072265625
-703.6599731445312 -253.89993286132812 413.8939514160156
-702.7927856445312 -253.69190979003903 414.3211364746094
-701.8472290039062 -253.7646484375 414.62640380859375
-700.8719482421875 -253.57510375976565 414.8133544921875
-699.9237670898438 -253.5464782714844 415.1445617675781
-698.9661254882812 -253.5668487548828 415.413818359375
-697.9674072265625 -253.54168701171875 415.5281982421875
-696.9724731445312 -253.5122528076172 415.6337585449219
-695.9766235351562 -253.4614715576172 415.5338745117187
-694.9898071289062 -253.52569580078125 415.7092895507813
-694.01611328125 -253.55621337890625 415.9364318847656
-693.0540771484375 -253.57093811035156 416.116455078125
-692.1005249023438 -253.5776824951172 416.4512634277344
-691.1361083984375 -253.79885864257812 416.5032043457031
-690.213134765625 -253.7160797119141 416.1496887207031
-689.2843017578125 -253.4709320068359 416.3934326171875
-688.3359985351562 -253.2278289794922 416.5679626464844
-687.3482055664062 -253.1351318359375 416.63470458984375
-686.3914184570312 -252.85557556152344 416.6938171386719
-685.4046630859375 -252.7210235595703 416.7807922363281
-684.4351196289062 -252.52259826660156 416.8932800292969
-683.4896240234375 -252.5053253173828 417.2388610839844
-682.4910278320312 -252.4696044921875 417.28466796875
-681.5091552734375 -252.42660522460935 417.43255615234375
-680.5458374023438 -252.4450836181641 417.694580078125
-679.5731201171875 -252.36993408203125 417.91650390625
-678.5759887695312 -252.3765106201172 417.9657897949219
-677.610595703125 -252.3810882568359 418.18060302734375
-676.634033203125 -252.4265289306641 418.3648986816406
-675.6947631835938 -252.4574737548828 418.7026672363281
-674.7472534179688 -252.523681640625 418.9768981933594
-673.8189697265625 -252.48190307617188 419.3137817382813
-672.8593139648438 -252.40744018554688 419.5601806640625
-671.8653564453125 -252.49728393554688 419.65924072265625
-670.9098510742188 -252.44302368164065 419.9504699707031
-669.9671630859375 -252.4463348388672 420.2639465332031
-668.997314453125 -252.3588104248047 420.5104675292969
-668.0136108398438 -252.43084716796875 420.64849853515625
-667.1189575195312 -252.4512634277344 421.0886535644531
-666.1630249023438 -252.46585083007812 421.4149169921875
-665.1845092773438 -252.4904937744141 421.4917297363281
-664.2131958007812 -252.47503662109375 421.7259826660156
-663.2799072265625 -252.4714202880859 422.08990478515625
-662.3347778320312 -252.84689331054688 422.3048400878906
-661.439208984375 -252.54331970214844 422.5029602050781
-660.4515991210938 -252.46051025390625 422.6063232421875
-659.48779296875 -252.40249633789065 422.8704833984375
-658.578125 -252.3737945556641 423.25677490234375
-657.6254272460938 -252.18992614746097 423.5121765136719
-656.661376953125 -252.01182556152344 423.6701354980469
-655.6827392578125 -251.8828582763672 423.8199768066406
-654.7395629882812 -251.6910095214844 424.1038208007813
-653.7696533203125 -251.60777282714844 424.3039245605469
-652.815185546875 -251.49713134765625 424.6061706542969
-651.8562622070312 -251.41880798339844 424.861572265625
-650.8822631835938 -251.42840576171875 425.0546569824219
-649.9396362304688 -251.1555633544922 425.2434387207031
-649.0874633789062 -250.85513305664065 425.65234375
-648.1222534179688 -250.57095336914065 425.7897033691406
-647.245361328125 -250.1765594482422 425.9556884765625
-646.3153076171875 -249.8594207763672 425.9921569824219
-645.4618530273438 -249.39776611328125 426.2344055175781
-644.6007690429688 -248.8975830078125 426.2268371582031
-643.6552734375 -248.64669799804688 426.47412109375
-642.70166015625 -248.46560668945312 426.3349304199219
-641.7406005859375 -248.2088623046875 426.4163818359375
-640.7861328125 -247.93011474609375 426.5308532714844
-639.88134765625 -247.51116943359375 426.5666198730469
-638.9659423828125 -247.14761352539065 426.66546630859375
-638.0210571289062 -246.89810180664065 426.8756713867187
-637.1078491210938 -246.502197265625 426.85980224609375
-636.2308349609375 -246.11981201171875 427.1009216308594
-635.3164672851562 -245.72377014160156 427.0855712890625
-634.5384521484375 -245.19529724121097 426.8824462890625
-633.5670166015625 -244.96160888671875 427.0777587890625
-632.632568359375 -244.67135620117188 426.831787109375
-631.780029296875 -244.1280517578125 427.1559448242187
-631.01953125 -243.59429931640625 426.9598083496094
-630.096435546875 -243.17869567871097 426.8906555175781
-629.2861938476562 -242.8632354736328 427.4282531738281
-628.4822998046875 -242.2752227783203 427.2794799804687
-627.7952880859375 -241.7077178955078 427.6197204589844
-626.8458862304688 -241.39175415039065 427.64459228515625
-626.130859375 -240.7923583984375 427.6062316894531
-625.3112182617188 -240.27822875976565 427.7618408203125
-624.3892822265625 -240.02081298828125 427.5606994628906
-623.4108276367188 -239.7502899169922 427.5595397949219
-622.5120239257812 -239.31417846679688 427.7470397949219
-621.752685546875 -238.73776245117188 427.71978759765625
-620.865966796875 -238.3099365234375 427.8005676269531
-619.9047241210938 -238.13455200195312 427.5802917480469
-619.0468139648438 -237.77587890625 427.6518859863281
-618.151123046875 -237.533447265625 427.3770446777344
-617.2630615234375 -237.1319122314453 427.4201965332031
-616.3265380859375 -236.90756225585935 427.4042663574219
-615.4415283203125 -236.54141235351565 427.1168212890625
-614.501708984375 -236.27969360351565 427.1647033691406
-613.5498657226562 -236.0012054443359 427.0708312988281
-612.6097412109375 -235.6803436279297 427.1853942871094
-611.6536254882812 -235.50099182128903 427.2275390625
-610.656494140625 -235.5583648681641 427.2407531738281
-609.7808837890625 -235.3357391357422 426.7522583007813
-608.8600463867188 -235.17074584960935 426.6832885742187
-607.94482421875 -235.4611358642578 427.1669921875
-607.0912475585938 -235.38946533203125 427.2586669921875
-606.1148681640625 -235.41537475585935 427.01019287109375
-605.1649169921875 -235.62493896484375 427.0904541015625
-1023.232666015625 -243.34182739257812 265.7864685058594
-1018.4340209960938 -230.74478149414065 257.3087463378906
-1018.05126953125 -230.1521759033203 256.7497863769531
-1017.476318359375 -229.43429565429688 256.11041259765625
-1016.8546142578124 -228.8477325439453 255.58743286132812
-1016.1699829101564 -228.31710815429688 255.06137084960935
-1015.5199584960938 -227.7355499267578 254.55905151367188
-1014.8412475585938 -227.0914001464844 254.1770477294922
-1014.1448364257812 -226.53219604492188 253.70445251464844
-1013.4161376953124 -226.0491943359375 253.18716430664065
-1012.6309204101564 -225.5885467529297 252.7471923828125
-1011.8186645507812 -225.1370086669922 252.3572235107422
-1011.0222778320312 -224.7367706298828 251.8817138671875
-1010.2132568359376 -224.2844390869141 251.4844665527344
-1009.3850708007812 -223.8380889892578 251.11883544921875
-1008.518310546875 -223.4535675048828 250.76898193359375
-1007.6596069335938 -223.08934020996097 250.37826538085935
-1006.7908935546876 -222.77969360351565 249.96771240234375
-1005.9515380859376 -222.38226318359375 249.57107543945312
-1005.0844116210938 -221.99884033203125 249.1957244873047
-1004.1683959960938 -221.676513671875 248.89048767089844
-1003.2100830078124 -221.41168212890625 248.72230529785156
-1002.2227172851564 -221.20883178710935 248.66197204589844
-1001.2329711914064 -221.0597381591797 248.51475524902344
-1000.2451171875 -220.87371826171875 248.43276977539065
-999.2498779296876 -220.72509765625 248.34535217285156
-998.2530517578124 -220.63919067382812 248.2051696777344
-997.3575439453124 -220.54042053222656 248.13336181640625
-996.4688720703124 -220.39276123046875 248.0913543701172
-995.2756958007812 -220.1548767089844 247.9163055419922
-1023.232666015625 -243.34182739257812 265.7864685058594
-1038.62109375 -234.48333740234375 263.4411926269531
-1039.230712890625 -234.27511596679688 263.4669494628906
-1040.4407958984375 -233.8553924560547 263.5833740234375
-1041.426025390625 -233.47866821289065 263.8086242675781
-1042.3675537109375 -233.03399658203125 263.88525390625
-1043.352783203125 -232.8039703369141 263.8634033203125
-1044.3477783203125 -232.87332153320312 263.8583679199219
-1045.3533935546875 -232.7012176513672 263.9486389160156
-1046.2958984375 -232.60537719726565 264.2825622558594
-1047.250732421875 -232.83587646484375 264.4709777832031
-1048.217529296875 -233.0169219970703 264.6673889160156
-1049.190185546875 -233.22280883789065 264.8101806640625
-1050.0784912109375 -233.5565643310547 265.126708984375
-1050.9697265625 -233.94400024414065 265.3832092285156
-1051.8731689453125 -234.30886840820312 265.6091003417969
-1052.71728515625 -234.77793884277344 265.8716125488281
-1053.5850830078125 -235.24403381347656 266.0609436035156
-1054.47705078125 -235.64295959472656 266.2779235839844
-1055.3570556640625 -236.07310485839844 266.48394775390625
-1056.1810302734375 -236.57852172851565 266.7514953613281
-1057.06591796875 -236.99923706054688 266.9532775878906
-1057.954833984375 -237.4734649658203 266.981201171875
-1058.8310546875 -237.86270141601565 267.2645263671875
-1059.652587890625 -238.3900146484375 267.4977722167969
-1060.5406494140625 -238.81512451171875 267.6969909667969
-1061.395263671875 -239.2085418701172 268.0314025878906
-1062.2845458984375 -239.61325073242188 268.2644958496094
-1063.1480712890625 -240.0845947265625 268.4468688964844
-1063.9100341796875 -240.58425903320312 268.8725891113281
-1064.7587890625 -241.0456085205078 269.1341247558594
-1065.611328125 -241.51498413085935 269.3758544921875
-1066.42919921875 -241.97427368164065 269.7282409667969
-1067.3170166015625 -242.28660583496097 270.09246826171875
-1068.21533203125 -242.67388916015625 270.2971496582031
-1069.1279296875 -242.96519470214844 270.60186767578125
-1070.0421142578125 -243.28155517578125 270.8688049316406
-1070.934814453125 -243.6070556640625 271.1808776855469
-1071.8642578125 -243.86398315429688 271.455810546875
-1072.791748046875 -244.091796875 271.7426452636719
-1073.68310546875 -244.45814514160156 272.01080322265625
-1074.6102294921875 -244.66860961914065 272.3367004394531
-1075.520751953125 -244.9092712402344 272.67529296875
-1076.51220703125 -245.0458526611328 272.79632568359375
-1077.45703125 -245.18893432617188 273.088134765625
-1078.428955078125 -245.26412963867188 273.32940673828125
-1079.412109375 -245.3218994140625 273.5014953613281
-1080.3955078125 -245.3829803466797 273.6680603027344
-1081.3570556640625 -245.4167938232422 273.94525146484375
-1082.322509765625 -245.4578857421875 274.20361328125
-1083.2845458984375 -245.39175415039065 274.4790954589844
-1084.2574462890625 -245.3310546875 274.7110595703125
-1085.2073974609375 -245.27357482910156 275.0274963378906
-1086.166748046875 -245.1551971435547 275.29766845703125
-1087.1170654296875 -245.0366973876953 275.5966491699219
-1088.11083984375 -244.98800659179688 275.7366638183594
-1089.0972900390625 -244.95884704589844 275.8877868652344
-1090.0543212890625 -244.836669921875 276.1382751464844
-1091.0465087890625 -244.71762084960935 276.2277526855469
-1092.0191650390625 -244.64996337890625 276.4616394042969
-1092.9923095703125 -244.5271148681641 276.67681884765625
-1093.968505859375 -244.36376953125 276.8341064453125
-1094.951171875 -244.17381286621097 276.8958435058594
-1095.904296875 -243.88278198242188 276.9821472167969
-1096.8714599609375 -243.62722778320312 277.0600280761719
-1097.860595703125 -243.50515747070312 277.1585693359375
-1098.828125 -243.2751922607422 277.2731628417969
-1099.813232421875 -243.0933380126953 277.3606872558594
-1100.78662109375 -242.87974548339844 277.4090881347656
-1101.7637939453125 -242.670654296875 277.4931945800781
-1102.751708984375 -242.5004425048828 277.4414367675781
-1103.7491455078125 -242.40098571777344 277.4478454589844
-1104.747802734375 -242.3515625 277.37591552734375
-1105.73046875 -242.1678924560547 277.29547119140625
-1106.7020263671875 -241.91714477539065 277.2930908203125
-1107.6624755859375 -241.64651489257812 277.345947265625
-1108.657470703125 -241.5093688964844 277.3529357910156
-1109.6287841796875 -241.27891540527344 277.406982421875
-1110.6021728515625 -241.07977294921875 277.4992370605469
-1111.5692138671875 -240.9767913818359 277.7682800292969
-1112.564453125 -240.9424591064453 277.7893371582031
-1113.545166015625 -240.9127960205078 277.5893859863281
-1114.5433349609375 -240.85025024414065 277.52996826171875
-1115.505859375 -240.75942993164065 277.25897216796875
-1116.472412109375 -240.69381713867188 277.0273742675781
-1117.4119873046875 -240.6635284423828 276.7469177246094
-1118.3502197265625 -240.30284118652344 276.5443115234375
-1119.3387451171875 -240.1623687744141 276.42706298828125
-1120.316650390625 -239.97564697265625 276.4187316894531
-1121.306640625 -239.8278350830078 276.3514099121094
-1122.2713623046875 -239.5949859619141 276.2273254394531
-1123.2559814453125 -239.4473571777344 276.1629943847656
-1124.249267578125 -239.30332946777344 276.16546630859375
-1125.2459716796875 -239.24085998535156 276.146240234375
-1126.2479248046875 -239.16375732421875 276.0278015136719
-1127.234130859375 -239.05743408203125 275.9727783203125
-1128.1739501953125 -238.8011932373047 275.7412414550781
-1129.1405029296875 -238.605224609375 275.570556640625
-1130.132080078125 -238.5343475341797 275.4463195800781
-1131.1177978515625 -238.4084014892578 275.3250732421875
-1132.120849609375 -238.40655517578125 275.3172912597656
-1133.0849609375 -238.25425720214844 275.10589599609375
-1134.058349609375 -238.1262359619141 274.8887939453125
-1135.0391845703125 -237.9571533203125 274.7872314453125
-1136.0379638671875 -237.97201538085935 274.83599853515625
-1137.0386962890625 -238.05645751953125 274.8555908203125
-1138.037109375 -238.0115203857422 274.8299865722656
-1139.0341796875 -238.00392150878903 274.7121276855469
-1140.037109375 -237.9664764404297 274.78021240234375
-1141.0211181640625 -237.8883819580078 274.6319274902344
-1142.021240234375 -237.85418701171875 274.54150390625
-1143.01025390625 -237.7082366943359 274.5042724609375
-1143.9989013671875 -237.5670928955078 274.4111328125
-1144.9864501953125 -237.43348693847656 274.35186767578125
-1145.9805908203125 -237.336181640625 274.30963134765625
-1146.9627685546875 -237.184326171875 274.17364501953125
-1147.9521484375 -237.07467651367188 274.05059814453125
-1148.9249267578125 -236.8597869873047 273.9569091796875
-1149.914794921875 -236.7471618652344 273.87200927734375
-1150.900390625 -236.61453247070312 273.9639892578125
-1151.8819580078125 -236.45066833496097 273.9743957519531
-1152.87109375 -236.3096923828125 273.99456787109375
-1153.8502197265625 -236.0974273681641 273.9697265625
-1154.8514404296875 -236.0240936279297 274.0133972167969
-1155.8363037109375 -235.8983917236328 273.9035339355469
-1156.818359375 -235.6737823486328 273.88507080078125
-1157.8082275390625 -235.52508544921875 273.8148498535156
-1158.77783203125 -235.42608642578125 273.63751220703125
-1159.756591796875 -235.19607543945312 273.78033447265625
-1160.755126953125 -235.12782287597656 273.85699462890625
-1161.7508544921875 -235.0666046142578 273.979736328125
-1162.7215576171875 -235.2205810546875 274.0343322753906
-1163.734619140625 -235.1547088623047 274.014892578125
-1164.7237548828125 -234.95567321777344 273.9559326171875
-1165.722900390625 -234.87608337402344 274.00048828125
-1166.7093505859375 -234.74114990234375 273.9997863769531
-1167.663818359375 -234.53323364257812 273.7575378417969
-1168.62060546875 -234.2613067626953 273.6931457519531
-1169.6004638671875 -234.10511779785156 273.57183837890625
-1170.5982666015625 -234.06932067871097 273.4522705078125
-1171.591796875 -234.17710876464844 273.3839111328125
-1172.550537109375 -233.9343109130859 273.4242248535156
-1173.5135498046875 -233.6040802001953 273.4239807128906
-1174.502197265625 -233.43972778320312 273.3177795410156
-1175.454345703125 -233.14840698242188 273.2276611328125
-1176.42626953125 -232.90875244140625 273.1448059082031
-1177.423095703125 -232.92315673828125 273.1463928222656
-1178.4241943359375 -232.8747711181641 273.1133728027344
-1179.4107666015625 -232.70877075195312 273.0628967285156
-1180.3851318359375 -232.48377990722656 273.0323486328125
-1181.3458251953125 -232.2077484130859 273.02972412109375
-1182.34130859375 -232.09292602539065 273.0368347167969
-1183.326904296875 -231.9075164794922 273.0432434082031
-1184.3031005859375 -231.68191528320312 273.0137023925781
-1185.272216796875 -231.41896057128903 272.9981384277344
-1186.254150390625 -231.2303009033203 273.0007019042969
-1187.2408447265625 -231.07711791992188 272.95684814453125
-1188.228271484375 -230.9436798095703 272.8644104003906
-1189.2239990234375 -230.87200927734375 272.8230895996094
-1190.2117919921875 -230.7053375244141 272.82720947265625
-1191.2005615234375 -230.55430603027344 272.88995361328125
-1192.1949462890625 -230.5617828369141 272.98712158203125
-1193.160400390625 -230.2730712890625 272.8871765136719
-1194.119140625 -230.19297790527344 272.81854248046875
-1195.0933837890625 -230.34410095214844 272.77972412109375
-1196.0284423828125 -230.3333282470703 272.6845703125
-1197.3748779296875 -230.18380737304688 272.47650146484375
-1197.3748779296875 -230.18380737304688 272.47650146484375
-1199.007080078125 -228.96302795410156 273.4937744140625
-1199.9649658203125 -228.45355224609375 273.7003479003906
-1200.8741455078125 -228.1944122314453 274.0658874511719
-1201.85986328125 -227.9354248046875 274.3690185546875
-1202.91552734375 -227.85545349121097 274.5080871582031
-1203.9559326171875 -227.67825317382812 274.55804443359375
-1205.0054931640625 -227.6175079345703 274.6946716308594
-1206.0518798828125 -227.6516265869141 274.8872985839844
-1207.086669921875 -227.4830017089844 275.06280517578125
-1208.0985107421875 -227.35107421875 275.27337646484375
-1209.158935546875 -227.2537841796875 275.18695068359375
-1210.1572265625 -227.25946044921875 275.1589660644531
-1211.25 -227.48777770996097 275.2646484375
-1212.623046875 -227.87884521484375 275.3404846191406
-1212.623046875 -227.87884521484375 275.3404846191406
-1214.0018310546875 -227.3197479248047 275.3631286621094
-1214.997314453125 -227.16029357910156 275.687255859375
-1215.9090576171875 -227.11294555664065 276.0640869140625
-1216.8306884765625 -227.44308471679688 276.3692932128906
-1217.7933349609375 -227.5484161376953 276.7418212890625
-1218.7215576171875 -227.8563232421875 277.0556640625
-1219.6875 -228.08096313476565 277.3323059082031
-1220.63427734375 -228.27720642089844 277.6780090332031
-1221.566650390625 -228.49188232421875 278.0415954589844
-1222.4927978515625 -228.78855895996097 278.3782653808594
-1223.373291015625 -229.09512329101565 278.8169250488281
-1224.22607421875 -229.35488891601565 279.3184814453125
-1225.142333984375 -229.6437835693359 279.68109130859375
-1226.06591796875 -229.87074279785156 280.0789489746094
-1226.9541015625 -230.28028869628903 280.3856506347656
-1227.9140625 -230.5163726806641 280.66473388671875
-1228.849365234375 -230.55235290527344 281.0686950683594
-1229.7891845703125 -230.75933837890625 281.4162902832031
-1230.7137451171875 -231.0009307861328 281.7874450683594
-1231.6085205078125 -231.26449584960935 282.1940002441406
-1232.568603515625 -231.46128845214844 282.4933776855469
-1233.5196533203125 -231.5189208984375 282.8476257324219
-1234.441650390625 -231.81375122070312 283.220703125
-1235.443115234375 -231.82180786132812 283.46466064453125
-1236.4237060546875 -231.8635101318359 283.7571716308594
-1237.3577880859375 -231.7627410888672 284.143798828125
-1238.295166015625 -231.6376953125 284.4313659667969
-1239.2017822265625 -231.41908264160156 284.7392883300781
-1239.2017822265625 -231.41908264160156 284.7392883300781
-1240.4193115234375 -232.34564208984375 285.4686279296875
-1241.2437744140625 -232.7061004638672 285.88861083984375
-1242.0111083984375 -233.1256866455078 286.3836364746094
-1242.8843994140625 -233.30259704589844 286.8480529785156
-1243.7366943359375 -233.4640350341797 287.3394470214844
-1244.6038818359375 -233.48468017578125 287.83642578125
-1245.521240234375 -233.50564575195312 288.24456787109375
-1246.4716796875 -233.49505615234375 288.5654602050781
-1247.411865234375 -233.4489288330078 288.8747863769531
-1248.380615234375 -233.4489288330078 289.1409912109375
-1249.3369140625 -233.6449737548828 289.44915771484375
-1250.279541015625 -233.49166870117188 289.6877746582031
-1251.27197265625 -233.5476226806641 289.8543701171875
-1252.2708740234375 -233.4675750732422 289.9842834472656
-1253.2098388671875 -233.61529541015625 290.299560546875
-1254.1778564453125 -233.87579345703125 290.39605712890625
-1255.140869140625 -234.1218109130859 290.5413513183594
-1256.0689697265625 -234.4280548095703 290.7706298828125
-1257.0313720703125 -234.57273864746097 291.0412292480469
-1257.9783935546875 -234.63673400878903 291.3524169921875
-1258.92578125 -234.666259765625 291.6941833496094
-1259.8748779296875 -234.62881469726565 292.0312805175781
-1260.841552734375 -234.62643432617188 292.3072509765625
-1261.760498046875 -234.5480194091797 292.7022399902344
-1262.6722412109375 -234.5270538330078 293.07110595703125
-1263.466064453125 -234.0437164306641 293.5610046386719
-1264.218505859375 -233.4668731689453 293.82373046875
-1265.082275390625 -233.0602569580078 294.13140869140625
-1265.9495849609375 -232.60255432128903 294.2565612792969
-1266.932861328125 -232.42247009277344 294.32354736328125
-1267.900146484375 -232.17388916015625 294.3698425292969
-1268.884521484375 -232.1266326904297 294.2243957519531
-1269.8580322265625 -231.7410430908203 294.2567443847656
-1270.7886962890625 -231.97279357910156 294.07330322265625
-1271.8052978515625 -232.14488220214844 293.990478515625
-1272.766845703125 -231.9367218017578 293.915283203125
-1273.7625732421875 -232.0126953125 293.8851013183594
-1274.74560546875 -232.01699829101565 293.6607360839844
-1275.7518310546875 -232.00076293945312 293.6169128417969
-1276.736328125 -232.2546844482422 293.56219482421875
-1277.7098388671875 -232.0648651123047 293.60296630859375
-1278.700439453125 -231.9956970214844 293.76348876953125
-1279.5721435546875 -231.5171661376953 293.93585205078125
-1280.480224609375 -231.36219787597656 294.31268310546875
-1281.4034423828125 -230.9860382080078 294.392578125
-1282.335205078125 -230.63076782226565 294.5154724121094
-1283.235595703125 -230.2554626464844 294.72711181640625
-1284.1607666015625 -229.90684509277344 294.9132080078125
-1285.116455078125 -229.6654052734375 295.0962829589844
-1285.8760986328125 -229.09652709960935 295.41192626953125
-1286.798828125 -228.82798767089844 295.6225280761719
-1287.6522216796875 -228.44871520996097 296.036376953125
-1288.588623046875 -228.11175537109375 296.08111572265625
-1289.5186767578125 -227.7883453369141 296.0617980957031
-1290.410888671875 -227.3790740966797 296.1123046875
-1291.2093505859375 -226.7731781005859 296.054443359375
-1292.0906982421875 -226.33828735351565 296.04644775390625
-1292.9322509765625 -225.8054046630859 296.06597900390625
-1293.69921875 -225.1434783935547 296.029541015625
-1294.3199462890625 -224.35482788085935 296.0142822265625
-1294.9013671875 -223.5837554931641 296.0739440917969
-1295.1275634765625 -222.59793090820312 296.0931701660156
-1295.3126220703125 -221.64517211914065 295.9291076660156
-1295.7109375 -220.73199462890625 296.2250671386719
-1295.9154052734375 -219.8201446533203 295.9474182128906
-1296.331298828125 -218.9337615966797 296.0385437011719
-1296.89794921875 -218.10948181152344 295.98468017578125
-1297.3458251953125 -217.2283477783203 296.1448669433594
-1297.92919921875 -216.4400634765625 295.951416015625
-1298.52490234375 -215.62644958496097 295.9895935058594
-1299.0977783203125 -214.82928466796875 295.92242431640625
-1299.504638671875 -213.9640655517578 295.63818359375
-1299.9610595703125 -213.07400512695312 295.53192138671875
-1300.6810302734375 -212.35934448242188 295.5345458984375
-1301.1263427734375 -211.47967529296875 295.31689453125
-1301.7135009765625 -210.70413208007812 295.2117004394531
-1302.4854736328125 -210.0940399169922 295.4264221191406
-1303.3974609375 -209.7389984130859 295.5853271484375
-1304.3045654296875 -209.3059234619141 295.61572265625
-1305.2640380859375 -209.0586700439453 295.4813537597656
-1306.2655029296875 -209.05714416503903 295.5186767578125
-1307.2298583984375 -208.8713531494141 295.3114929199219
-1308.1297607421875 -208.7466583251953 294.9048156738281
-1309.11865234375 -208.66810607910156 294.7911376953125
-1310.1185302734375 -208.5754547119141 294.73193359375
-1311.05859375 -208.6319580078125 294.3984680175781
-1312.02978515625 -208.62486267089844 294.1529541015625
-1312.9736328125 -208.3049468994141 294.16412353515625
-1313.92578125 -207.94338989257812 294.1427917480469
-1314.9012451171875 -207.9487762451172 294.0198059082031
-1315.893798828125 -207.98028564453125 293.9054870605469
-1316.873779296875 -208.02053833007812 293.9612121582031
-1317.870849609375 -208.0794219970703 293.8592529296875
-1318.8779296875 -208.01356506347656 293.83367919921875
-1319.8179931640625 -208.3555145263672 293.9630126953125
-1320.799560546875 -208.4065093994141 293.7597351074219
-1321.7542724609375 -208.53073120117188 293.4625244140625
-1322.6932373046875 -208.65394592285156 293.2754821777344
-1323.6934814453125 -208.4961700439453 293.61309814453125
-1324.6661376953125 -208.64544677734375 293.53009033203125
-1325.6373291015625 -208.64846801757812 293.2627258300781
-1326.619873046875 -208.7028961181641 293.29058837890625
-1327.61572265625 -208.65347290039065 293.4213562011719
-1328.6214599609375 -208.69712829589844 293.39520263671875
-1329.61865234375 -208.84385681152344 293.478515625
-1330.62158203125 -208.8902130126953 293.55413818359375
-1331.630859375 -208.8705596923828 293.50372314453125
-1332.622314453125 -208.9800720214844 293.6035461425781
-1333.6246337890625 -209.05970764160156 293.54534912109375
-1334.626708984375 -209.0016326904297 293.5234069824219
-1335.6058349609375 -209.16033935546875 293.5628356933594
-1073.9456787109375 -238.68057250976565 242.6219482421875
-1076.6109619140625 -237.09701538085935 238.90283203125
-1077.3739013671875 -236.90054321289065 238.28944396972656
-1078.13916015625 -236.7418212890625 237.6521453857422
-1078.9974365234375 -236.67762756347656 237.1374664306641
-1079.9571533203125 -236.58299255371097 236.87013244628903
-1080.9176025390625 -236.52963256835935 236.5802764892578
-1081.8724365234375 -236.69874572753903 236.357421875
-1082.8172607421875 -236.93063354492188 236.08270263671875
-1083.814697265625 -236.9973907470703 235.9411468505859
-1084.767822265625 -237.2728729248047 235.83091735839844
-1085.740234375 -237.50717163085935 235.7775115966797
-1086.7225341796875 -237.68814086914065 235.66690063476565
-1087.6776123046875 -237.9894866943359 235.5826416015625
-1088.6387939453125 -238.30799865722656 235.61459350585935
-1089.6229248046875 -238.4193572998047 235.5501251220703
-1090.62255859375 -238.5286102294922 235.53466796875
-1091.616943359375 -238.6354217529297 235.47738647460935
-1092.589111328125 -238.8638153076172 235.47132873535156
-1093.574462890625 -239.0460205078125 235.43429565429688
-1094.5618896484375 -239.20245361328125 235.47914123535156
-1095.5595703125 -239.32806396484375 235.4890289306641
-1096.5621337890625 -239.33193969726565 235.4771728515625
-1097.55029296875 -239.55030822753903 235.37277221679688
-1098.5343017578125 -239.64024353027344 235.30862426757812
-1099.53466796875 -239.5905609130859 235.37640380859375
-1100.5413818359375 -239.4738922119141 235.42759704589844
-1101.5440673828125 -239.31814575195312 235.59793090820312
-1102.5172119140625 -239.42031860351565 235.7225799560547
-1103.481201171875 -239.6219024658203 235.61737060546875
-1104.479248046875 -239.67608642578125 235.51031494140625
-1105.4813232421875 -239.5944671630859 235.4617156982422
-1106.4735107421875 -239.58486938476565 235.3735809326172
-1107.475830078125 -239.64727783203125 235.27682495117188
-1108.4810791015625 -239.7305908203125 235.30206298828125
-1109.4779052734375 -239.67349243164065 235.39077758789065
-1110.4730224609375 -239.55398559570312 235.38555908203125
-1111.4720458984375 -239.48194885253903 235.35415649414065
-1112.4722900390625 -239.3910369873047 235.3869781494141
-1113.4716796875 -239.3239288330078 235.4335479736328
-1114.44580078125 -239.19378662109375 235.6369171142578
-1115.4259033203125 -239.0563812255859 235.7820281982422
-1116.432861328125 -239.0222015380859 235.8273773193359
-1117.4288330078125 -238.9773712158203 235.84011840820312
-1118.4180908203125 -238.82809448242188 235.71243286132812
-1119.417724609375 -238.78274536132812 235.66592407226565
-1120.4146728515625 -238.8025665283203 235.56549072265625
-1121.3978271484375 -238.62510681152344 235.44293212890625
-1122.3458251953125 -238.39044189453125 235.21400451660156
-1123.264404296875 -238.0412139892578 235.08155822753903
-1124.27685546875 -237.90655517578125 235.0839385986328
-1125.26806640625 -237.8043212890625 234.97732543945312
-1126.258056640625 -237.63282775878903 234.95782470703125
-1127.2393798828125 -237.44158935546875 234.88331604003903
-1128.1868896484375 -237.10870361328125 234.8138427734375
-1129.1746826171875 -236.96905517578125 234.75430297851565
-1130.15771484375 -236.78952026367188 234.6760406494141
-1131.141357421875 -236.588623046875 234.72970581054688
-1132.1412353515625 -236.6389923095703 234.79547119140625
-1133.131591796875 -236.5191345214844 234.80276489257812
-1134.13134765625 -236.398681640625 234.8804168701172
-1135.1319580078125 -236.44107055664065 234.78530883789065
-1136.111328125 -236.30116271972656 234.7843475341797
-1137.090576171875 -236.11538696289065 234.8692169189453
-1138.0751953125 -235.9416046142578 234.78851318359375
-1139.077880859375 -235.83819580078125 234.70681762695312
-1140.0355224609375 -235.59524536132812 234.81004333496097
-1141.031494140625 -235.47373962402344 234.83677673339844
-1142.027099609375 -235.36053466796875 234.8864288330078
-1143.0181884765625 -235.3065185546875 234.79751586914065
-1144.0133056640625 -235.2390899658203 234.71160888671875
-1145.015869140625 -235.21551513671875 234.66812133789065
-1146.0015869140625 -235.0680694580078 234.53721618652344
-1146.978515625 -234.89404296875 234.49037170410156
-1147.9510498046875 -234.6551513671875 234.43283081054688
-1148.9437255859375 -234.53216552734375 234.37554931640625
-1149.92822265625 -234.41554260253903 234.20083618164065
-1150.89453125 -234.19171142578125 234.07110595703125
-1151.8736572265625 -234.0700225830078 234.11965942382812
-1152.878173828125 -234.0707244873047 234.0099639892578
-1153.8746337890625 -234.087890625 233.8727569580078
-1154.8790283203125 -234.09295654296875 233.8700408935547
-1155.8631591796875 -234.254638671875 233.87196350097656
-1156.8382568359375 -234.5123748779297 233.8726348876953
-1157.8338623046875 -234.54275512695312 233.92694091796875
-1158.8211669921875 -234.3976287841797 233.91259765625
-1159.8201904296875 -234.4485626220703 233.81578063964844
-1160.8084716796875 -234.4525146484375 233.76556396484375
-1161.8009033203125 -234.54115295410156 233.89825439453125
-1162.7967529296875 -234.68833923339844 233.9676055908203
-1163.7862548828125 -234.81570434570312 234.0115966796875
-1164.78857421875 -234.87335205078125 234.02508544921875
-1165.7852783203125 -234.98646545410156 234.06216430664065
-1166.7843017578125 -235.01626586914065 234.00729370117188
-1167.7867431640625 -235.08029174804688 233.93801879882812
-1168.7813720703125 -235.02392578125 233.89471435546875
-1169.779541015625 -234.98599243164065 233.83151245117188
-1170.7708740234375 -235.1226348876953 233.84298706054688
-1171.750244140625 -235.33457946777344 233.7793731689453
-1172.732666015625 -235.4201202392578 233.59654235839844
-1173.7158203125 -235.50491333007812 233.47134399414065
-1174.69091796875 -235.655517578125 233.31060791015625
-1175.6527099609375 -235.8685302734375 233.13674926757812
-1176.634033203125 -235.86148071289065 233.05332946777344
-1177.63818359375 -235.72000122070312 233.11050415039065
-1178.635986328125 -235.6758575439453 233.1238250732422
-1179.6229248046875 -235.629638671875 233.02279663085935
-1180.6083984375 -235.7375030517578 232.9609832763672
-1181.593017578125 -235.79818725585935 232.801513671875
-1182.5740966796875 -235.73817443847656 232.7438507080078
-1183.5648193359375 -235.6598663330078 232.74169921875
-1184.56201171875 -235.5668487548828 232.5886077880859
-1185.5584716796875 -235.44711303710935 232.5131378173828
-1186.54443359375 -235.3131103515625 232.42007446289065
-1187.485107421875 -235.1555633544922 232.14285278320312
-1188.455078125 -235.0088653564453 231.95822143554688
-1189.43359375 -234.91961669921875 231.7562255859375
-1190.401123046875 -234.8058319091797 231.67453002929688
-1191.3980712890625 -234.69520568847656 231.5387725830078
-1192.388916015625 -234.54080200195312 231.5174102783203
-1193.3970947265625 -234.4068603515625 231.6406707763672
-1194.3900146484375 -234.3443145751953 231.7316436767578
-1195.3341064453125 -234.3114013671875 231.5293426513672
-1196.31982421875 -234.28895568847656 231.3644561767578
-1197.3441162109375 -234.3167266845703 231.5067901611328
-1198.2919921875 -234.35365295410156 231.41412353515625
-1200.21630859375 -234.51893615722656 231.41648864746097
-1200.21630859375 -234.51893615722656 231.41648864746097
-1202.26318359375 -233.05892944335935 230.76974487304688
-1203.280517578125 -232.90655517578125 230.5964202880859
-1204.216064453125 -232.7141571044922 230.2642517089844
-1205.273193359375 -232.58416748046875 230.3347930908203
-1206.3326416015625 -232.673095703125 230.32525634765625
-1207.3507080078125 -232.8730926513672 230.1238250732422
-1208.36279296875 -232.8182830810547 230.0240478515625
-1209.342041015625 -232.76271057128903 229.66983032226565
-1210.220458984375 -232.71859741210935 229.13427734375
-1211.194580078125 -232.5724639892578 228.77232360839844
-1212.2066650390625 -232.4992828369141 228.5553741455078
-1213.1424560546875 -232.7103271484375 228.1864013671875
-1214.1781005859375 -232.80178833007812 228.11090087890625
-1215.2159423828125 -232.77218627929688 228.04476928710935
-1216.135498046875 -232.88333129882812 227.6385955810547
-1217.1309814453125 -232.94467163085935 227.5204315185547
-1218.6474609375 -233.10659790039065 227.29502868652344
-1218.6474609375 -233.10659790039065 227.29502868652344
-1219.8450927734375 -232.14935302734375 226.8050537109375
-1220.8006591796875 -232.00299072265625 226.53778076171875
-1221.7696533203125 -232.012939453125 226.2463531494141
-1222.7431640625 -231.89669799804688 225.98806762695312
-1223.7196044921875 -231.85794067382812 225.71322631835935
-1224.6463623046875 -231.62796020507812 225.37417602539065
-1225.5780029296875 -231.4825134277344 224.9947967529297
-1226.5313720703125 -231.15216064453125 224.9018096923828
-1227.51708984375 -230.9977874755859 224.71864318847656
-1228.467041015625 -230.9413299560547 224.38731384277344
-1229.4407958984375 -230.88775634765625 224.1193389892578
-1230.4283447265625 -230.78128051757812 223.91845703125
-1231.4029541015625 -230.62205505371097 223.6735992431641
-1232.346923828125 -230.59925842285156 223.3184051513672
-1233.3133544921875 -230.61854553222656 223.0148468017578
-1234.2803955078125 -230.65711975097656 222.71987915039065
-1235.2462158203125 -230.77503967285156 222.42857360839844
-1236.217041015625 -230.78916931152344 222.14796447753903
-1237.2308349609375 -230.8509063720703 222.0357666015625
-1238.19482421875 -231.01419067382812 221.7517852783203
-1239.1468505859375 -231.0146484375 221.4265594482422
-1240.143798828125 -231.1341094970703 221.22056579589844
-1241.076171875 -231.4436798095703 220.98095703125
-1241.9996337890625 -231.7994079589844 220.7434844970703
-1242.9464111328125 -231.95388793945312 220.4178009033203
-1243.8582763671875 -232.25930786132812 220.13717651367188
-1244.7691650390625 -232.63430786132812 219.92466735839844
-1245.697509765625 -232.95066833496097 219.67005920410156
-1246.63330078125 -233.17111206054688 219.3498382568359
-1247.5750732421875 -233.47215270996097 219.11566162109375
-1248.51904296875 -233.48974609375 218.7874298095703
-1249.4244384765625 -233.53494262695312 218.49490356445312
-1250.391357421875 -233.62779235839844 218.2239532470703
-1250.391357421875 -233.62779235839844 218.2239532470703
-1251.65283203125 -234.8500518798828 217.67462158203125
-1252.5401611328125 -235.1441192626953 217.30453491210935
-1253.4564208984375 -235.46055603027344 217.06834411621097
-1254.3868408203125 -235.65457153320312 216.74789428710935
-1255.3232421875 -235.8486328125 216.455078125
-1256.2786865234375 -236.0196075439453 216.17483520507812
-1257.267822265625 -236.0752868652344 216.0814971923828
-1258.260498046875 -236.28323364257812 216.03884887695312
-1259.2396240234375 -236.31532287597656 215.87538146972656
-1260.222900390625 -236.3490753173828 215.87615966796875
-1261.19873046875 -236.3810577392578 215.7349853515625
-1262.1910400390625 -236.5372009277344 215.71389770507812
-1263.179443359375 -236.70591735839844 215.7347869873047
-1264.1490478515625 -236.86569213867188 215.9040374755859
-1265.1231689453125 -237.05967712402344 215.97348022460935
-1266.0672607421875 -237.39227294921875 216.0325927734375
-1267.0604248046875 -237.37680053710935 215.87905883789065
-1268.0538330078125 -237.31253051757812 215.8772430419922
-1269.0555419921875 -237.36605834960935 215.88084411621097
-1270.05224609375 -237.41647338867188 215.81576538085935
-1271.04345703125 -237.3380584716797 215.6725921630859
-1271.9918212890625 -237.3162078857422 215.40692138671875
-1272.949951171875 -237.2139434814453 215.12155151367188
-1273.91796875 -237.19406127929688 214.88189697265625
-1274.905517578125 -237.0480499267578 214.75625610351565
-1275.888916015625 -236.99208068847656 214.57034301757812
-1276.8592529296875 -236.85792541503903 214.32406616210935
-1277.7843017578125 -236.8556976318359 213.94815063476565
-1278.7503662109375 -236.7828369140625 213.7579803466797
-1279.737060546875 -236.8096923828125 213.55355834960935
-1280.706298828125 -237.0455780029297 213.57839965820312
-1281.6644287109375 -237.2871856689453 213.3086700439453
-1282.62255859375 -237.2463531494141 213.06304931640625
-1283.55126953125 -236.98204040527344 213.3421173095703
-1284.4483642578125 -237.28131103515625 213.68057250976565
-1285.3973388671875 -237.5666351318359 213.8462371826172
-1286.3349609375 -237.7608642578125 214.1530609130859
-1287.25537109375 -238.0892791748047 214.27293395996097
-1288.1395263671875 -238.4116668701172 214.61172485351565
-1288.9466552734375 -238.7766876220703 215.00686645507812
-1289.813232421875 -239.1296234130859 215.29568481445312
-1290.640869140625 -239.5056304931641 215.7155303955078
-1291.579833984375 -239.5621337890625 215.89251708984375
-1292.5672607421875 -239.7080078125 216.03077697753903
-1293.538818359375 -239.77850341796875 215.8038330078125
-1294.490234375 -239.48623657226565 215.8923492431641
-1295.47412109375 -239.4357757568359 215.7859039306641
-1296.38916015625 -239.0568084716797 216.1384735107422
-1297.2523193359375 -238.69871520996097 215.8731689453125
-1298.08154296875 -238.19911193847656 215.8800811767578
-1299.0115966796875 -237.8798370361328 216.0771026611328
-1299.9808349609375 -237.6763458251953 215.91726684570312
-1300.6800537109375 -237.0014190673828 215.96658325195312
-1301.4903564453125 -236.4202880859375 215.7611083984375
-1302.0992431640625 -235.678466796875 215.76988220214844
-1302.7254638671875 -234.89761352539065 215.66810607910156
-1303.4808349609375 -234.27529907226565 215.54039001464844
-1304.1956787109375 -233.68260192871097 215.1771240234375
-1304.942138671875 -233.0150909423828 215.08636474609375
-1305.617431640625 -232.35980224609375 214.8682403564453
-1306.2037353515625 -231.6473846435547 214.9838409423828
-1307.070556640625 -231.12840270996097 215.04495239257812
-1307.5440673828125 -230.30352783203125 215.1383514404297
-1308.265625 -229.6448211669922 215.0469970703125
-1309.0072021484375 -228.9993896484375 215.10594177246097
-1309.6927490234375 -228.2196502685547 215.1511383056641
-1310.0826416015625 -227.3635101318359 214.91275024414065
-1310.4783935546875 -226.4734649658203 214.6863250732422
-1310.8248291015625 -225.5868377685547 214.4267120361328
-1311.3118896484375 -224.7520751953125 214.39659118652344
-1311.9061279296875 -223.98110961914065 214.1902618408203
-1312.34716796875 -223.1202850341797 213.9377593994141
-1312.9072265625 -222.34632873535156 214.126953125
-1313.651123046875 -221.65078735351565 213.9763031005859
-1314.1785888671875 -220.85922241210935 213.97059631347656
-1314.9464111328125 -220.2272491455078 214.2021026611328
-1315.554931640625 -219.44461059570312 214.2946624755859
-1316.2933349609375 -218.81597900390625 214.53497314453125
-1317.119384765625 -218.2705993652344 214.5847320556641
-1318.0545654296875 -217.9530029296875 214.86154174804688
-1318.866455078125 -217.5205841064453 215.1872711181641
-1319.614990234375 -216.9732208251953 215.6253662109375
-1320.389404296875 -216.74249267578125 216.16114807128903
-1321.153076171875 -216.13478088378903 216.5147247314453
-1321.950927734375 -215.83154296875 217.0023193359375
-1322.8785400390625 -215.5313720703125 217.15489196777344
-1323.6943359375 -215.4800720214844 217.7998962402344
-1324.541259765625 -215.03341674804688 218.0884704589844
-1325.2708740234375 -214.85299682617188 218.7829742431641
-1326.2318115234375 -214.7953643798828 219.032958984375
-1327.064697265625 -214.56138610839844 219.5363006591797
-1327.954833984375 -214.5214385986328 219.9586181640625
-1328.94921875 -214.4977874755859 220.0820770263672
-1329.90576171875 -214.4522399902344 220.38543701171875
-1330.8529052734375 -214.5596160888672 220.67581176757812
-1331.8477783203125 -214.4337921142578 220.81185913085935
-1332.8255615234375 -214.41941833496097 221.0267333984375
-1333.818359375 -214.46241760253903 221.1973419189453
-1334.79345703125 -214.59255981445312 221.3312835693359
-1335.7587890625 -214.50665283203125 221.58004760742188
-1336.736328125 -214.53114318847656 221.7935333251953
-1337.611083984375 -214.52127075195312 222.15460205078125
-1338.7052001953125 -214.4723968505859 222.3177032470703
-1339.6146240234375 -214.5767822265625 222.53602600097656
-1340.6141357421875 -214.57351684570312 222.63526916503903
-1341.60546875 -214.5827484130859 222.54066467285156
-1342.5697021484375 -214.8125 222.6825408935547
-1343.4708251953125 -215.0966033935547 222.99139404296875
-1344.4188232421875 -215.29652404785156 223.21861267089844
-1345.39013671875 -215.35044860839844 223.4367218017578
-1346.4044189453125 -215.3435516357422 223.52813720703125
-1347.3975830078125 -215.32537841796875 223.57440185546875
-1348.4007568359375 -215.2206573486328 223.6333465576172
-1349.373779296875 -215.18804931640625 223.8332366943359
-1350.3785400390625 -215.23660278320312 223.8806304931641
-1351.2823486328125 -215.54885864257812 223.65750122070312
-1239.2017822265625 -231.41908264160156 284.7392883300781
-1240.0146484375 -229.6626739501953 284.611572265625
-1240.521240234375 -228.8204040527344 284.45306396484375
-1240.8243408203125 -227.86343383789065 284.5177001953125
-1241.090576171875 -226.90237426757812 284.4661865234375
-1241.20068359375 -225.90907287597656 284.50177001953125
-1241.221923828125 -224.8979034423828 284.461669921875
-1241.2471923828125 -223.9006805419922 284.6175231933594
-1241.286376953125 -222.90545654296875 284.5235290527344
-1241.360595703125 -221.90867614746097 284.448974609375
-1241.689697265625 -220.98634338378903 284.63568115234375
-1242.095947265625 -220.066162109375 284.6615905761719
-1242.555908203125 -219.174560546875 284.6876220703125
-1243.0428466796875 -218.29779052734375 284.7299499511719
-1243.6248779296875 -217.48284912109375 284.7373352050781
-1243.963134765625 -216.5394287109375 284.734619140625
-1244.3193359375 -215.64096069335935 284.52294921875
-1244.4981689453125 -214.74136352539065 284.1233825683594
-1244.6846923828125 -213.89797973632812 283.642333984375
-1244.9007568359375 -213.1063232421875 283.06048583984375
-1245.0595703125 -212.42764282226565 282.3437805175781
-1245.4449462890625 -211.68832397460935 281.809814453125
-1245.8238525390625 -211.0634002685547 281.11102294921875
-1246.444580078125 -210.51072692871097 280.5429382324219
-1247.135009765625 -209.896484375 280.1499938964844
-1247.9727783203125 -209.507080078125 279.7639465332031
-1248.88232421875 -209.1603240966797 279.5843200683594
-1249.760986328125 -208.66957092285156 279.55657958984375
-1250.6053466796875 -208.1281890869141 279.44403076171875
-1251.5521240234375 -207.82472229003903 279.3876953125
-1252.454833984375 -207.5001220703125 279.1097106933594
-1253.320556640625 -207.06094360351565 278.8356628417969
-1254.2005615234375 -206.6659698486328 278.6477355957031
-1255.1016845703125 -206.2725524902344 278.510009765625
-1256.032958984375 -205.89596557617188 278.50048828125
-1256.968505859375 -205.52670288085935 278.4200134277344
-1257.90625 -205.201171875 278.4640197753906
-1258.8514404296875 -204.85675048828125 278.43927001953125
-1259.812255859375 -204.6451110839844 278.2333984375
-1260.77978515625 -204.4637451171875 278.29254150390625
-1261.779541015625 -204.27845764160156 278.1946105957031
-1262.736572265625 -203.99920654296875 278.12884521484375
-1263.689208984375 -203.6928253173828 278.1993103027344
-1264.67724609375 -203.52447509765625 278.298828125
-1265.6806640625 -203.4797821044922 278.3849182128906
-1266.669677734375 -203.40370178222656 278.25946044921875
-1267.663818359375 -203.4109344482422 278.02044677734375
-1268.663330078125 -203.37615966796875 277.98089599609375
-1269.65478515625 -203.24111938476565 277.9952087402344
-1270.648681640625 -203.11083984375 278.0158386230469
-1271.6434326171875 -203.0075836181641 278.1142272949219
-1272.631103515625 -202.88986206054688 278.20928955078125
-1273.609375 -202.6732177734375 278.2560729980469
-1250.391357421875 -233.62779235839844 218.2239532470703
-1251.7100830078125 -231.67689514160156 218.22390747070312
-1252.3271484375 -230.88461303710935 218.1018218994141
-1252.9130859375 -230.07859802246097 218.1252288818359
-1253.2344970703125 -229.13638305664065 217.98989868164065
-1253.6240234375 -228.26763916015625 217.6892852783203
-1254.0755615234375 -227.3703765869141 217.5021820068359
-1254.4063720703125 -226.42364501953125 217.40524291992188
-1254.875244140625 -225.56661987304688 217.2270965576172
-1255.51220703125 -224.7898712158203 217.10464477539065
-1256.261474609375 -224.1139984130859 217.0646820068359
-1256.777099609375 -223.26934814453125 217.0685272216797
-1257.2965087890625 -222.43605041503903 216.94493103027344
-1257.8226318359375 -221.61375427246097 217.0052490234375
-1258.6246337890625 -220.96484375 217.0406188964844
-1259.2677001953125 -220.19183349609375 216.9735870361328
-1259.53076171875 -219.2156219482422 217.0782165527344
-1259.705078125 -218.2281188964844 216.9647216796875
-1259.7708740234375 -217.2914276123047 217.2424774169922
-1259.6781005859375 -216.3215789794922 217.51446533203125
-1259.591552734375 -215.33633422851565 217.7056121826172
-1259.3328857421875 -214.358642578125 217.73190307617188
-1259.35009765625 -213.37879943847656 217.93814086914065
-1259.323974609375 -212.375244140625 217.9943695068359
-1259.2684326171875 -211.4363555908203 218.3527679443359
-1259.3614501953125 -210.43963623046875 218.48106384277344
-1259.5634765625 -209.44903564453125 218.4240264892578
-1259.9837646484375 -208.5944671630859 218.69004821777344
-1260.717041015625 -207.90200805664065 218.75979614257812
-1261.5631103515625 -207.37533569335935 218.81350708007812
-1262.4622802734375 -206.95066833496097 218.9386444091797
-1263.4146728515625 -206.6921234130859 219.02976989746097
-1264.3345947265625 -206.2696533203125 219.1203460693359
-1265.2039794921875 -205.83560180664065 219.39825439453125
-1266.1923828125 -205.64991760253903 219.4548797607422
-1267.189453125 -205.552978515625 219.4309539794922
-1268.1756591796875 -205.3792266845703 219.50784301757812
-1269.1466064453125 -205.25701904296875 219.73924255371097
-1270.127685546875 -205.15835571289065 219.94252014160156
-1271.105712890625 -205.03781127929688 220.13568115234375
-1272.0494384765625 -204.9175720214844 220.35775756835935
-1273.0679931640625 -204.84671020507812 220.55616760253903
-1218.6474609375 -233.10659790039065 227.29502868652344
-1220.388916015625 -235.06268310546875 227.75238037109375
-1221.20361328125 -235.60536193847656 227.74203491210935
-1221.9263916015625 -236.2831573486328 227.7979278564453
-1222.7413330078125 -236.7915954589844 227.9356231689453
-1223.7103271484375 -237.04730224609375 228.03257751464844
-1224.61865234375 -237.2607879638672 228.0143585205078
-1225.5098876953125 -237.68948364257812 228.0618896484375
-1226.4913330078125 -237.88088989257812 227.94862365722656
-1227.440673828125 -237.9748687744141 227.8537445068359
-1228.456787109375 -238.23976135253903 227.75164794921875
-1229.328857421875 -238.71041870117188 227.6870880126953
-1230.322265625 -238.8434295654297 227.58193969726565
-1231.2288818359375 -239.254638671875 227.49533081054688
-1232.1871337890625 -239.5333251953125 227.5331268310547
-1233.0830078125 -239.92355346679688 227.49734497070312
-1234.0179443359375 -240.23248291015625 227.4465789794922
-1234.9747314453125 -240.4530029296875 227.35791015625
-1235.979736328125 -240.600341796875 227.38145446777344
-1236.821044921875 -240.99282836914065 227.0793304443359
-1237.743896484375 -241.35646057128903 227.1741180419922
-1238.63232421875 -241.84735107421875 227.05142211914065
-1239.536865234375 -242.0730438232422 226.78456115722656
-1240.265380859375 -242.78115844726565 226.97792053222656
-1241.1019287109375 -243.2456512451172 226.6168975830078
-1241.779541015625 -243.93795776367188 226.47996520996097
-1242.434814453125 -244.6190948486328 226.1783447265625
-1242.9805908203125 -245.39422607421875 225.88592529296875
-1243.43701171875 -246.17727661132812 225.4664764404297
-1244.0372314453125 -246.8343505859375 225.00735473632812
-1244.459716796875 -247.47259521484375 224.3604278564453
-1244.7794189453125 -247.99623107910156 223.5837249755859
-1245.2001953125 -248.69808959960935 222.989013671875
-1245.59375 -249.17967224121097 222.23374938964844
-1246.0673828125 -249.72589111328125 221.53904724121097
-1246.36865234375 -250.4320526123047 220.90640258789065
-1246.8826904296875 -250.9888916015625 220.26776123046875
-1247.0721435546875 -251.57757568359375 219.4756774902344
-1247.4359130859375 -252.1966552734375 218.7969970703125
-1247.842529296875 -252.8010101318359 218.11805725097656
-1248.164794921875 -253.26126098632812 217.2898406982422
-1248.6768798828125 -253.99327087402344 216.8381500244141
-1249.3897705078125 -254.38766479492188 216.2787628173828
-1250.214111328125 -254.84738159179688 216.0109405517578
-1251.09619140625 -255.361083984375 215.9789581298828
-1252.074462890625 -255.37741088867188 215.97496032714844
-1253.000244140625 -255.62722778320312 216.02149963378903
-1253.910400390625 -255.94503784179688 216.18182373046875
-1254.7269287109375 -256.50140380859375 216.34713745117188
-1255.489501953125 -256.9939880371094 216.7043609619141
-1256.3399658203125 -257.4923400878906 216.71768188476565
-1257.2652587890625 -257.8650207519531 216.73387145996097
-1258.2064208984375 -258.0800476074219 216.45339965820312
-1259.04638671875 -258.5171203613281 216.13336181640625
-1259.83935546875 -259.0425109863281 215.85536193847656
-1260.4080810546875 -259.77581787109375 215.4495086669922
-1261.232421875 -260.29656982421875 215.21652221679688
-1262.007568359375 -260.88360595703125 215.0027008056641
-1262.8433837890625 -261.3592224121094 214.72903442382812
-1263.766357421875 -261.69903564453125 214.51136779785156
-1264.561767578125 -262.2281188964844 214.20851135253903
-1265.444580078125 -262.51910400390625 213.8351593017578
-1266.343505859375 -262.846923828125 213.55636596679688
-1267.2520751953125 -263.1915283203125 213.3207244873047
-1268.177978515625 -263.4830017089844 213.0458984375
-1269.041015625 -263.9267883300781 212.8475341796875
-1269.848876953125 -264.4216003417969 212.5050811767578
-1270.6055908203125 -265.0094299316406 212.2814178466797
-1271.4071044921875 -265.3154296875 211.7362060546875
-1272.31103515625 -265.57794189453125 211.3905487060547
-1273.148681640625 -265.42864990234375 210.8794708251953
-1274.0445556640625 -265.2956848144531 210.44332885742188
-1275.0084228515625 -265.20587158203125 210.203369140625
-1275.9503173828125 -265.1055908203125 209.8620147705078
-1276.9371337890625 -265.2095642089844 209.6686248779297
-1277.91357421875 -265.4083251953125 209.6808319091797
-1278.9093017578125 -265.4784851074219 209.55935668945312
-1279.891845703125 -265.71905517578125 209.5427398681641
-1280.8726806640625 -265.83221435546875 209.4098968505859
-1281.7965087890625 -266.08929443359375 209.1423492431641
-1282.787353515625 -266.2430419921875 209.1735076904297
-1283.77734375 -266.4096374511719 209.16152954101565
-1284.60400390625 -266.9264831542969 209.3737335205078
-1285.494140625 -267.3455505371094 209.6116180419922
-1286.3936767578125 -267.7565612792969 209.6285400390625
-1287.2537841796875 -268.17816162109375 209.9449005126953
-1288.0751953125 -268.722900390625 210.01693725585935
-1288.9970703125 -269.0511474609375 210.20486450195312
-1289.8026123046875 -269.5954895019531 210.379150390625
-1290.6185302734375 -270.0857849121094 210.66851806640625
-1291.3228759765625 -270.7829284667969 210.8002471923828
-1292.010986328125 -271.3617248535156 211.2608642578125
-1292.603271484375 -272.11273193359375 211.5089569091797
-1293.27099609375 -272.73455810546875 211.9134521484375
-1293.8289794921875 -273.375732421875 212.42630004882812
-1294.372802734375 -274.1010437011719 212.8536834716797
-1294.7772216796875 -274.8433532714844 213.3905792236328
-1295.0294189453125 -275.68115234375 213.8766632080078
-1295.174072265625 -276.53631591796875 214.43389892578125
-1295.0531005859375 -277.5170593261719 214.6439666748047
-1295.10009765625 -278.4747619628906 214.6200408935547
-1295.14794921875 -279.49359130859375 214.67323303222656
-1212.623046875 -227.87884521484375 275.3404846191406
-1213.3319091796875 -230.080078125 275.52496337890625
-1213.9560546875 -230.85057067871097 275.68853759765625
-1214.4444580078125 -231.7176513671875 275.7060852050781
-1214.7618408203125 -232.46224975585935 276.336669921875
-1215.5487060546875 -233.1398468017578 276.2315673828125
-1216.138671875 -233.728759765625 276.790283203125
-1216.9952392578125 -234.2393341064453 276.9087829589844
-1217.7794189453125 -234.85260009765625 277.03924560546875
-1218.5360107421875 -235.4954071044922 276.9994812011719
-1219.370849609375 -235.99644470214844 277.1756896972656
-1220.2340087890625 -236.50137329101565 277.2024230957031
-1221.1064453125 -236.9528656005859 277.3579406738281
-1221.885498046875 -237.50518798828125 277.648681640625
-1222.68994140625 -238.13430786132812 277.7921142578125
-1223.480224609375 -238.5321044921875 278.1687927246094
-1224.2711181640625 -239.0096893310547 278.5797424316406
-1224.808837890625 -239.63653564453125 279.1158752441406
-1225.3990478515625 -240.43484497070312 279.33526611328125
-1225.8953857421875 -240.94236755371097 280.0250549316406
-1226.330810546875 -241.74842834472656 280.45086669921875
-1226.8326416015625 -242.4231414794922 280.9541320800781
-1227.396728515625 -242.97982788085935 281.5599670410156
-1227.7962646484375 -243.6644287109375 282.1665344238281
-1228.27197265625 -244.16226196289065 282.8983459472656
-1228.441650390625 -244.85467529296875 283.5697937011719
-1228.923828125 -245.6312255859375 283.94573974609375
-1229.0093994140625 -246.5325164794922 284.30499267578125
-1229.2508544921875 -247.46438598632812 284.56988525390625
-1229.531494140625 -248.38430786132812 284.9371337890625
-1230.1820068359375 -249.05670166015625 285.1411437988281
-1230.8690185546875 -249.69500732421875 285.3915100097656
-1231.634765625 -250.24639892578125 285.74505615234375
-1232.29833984375 -250.99034118652344 285.8044738769531
-1233.109375 -251.5867919921875 285.9209289550781
-1233.8927001953125 -252.18582153320312 285.8179016113281
-1234.7423095703125 -252.66958618164065 285.8719482421875
-1235.6619873046875 -253.00213623046875 286.03448486328125
-1236.5888671875 -253.1639404296875 285.8199768066406
-1237.62109375 -253.07455444335935 286.0516357421875
-1238.6190185546875 -253.0824737548828 285.9415283203125
-1239.5933837890625 -252.95301818847656 286.0908508300781
-1240.5164794921875 -252.66189575195312 286.25653076171875
-1241.387939453125 -252.35008239746097 286.59869384765625
-1242.291259765625 -252.23309326171875 286.98187255859375
-1243.2017822265625 -251.92901611328125 286.9996643066406
-1244.109375 -251.7549743652344 287.3658447265625
-1244.997802734375 -252.0146026611328 287.34136962890625
-1245.909912109375 -251.7965545654297 287.73236083984375
-1246.82958984375 -252.0327911376953 288.0852355957031
-1247.78173828125 -252.1931610107422 288.1350402832031
-1248.698974609375 -252.50680541992188 288.2991638183594
-1249.5159912109375 -252.9529266357422 288.7031555175781
-1250.1690673828125 -253.66555786132812 288.8485412597656
-1250.779052734375 -254.3755798339844 289.056396484375
-1251.566650390625 -255.033203125 289.15667724609375
-1252.16650390625 -255.74609375 289.213623046875
-1252.73974609375 -256.5489807128906 289.315673828125
-1253.3807373046875 -256.9900817871094 289.92462158203125
-1254.1064453125 -257.6114196777344 290.0073547363281
-1254.7900390625 -258.3495788574219 290.0477600097656
-1255.3533935546875 -259.0908508300781 290.39154052734375
-1256.1280517578125 -259.72918701171875 290.26470947265625
-1256.72802734375 -260.4444274902344 290.53887939453125
-1257.2799072265625 -261.2195129394531 290.760009765625
-1258.01904296875 -261.8913879394531 290.673828125
-1258.5675048828125 -262.6816711425781 290.9267883300781
-1259.0819091796875 -263.52288818359375 290.7049255371094
-1259.595458984375 -264.3476867675781 290.4460754394531
-1260.004150390625 -265.2300109863281 290.17510986328125
-1260.42138671875 -266.1392517089844 290.16119384765625
-1260.8206787109375 -267.06829833984375 290.1085205078125
-1261.424072265625 -267.8587646484375 289.9885559082031
-1262.0531005859375 -268.6818542480469 289.9076843261719
-1262.74658203125 -269.37445068359375 290.0395202636719
-1263.4267578125 -270.083251953125 290.044189453125
-1264.1849365234375 -270.7099304199219 290.1997375488281
-1264.844482421875 -271.2791442871094 290.691162109375
-1265.7017822265625 -271.7898254394531 290.7132568359375
-1266.4443359375 -272.00860595703125 291.3391418457031
-1267.3829345703125 -272.245361328125 291.3448791503906
-1268.28955078125 -272.4687805175781 291.67169189453125
-1269.2088623046875 -272.6884765625 291.9112548828125
-1270.1287841796875 -272.7893371582031 292.2015686035156
-1271.0599365234375 -273.03192138671875 292.4648742675781
-1272.011962890625 -273.1356506347656 292.759033203125
-1272.98486328125 -273.1317443847656 292.9569396972656
-1273.9830322265625 -273.0811767578125 292.9248046875
-1274.8876953125 -272.841796875 293.3147888183594
-1275.74951171875 -272.585205078125 293.696044921875
-1276.5943603515625 -272.26239013671875 294.1015625
-1277.43701171875 -272.0640563964844 294.59564208984375
-1278.27392578125 -271.84100341796875 295.1288146972656
-1279.010498046875 -271.9766845703125 295.7530212402344
-1279.8876953125 -271.9215393066406 296.24859619140625
-1280.76171875 -271.93084716796875 296.73980712890625
-1281.68701171875 -271.72052001953125 297.0479736328125
-1282.525634765625 -271.52587890625 297.51611328125
-1283.4754638671875 -271.40606689453125 297.5303955078125
-1284.34521484375 -271.4156799316406 298.004638671875
-1285.3094482421875 -271.6159973144531 297.9122619628906
-1286.2835693359375 -271.6116943359375 297.6699523925781
-1287.1845703125 -272.0005187988281 297.44189453125
-1287.861572265625 -272.4924011230469 296.8927001953125
-1288.690185546875 -272.95361328125 296.65826416015625
-1289.2952880859375 -273.5225524902344 296.1250305175781
-1290.2337646484375 -273.8243713378906 296.0560302734375
-1291.15966796875 -274.1792907714844 295.8447265625
-1292.1292724609375 -274.1123962402344 295.7733459472656
-1293.0604248046875 -274.1903381347656 296.1162109375
-1293.975341796875 -273.86505126953125 296.2959899902344
-1294.9832763671875 -274.07989501953125 296.34954833984375
-1295.8275146484375 -274.464111328125 296.57366943359375
-1296.7618408203125 -274.6755676269531 296.217041015625
-1297.3592529296875 -275.3616638183594 296.5417175292969
-1298.1021728515625 -276.0342102050781 296.30609130859375
-1298.442138671875 -276.9656066894531 296.40362548828125
-1298.697021484375 -277.8245849609375 296.1276550292969
-1299.07373046875 -278.73675537109375 295.81304931640625
-1197.3748779296875 -230.18380737304688 272.47650146484375
-1199.091796875 -230.9893493652344 270.99456787109375
-1200.0125732421875 -231.12872314453125 270.6875
-1200.9564208984375 -231.2836151123047 270.36614990234375
-1201.873779296875 -231.45944213867188 270.01922607421875
-1202.858642578125 -231.54779052734375 269.8439636230469
-1203.8131103515625 -231.50962829589844 269.5288391113281
-1204.8060302734375 -231.49407958984375 269.4164123535156
-1205.8045654296875 -231.44837951660156 269.3742370605469
-1206.780517578125 -231.2416534423828 269.3243713378906
-1207.763427734375 -231.0544891357422 269.2977294921875
-1208.691162109375 -230.6750946044922 269.3272399902344
-1209.680908203125 -230.5715484619141 269.3158874511719
-1210.673583984375 -230.4093017578125 269.3456726074219
-1211.651123046875 -230.33253479003903 269.426513671875
-1212.6282958984375 -230.1302490234375 269.33837890625
-1213.607421875 -229.92250061035156 269.4048156738281
-1214.596435546875 -229.7795562744141 269.48309326171875
-1215.5570068359375 -229.54629516601565 269.5228576660156
-1216.4876708984375 -229.28109741210935 269.75811767578125
-1217.4620361328125 -229.1276702880859 269.9261474609375
-1218.3924560546875 -228.7656707763672 269.99786376953125
-1219.3038330078125 -228.36331176757812 270.162353515625
-1220.265869140625 -228.21673583984375 270.38067626953125
-1221.23876953125 -228.10400390625 270.57763671875
-1222.1661376953125 -227.83767700195312 270.86578369140625
-1223.0975341796875 -227.67710876464844 271.1826171875
-1224.0738525390625 -227.49659729003903 271.3236083984375
-1225.061279296875 -227.3581695556641 271.42279052734375
-1226.0482177734375 -227.2107391357422 271.4775085449219
-1227.025390625 -227.03091430664065 271.5854797363281
-1227.972900390625 -226.7902984619141 271.8080139160156
-1228.92578125 -226.52491760253903 271.98028564453125
-1229.9185791015625 -226.445068359375 272.09271240234375
-1230.892578125 -226.25096130371097 272.1900939941406
-1231.8775634765625 -226.08782958984375 272.2215270996094
-1232.8685302734375 -225.9396209716797 272.25262451171875
-1233.8607177734375 -225.79025268554688 272.2929992675781
-1234.8555908203125 -225.6792755126953 272.32147216796875
-1235.8465576171875 -225.60391235351565 272.4053955078125
-1236.84326171875 -225.61569213867188 272.2917785644531
-1237.8349609375 -225.4823760986328 272.33514404296875
-1238.8380126953125 -225.39637756347656 272.3406066894531
-1239.821044921875 -225.41311645507812 272.15985107421875
-1240.8070068359375 -225.4296112060547 271.98309326171875
-1241.7752685546875 -225.38763427734375 271.7328796386719
-1242.771484375 -225.46426391601565 271.6406555175781
-1243.7706298828125 -225.49398803710935 271.5956115722656
-1244.7696533203125 -225.5220642089844 271.5388488769531
-1245.7607421875 -225.57118225097656 271.5065002441406
-1246.7587890625 -225.623046875 271.55291748046875
-1247.7418212890625 -225.65591430664065 271.7917785644531
-1248.7120361328125 -225.4480438232422 271.8544616699219
-1249.6995849609375 -225.42173767089844 272.0076904296875
-1250.6864013671875 -225.51193237304688 271.9407043457031
-1251.681884765625 -225.6444549560547 271.9380798339844
-1252.6661376953125 -225.82101440429688 272.0051574707031
-1253.64892578125 -225.9963226318359 272.0866394042969
-1254.6007080078125 -226.1504364013672 272.32574462890625
-1255.5887451171875 -226.2339324951172 272.4159240722656
-1256.556640625 -226.47802734375 272.38720703125
-1257.547607421875 -226.6433563232422 272.4236755371094
-1258.5032958984375 -226.821533203125 272.6119384765625
-1259.4908447265625 -226.6064453125 272.6065368652344
-1260.4710693359375 -226.4423065185547 272.48529052734375
-1261.4681396484375 -226.46279907226565 272.4046325683594
-1262.4649658203125 -226.44236755371097 272.4099426269531
-1263.4439697265625 -226.3093109130859 272.24920654296875
-1264.42236328125 -226.12782287597656 272.1437072753906
-1265.3260498046875 -225.8206787109375 271.8514099121094
-1266.19189453125 -225.5003204345703 271.46441650390625
-1267.08349609375 -225.2636260986328 271.06182861328125
-1267.966552734375 -225.0631561279297 270.6719970703125
-1268.750244140625 -224.9010772705078 270.0323181152344
-1269.40966796875 -224.4341583251953 269.449951171875
-1270.0567626953125 -224.09950256347656 268.75250244140625
-1270.58544921875 -223.87451171875 267.9346923828125
-1271.1817626953125 -223.47164916992188 267.2300109863281
-1271.8160400390625 -223.2973175048828 266.4920654296875
-1272.4384765625 -223.0832366943359 265.7387390136719
-1273.1895751953125 -223.04183959960935 265.0780334472656
-1274.0196533203125 -223.0230255126953 264.5391845703125
-1274.834228515625 -222.983642578125 263.95635986328125
-1275.727294921875 -222.88528442382812 263.5066223144531
-1276.617431640625 -223.03912353515625 263.0727844238281
-1277.5455322265625 -222.94500732421875 262.7274475097656
-1278.4852294921875 -223.01817321777344 262.37823486328125
-1279.4287109375 -223.13865661621097 262.0768737792969
-1280.4283447265625 -223.0803985595703 261.9195251464844
-1281.4112548828125 -223.2004547119141 261.8358154296875
-1282.4044189453125 -223.25587463378903 261.7795104980469
-1283.3885498046875 -223.0741729736328 261.8019714355469
-1284.3765869140625 -222.9265289306641 261.873779296875
-1285.3448486328125 -222.7003631591797 261.8541564941406
-1286.2176513671875 -222.22523498535156 261.9945373535156
-1287.0657958984375 -221.73060607910156 261.8843994140625
-1287.8232421875 -221.0787811279297 261.92803955078125
-1288.656005859375 -220.5411376953125 261.7649230957031
-1289.5223388671875 -220.0628204345703 261.63458251953125
-1290.321044921875 -219.56983947753903 261.27301025390625
-1291.1546630859375 -219.1598663330078 260.9057312011719
-1292.055419921875 -219.02256774902344 260.4980773925781
-1292.9185791015625 -219.08970642089844 259.9954528808594
-1293.784912109375 -219.3536071777344 259.602783203125
-1294.6495361328125 -219.82778930664065 259.39215087890625
-1295.5023193359375 -220.37745666503903 259.33770751953125
-1296.165283203125 -221.08920288085935 259.40167236328125
-1297.003173828125 -222.00326538085935 259.982421875
-1297.003173828125 -222.00326538085935 259.982421875
-1298.2498779296875 -222.50466918945312 260.74383544921875
-1298.7052001953125 -222.69308471679688 261.0519714355469
-1299.5504150390625 -222.7619171142578 261.5498352050781
-1299.5504150390625 -222.7619171142578 261.5498352050781
-1299.8883056640625 -222.56069946289065 263.60076904296875
-1300.3021240234375 -222.19529724121097 264.4930419921875
-1300.60009765625 -221.76068115234375 265.47503662109375
-1300.7030029296875 -221.18795776367188 266.3681640625
-1300.749267578125 -220.7566680908203 267.3698425292969
-1301.0626220703125 -220.53919982910156 268.37506103515625
-1301.4415283203125 -220.2984161376953 269.48309326171875
-1301.317626953125 -220.37518310546875 270.5052490234375
-1301.0726318359375 -220.5064392089844 271.5318908691406
-1301.1241455078125 -220.78286743164065 272.5436096191406
-1301.24951171875 -220.9684295654297 273.1194763183594
-1301.24951171875 -220.9684295654297 273.1194763183594
-1300.9161376953125 -222.33441162109375 274.2207946777344
-1301.2142333984375 -223.23190307617188 274.97784423828125
-1301.5576171875 -224.1900634765625 275.6434631347656
-1301.8447265625 -225.11053466796875 276.40283203125
-1302.0074462890625 -225.91888427734375 277.28521728515625
-1302.0177001953125 -226.3300323486328 277.6118469238281
-1302.0177001953125 -226.3300323486328 277.6118469238281
-1300.5684814453125 -226.84034729003903 277.7965393066406
-1299.6719970703125 -227.3303375244141 277.7926330566406
-1298.9971923828125 -227.99208068847656 277.7158203125
-1298.4698486328125 -228.8113555908203 277.8389587402344
-1297.780029296875 -229.49916076660156 277.3142395019531
-1297.364990234375 -230.33541870117188 277.170654296875
-1296.880126953125 -231.1669158935547 276.9506530761719
-1296.4317626953125 -232.0339202880859 277.0674133300781
-1296.0960693359375 -232.87254333496097 277.4274597167969
-1295.9586181640625 -233.78916931152344 277.6122741699219
-1295.7711181640625 -234.6725311279297 278.0022277832031
-1295.893310546875 -235.6205596923828 278.32421875
-1295.9971923828125 -236.42919921875 278.8807678222656
-1296.198974609375 -237.13937377929688 279.5
-1296.5128173828125 -237.78558349609375 280.1927185058594
-1297.0723876953125 -238.26895141601565 280.82281494140625
-1297.70703125 -238.50521850585935 281.5182189941406
-1298.2943115234375 -238.79071044921875 282.242919921875
-1299.0518798828125 -238.91990661621097 282.8873291015625
-1299.68115234375 -239.3288421630859 283.50787353515625
-1300.3170166015625 -239.71206665039065 284.1587829589844
-1300.986572265625 -240.1056671142578 284.7915344238281
-1301.5692138671875 -240.66224670410156 285.3682861328125
-1302.0567626953125 -240.9837188720703 286.16217041015625
-1302.1497802734375 -241.3357086181641 287.0845642089844
-1302.0250244140625 -241.65187072753903 288.0221862792969
-1301.748046875 -241.87530517578125 288.94122314453125
-1301.3050537109375 -241.93072509765625 289.8415222167969
-1300.7642822265625 -242.04998779296875 290.60980224609375
-1300.050048828125 -241.91012573242188 291.2995300292969
-1299.5162353515625 -242.26063537597656 292.1367492675781
-1298.9713134765625 -242.0894012451172 292.9218444824219
-1298.47900390625 -241.79904174804688 293.7572326660156
-1297.85498046875 -241.81170654296875 294.5225524902344
-1297.3492431640625 -241.29718017578125 295.22003173828125
-1297.0745849609375 -241.19386291503903 296.1191711425781
-1296.7725830078125 -240.8896942138672 297.0122985839844
-1296.3406982421875 -240.90469360351565 297.92010498046875
-1296.050048828125 -240.6609649658203 298.809326171875
-1295.522216796875 -240.35235595703125 299.57855224609375
-1294.7281494140625 -240.56703186035156 300.1025390625
-1293.970703125 -240.7301483154297 300.6840515136719
-1293.1376953125 -240.7985076904297 301.18560791015625
-1292.15234375 -240.85606384277344 301.2266540527344
-1291.19775390625 -241.0847320556641 301.34417724609375
-1290.2413330078125 -241.0856170654297 300.9657287597656
-1289.3074951171875 -241.35260009765625 300.95257568359375
-1288.5545654296875 -241.7176513671875 300.3603210449219
-1287.7442626953125 -242.2513427734375 300.2695007324219
-1287.1229248046875 -242.88619995117188 299.8248596191406
-1286.5057373046875 -243.61550903320312 299.5157775878906
-1285.9310302734375 -244.24900817871097 298.9898986816406
-1285.0986328125 -244.59141540527344 298.5992736816406
-1284.3475341796875 -245.06727600097656 298.0930480957031
-1283.4306640625 -245.16783142089844 297.7322082519531
-1282.481689453125 -245.21942138671875 297.44952392578125
-1281.5648193359375 -245.2633819580078 297.04852294921875
-1280.6162109375 -245.34439086914065 296.7345275878906
-1279.748779296875 -245.4290771484375 296.2467041015625
-1278.81787109375 -245.56353759765625 295.9358825683594
-1277.875732421875 -245.8167266845703 295.7428894042969
-1277.08544921875 -246.0874481201172 295.2015380859375
-1276.2689208984375 -246.43203735351565 294.725830078125
-1275.639404296875 -247.1008148193359 294.3833312988281
-1275.161376953125 -247.7406463623047 293.75567626953125
-1274.898681640625 -248.67022705078125 293.5218811035156
-1274.58837890625 -249.38381958007812 292.90289306640625
-1274.244873046875 -250.2955017089844 292.7269287109375
-1273.7904052734375 -251.0688018798828 292.2984619140625
-1273.5179443359375 -252.00338745117188 292.1341857910156
-1273.337646484375 -252.91238403320312 291.7511291503906
-1273.14892578125 -253.7816619873047 291.2734680175781
-1272.858154296875 -254.69558715820312 290.9945373535156
-1272.6082763671875 -255.57894897460935 290.620849609375
-1272.574462890625 -256.5735778808594 290.4539794921875
-1272.4783935546875 -257.5018310546875 290.09234619140625
-1272.280517578125 -258.4935302734375 290.03228759765625
-1271.9259033203125 -259.420166015625 289.9080505371094
-1271.5968017578125 -260.3163757324219 289.6217956542969
-1271.613525390625 -261.2151794433594 289.17840576171875
-1271.52197265625 -262.1936950683594 289.3222961425781
-1271.3553466796875 -263.1597900390625 289.020751953125
-1271.1781005859375 -264.1378479003906 288.9878845214844
-1270.896728515625 -265.09405517578125 288.96478271484375
-1270.8878173828125 -266.0788269042969 288.712158203125
-1270.785400390625 -267.05511474609375 288.50592041015625
-1270.702392578125 -267.9804992675781 288.18450927734375
-1270.54052734375 -268.95904541015625 288.0975036621094
-1270.3521728515625 -269.93023681640625 288.1125183105469
-1270.1317138671875 -270.8985290527344 287.8013610839844
-1270.068115234375 -271.88037109375 287.69921875
-1270.0130615234375 -272.8182373046875 287.3531188964844
-1269.8817138671875 -273.80804443359375 287.3280029296875
-1269.7987060546875 -274.7984619140625 287.3072814941406
-1269.791748046875 -275.7825927734375 287.558349609375
-1269.6685791015625 -276.74652099609375 287.4792785644531
-1269.401611328125 -277.6915588378906 287.5932922363281
-1268.9676513671875 -278.4833679199219 287.84271240234375
-1302.0177001953125 -226.3300323486328 277.6118469238281
-1303.158935546875 -226.91238403320312 278.24462890625
-1303.75927734375 -227.49880981445312 278.78143310546875
-1304.3387451171875 -228.1531982421875 279.245849609375
-1304.8551025390625 -228.85057067871097 279.74444580078125
-1305.2333984375 -229.71414184570312 280.04962158203125
-1305.4661865234375 -230.5590362548828 280.4901123046875
-1305.5535888671875 -231.4781494140625 280.8853759765625
-1305.4110107421875 -232.4548187255859 280.98553466796875
-1305.40771484375 -233.34317016601565 281.4641418457031
-1305.42431640625 -234.31204223632812 281.6763610839844
-1305.351806640625 -235.27481079101565 281.8919372558594
-1305.379638671875 -236.27041625976565 281.849365234375
-1305.692138671875 -237.19998168945312 282.0923767089844
-1305.7349853515625 -238.1816864013672 282.09954833984375
-1306.031982421875 -239.1111297607422 281.91912841796875
-1306.352294921875 -240.0242156982422 282.134521484375
-1306.4710693359375 -240.99948120117188 282.0223693847656
-1306.867919921875 -241.9047393798828 281.9413757324219
-1307.270263671875 -242.81314086914065 281.98150634765625
-1307.693603515625 -243.7317352294922 281.99346923828125
-1308.04443359375 -244.65347290039065 281.9420471191406
-1308.5731201171875 -245.5092315673828 282.06500244140625
-1308.9466552734375 -246.3896026611328 282.23876953125
-1309.2373046875 -247.2696533203125 282.6853942871094
-1309.6253662109375 -248.0818634033203 282.9983825683594
-1309.9869384765625 -248.95404052734375 283.3188781738281
-1309.8193359375 -249.7703094482422 283.83477783203125
-1309.496337890625 -250.5713806152344 284.3167724609375
-1308.889404296875 -251.2373504638672 284.6935119628906
-1308.176513671875 -251.8093719482422 284.9464111328125
-1307.234375 -251.92755126953125 285.22137451171875
-1306.3447265625 -251.7808380126953 285.31011962890625
-1305.3570556640625 -251.74717712402344 285.0099182128906
-1304.502197265625 -251.3189697265625 284.9084167480469
-1303.644775390625 -250.92849731445312 284.57855224609375
-1302.7760009765625 -250.59298706054688 284.17913818359375
-1301.8895263671875 -250.2521209716797 284.1097717285156
-1300.9276123046875 -250.03158569335935 283.99163818359375
-1299.956298828125 -249.99822998046875 284.0406494140625
-1298.960693359375 -249.98548889160156 283.9696350097656
-1298.0513916015625 -250.1321258544922 284.3456115722656
-1297.2401123046875 -250.5988311767578 284.7196350097656
-1296.77783203125 -251.06365966796875 285.4633483886719
-1296.17822265625 -251.76329040527344 285.900390625
-1295.8656005859375 -252.30545043945312 286.6659240722656
-1295.7393798828125 -252.9892120361328 287.3799133300781
-1295.527099609375 -253.46002197265625 288.22967529296875
-1295.2208251953125 -254.00718688964844 289.0108947753906
-1294.820068359375 -254.52667236328125 289.7570495605469
-1294.3717041015625 -255.13978576660156 290.4090881347656
-1293.6790771484375 -255.4254150390625 291.065185546875
-1292.9022216796875 -255.69891357421875 291.6015625
-1291.997802734375 -255.90802001953125 291.95428466796875
-1291.28173828125 -256.127685546875 292.5995178222656
-1290.4942626953125 -256.3595275878906 293.1427917480469
-1289.7203369140625 -256.72930908203125 293.6283874511719
-1288.9566650390625 -256.90618896484375 294.2471923828125
-1288.1834716796875 -257.2830810546875 294.7425537109375
-1287.3448486328125 -257.73541259765625 294.9908752441406
-1286.5865478515625 -258.2433776855469 295.2034606933594
-1285.789794921875 -258.84710693359375 295.34527587890625
-1285.1551513671875 -259.6101379394531 295.4502258300781
-1284.646728515625 -260.4543151855469 295.3638916015625
-1284.2081298828125 -261.34735107421875 295.3616027832031
-1283.7344970703125 -262.1903076171875 295.05755615234375
-1283.634033203125 -263.0795593261719 294.7096252441406
-1283.8118896484375 -263.9790344238281 295.1324157714844
-1283.9141845703125 -264.9778137207031 295.1585388183594
-1283.9661865234375 -265.9633483886719 294.9566955566406
-1284.11328125 -266.9027404785156 294.64862060546875
-1284.08740234375 -267.8025817871094 294.2281188964844
-1284.0584716796875 -268.78033447265625 294.10675048828125
-1284.138427734375 -269.7405090332031 294.26324462890625
-1284.3507080078125 -270.5885009765625 293.69189453125
-1284.745849609375 -271.4209289550781 293.4703674316406
-1284.96728515625 -272.3591003417969 293.5501403808594
-1285.023193359375 -273.35369873046875 293.4309387207031
-1285.054931640625 -274.3244323730469 293.2649841308594
-1285.178955078125 -275.3215026855469 293.2228698730469
-1285.1138916015625 -276.3144836425781 293.1175537109375
-1285.166748046875 -277.3052978515625 292.9989929199219
-1285.1395263671875 -278.2929992675781 292.8565368652344
-1285.1373291015625 -279.27423095703125 292.76763916015625
-1301.24951171875 -220.9684295654297 273.1194763183594
-1302.31640625 -219.9584197998047 274.352783203125
-1303.072265625 -219.48284912109375 275.189453125
-1303.9249267578125 -219.10797119140625 276.00238037109375
-1304.683349609375 -218.7171173095703 276.8660888671875
-1305.18994140625 -218.6547088623047 277.1994323730469
-1305.18994140625 -218.6547088623047 277.1994323730469
-1305.3048095703125 -219.7410430908203 278.24273681640625
-1305.5538330078125 -220.3470001220703 278.9886779785156
-1305.855224609375 -221.05389404296875 279.61376953125
-1305.9720458984375 -221.6420135498047 280.421142578125
-1306.34375 -222.22349548339844 281.1240234375
-1306.7674560546875 -222.8636932373047 281.7763671875
-1307.2432861328125 -223.6162872314453 282.1639404296875
-1307.640869140625 -224.3453063964844 282.73388671875
-1308.236083984375 -225.0413818359375 283.1534729003906
-1308.9444580078125 -225.6562957763672 283.4737548828125
-1309.6834716796875 -226.08998107910156 283.98455810546875
-1310.4073486328125 -226.6760406494141 284.3360900878906
-1311.1558837890625 -227.13462829589844 284.7884826660156
-1311.857421875 -227.72402954101565 285.15802001953125
-1312.8115234375 -228.0798187255859 285.2145080566406
-1313.7208251953125 -228.4351043701172 285.4453430175781
-1314.583740234375 -228.91355895996097 285.5959167480469
-1315.4881591796875 -229.1998291015625 285.63720703125
-1316.3748779296875 -229.1706695556641 285.8706359863281
-1317.3282470703125 -229.33412170410156 285.9145812988281
-1318.2596435546875 -229.48751831054688 286.00567626953125
-1319.212158203125 -229.70480346679688 285.87091064453125
-1320.124267578125 -229.90367126464844 285.89453125
-1321.0535888671875 -230.21983337402344 285.88201904296875
-1322.027587890625 -230.39395141601565 286.0117492675781
-1322.751953125 -231.06875610351565 285.90386962890625
-1323.5006103515625 -231.55140686035156 286.3346252441406
-1323.492919921875 -232.5103454589844 286.6263732910156
-1323.7259521484375 -233.16151428222656 287.4167175292969
-1323.1004638671875 -233.78353881835935 287.7249755859375
-1322.66357421875 -233.8777008056641 288.71258544921875
-1321.7841796875 -233.8161468505859 288.9280090332031
-1320.9959716796875 -233.64903259277344 289.6116943359375
-1320.4991455078125 -233.29351806640625 290.2890319824219
-1319.7960205078125 -232.8615570068359 290.84429931640625
-1319.1712646484375 -232.3113250732422 291.3255615234375
-1318.4013671875 -231.89784240722656 291.77294921875
-1317.7420654296875 -231.59266662597656 292.4440612792969
-1316.80322265625 -231.65557861328125 292.6953125
-1316.26953125 -231.87051391601565 293.4894104003906
-1315.531494140625 -231.79295349121097 294.1022644042969
-1314.8214111328125 -231.816650390625 294.6653747558594
-1314.3070068359375 -231.9093475341797 295.5172424316406
-1313.5518798828125 -232.117919921875 296.1195373535156
-1312.9483642578125 -232.6353759765625 296.7568054199219
-1312.42578125 -233.3837127685547 297.12445068359375
-1311.9935302734375 -234.24746704101565 297.3896484375
-1311.7860107421875 -235.19825744628903 297.6040954589844
-1311.76220703125 -236.18975830078125 297.7107849121094
-1311.7347412109375 -237.1984100341797 297.6081848144531
-1311.5582275390625 -238.24209594726565 297.6850280761719
-1311.72265625 -239.1366729736328 297.425537109375
-1311.6903076171875 -240.17100524902344 297.4505920410156
-1311.9676513671875 -241.1060028076172 297.6761169433594
-1312.349365234375 -242.0562286376953 297.751220703125
-1312.528076171875 -243.0176696777344 297.55389404296875
-1312.630126953125 -243.9367828369141 297.4720458984375
-1312.7188720703125 -244.86749267578125 297.8268127441406
-1312.7596435546875 -245.85707092285156 297.9599609375
-1312.876708984375 -246.8484649658203 297.91680908203125
-1312.91259765625 -247.8367156982422 297.7892150878906
-1312.9112548828125 -248.83145141601565 297.6790466308594
-1312.94970703125 -249.80523681640625 297.877685546875
-1312.9168701171875 -250.795166015625 298.0538330078125
-1313.037841796875 -251.78176879882812 297.8746643066406
-1313.34423828125 -252.72547912597656 297.758056640625
-1313.720947265625 -253.6287078857422 297.8521728515625
-1313.5272216796875 -254.4945526123047 298.382080078125
-1313.39501953125 -255.46713256835935 298.09478759765625
-1313.4195556640625 -256.3992919921875 297.7808532714844
-1313.57177734375 -257.39837646484375 297.7847595214844
-1313.82861328125 -258.29315185546875 297.4515686035156
-1314.0997314453125 -259.1868896484375 297.1496276855469
-1314.2369384765625 -260.1739196777344 297.0075378417969
-1314.51806640625 -261.0970153808594 296.81268310546875
-1314.8173828125 -262.0263671875 296.5303955078125
-1314.7615966796875 -262.89202880859375 296.6806335449219
-1314.3922119140625 -263.7496643066406 297.0080261230469
-1314.109619140625 -264.7275390625 296.91827392578125
-1313.94189453125 -265.6483459472656 296.6877136230469
-1314.122314453125 -266.61444091796875 296.5455017089844
-1314.2740478515625 -267.5683288574219 296.306640625
-1314.3629150390625 -268.5272216796875 296.1031799316406
-1314.2850341796875 -269.5204772949219 295.9276428222656
-1314.0804443359375 -270.481201171875 296.0072021484375
-1313.9605712890625 -271.5026550292969 295.9538269042969
-1313.9512939453125 -272.3828125 296.353515625
-1313.7374267578125 -273.3544921875 296.65692138671875
-1313.643798828125 -274.3108825683594 296.5736389160156
-1313.92041015625 -275.18804931640625 296.1743469238281
-1314.2001953125 -276.0579528808594 295.7486572265625
-1314.153564453125 -277.04071044921875 295.5670471191406
-1313.9949951171875 -278.03387451171875 295.66033935546875
-1313.9844970703125 -278.9915466308594 295.4385986328125
-1313.822265625 -279.95001220703125 295.64471435546875
-1200.21630859375 -234.51893615722656 231.41648864746097
-1202.07275390625 -236.34144592285156 231.9146270751953
-1202.7177734375 -236.6800079345703 231.90155029296875
-1203.9205322265625 -237.11024475097656 232.00308227539065
-1204.9154052734375 -237.28530883789065 232.06393432617188
-1205.871337890625 -237.41848754882812 231.8098907470703
-1206.8787841796875 -237.50518798828125 231.8616180419922
-1207.8614501953125 -237.59661865234375 231.70376586914065
-1208.8551025390625 -237.5441741943359 231.8622589111328
-1209.8419189453125 -237.39694213867188 231.85186767578125
-1210.7919921875 -237.4652862548828 232.1028289794922
-1211.7357177734375 -237.5001983642578 232.42518615722656
-1212.698486328125 -237.46112060546875 232.705078125
-1213.642333984375 -237.23353576660156 232.95635986328125
-1214.6258544921875 -237.2118682861328 233.1380615234375
-1215.608154296875 -237.03387451171875 233.2351531982422
-1216.619384765625 -237.08349609375 233.2917633056641
-1217.608642578125 -236.88726806640625 233.30804443359375
-1218.5233154296875 -236.49668884277344 233.26593017578125
-1219.5023193359375 -236.3026123046875 233.31700134277344
-1220.4219970703125 -235.9197235107422 233.425048828125
-1221.3968505859375 -235.6888885498047 233.42330932617188
-1222.328369140625 -235.32777404785156 233.3503875732422
-1223.3114013671875 -235.15609741210935 233.27284240722656
-1224.2509765625 -234.79769897460935 233.21337890625
-1225.184814453125 -234.5000457763672 233.00946044921875
-1226.0994873046875 -234.17140197753903 232.76939392089844
-1227.0123291015625 -233.80845642089844 232.59793090820312
-1227.978759765625 -233.57725524902344 232.4655914306641
-1228.9132080078125 -233.280029296875 232.32730102539065
-1229.841552734375 -232.94168090820312 232.17051696777344
-1230.7467041015625 -232.51759338378903 232.06564331054688
-1231.7022705078125 -232.22564697265625 231.98277282714844
-1232.6790771484375 -232.0360870361328 231.8503265380859
-1233.6370849609375 -231.7439422607422 231.79481506347656
-1234.61767578125 -231.5725555419922 231.8758544921875
-1235.593994140625 -231.37611389160156 231.86563110351565
-1236.5836181640625 -231.2134552001953 231.78744506835935
-1237.524169921875 -230.8831024169922 231.7160491943359
-1238.4803466796875 -230.64822387695312 231.54779052734375
-1239.463134765625 -230.45755004882812 231.53175354003903
-1240.4349365234375 -230.2341156005859 231.55174255371097
-1241.39208984375 -229.93170166015625 231.49295043945312
-1242.366455078125 -229.71726989746097 231.60675048828125
-1243.354736328125 -229.57476806640625 231.55335998535156
-1244.3448486328125 -229.347900390625 231.54701232910156
-1245.327392578125 -229.45957946777344 231.5013427734375
-1246.324462890625 -229.50125122070312 231.392578125
-1247.3201904296875 -229.5235290527344 231.3009033203125
-1248.3154296875 -229.5629119873047 231.2033233642578
-1249.2757568359375 -229.47607421875 230.9186248779297
-1250.266845703125 -229.54006958007812 230.8484649658203
-1251.25927734375 -229.5238494873047 230.77639770507812
-1252.237548828125 -229.5233612060547 230.55999755859375
-1253.22705078125 -229.6849822998047 230.62548828125
-1254.211181640625 -229.77175903320312 230.73638916015625
-1255.2042236328125 -229.81094360351565 230.82034301757812
-1256.20654296875 -229.808349609375 230.7632598876953
-1257.1807861328125 -229.9021453857422 230.9127960205078
-1258.167236328125 -230.03924560546875 230.95025634765625
-1259.1441650390625 -230.17625427246097 230.8059844970703
-1260.12451171875 -230.0160369873047 230.7218780517578
-1261.11328125 -229.98211669921875 230.52096557617188
-1262.1033935546875 -230.06851196289065 230.59317016601565
-1263.095703125 -230.13050842285156 230.7190399169922
-1264.0970458984375 -230.08432006835935 230.69676208496097
-1265.0599365234375 -229.8747100830078 230.88412475585935
-1266.0096435546875 -229.62689208984375 231.0503692626953
-1266.970458984375 -229.36575317382812 231.11614990234375
-1267.9349365234375 -229.13218688964844 231.2593688964844
-1268.8299560546875 -228.86965942382812 231.60235595703125
-1269.69140625 -228.52865600585935 231.9698486328125
-1270.509033203125 -228.10365295410156 232.35769653320312
-1271.33251953125 -227.76974487304688 232.82020568847656
-1272.0736083984375 -227.25650024414065 233.2499237060547
-1272.7987060546875 -226.77256774902344 233.7339324951172
-1273.44775390625 -226.31436157226565 234.34080505371097
-1274.083740234375 -225.8356475830078 234.95411682128903
-1274.6004638671875 -225.47552490234375 235.7251892089844
-1275.1494140625 -225.0745849609375 236.45814514160156
-1275.8221435546875 -224.73179626464844 237.09976196289065
-1276.5560302734375 -224.43247985839844 237.6993408203125
-1277.3447265625 -224.1970977783203 238.26931762695312
-1278.1248779296875 -223.8750915527344 238.80447387695312
-1279.0177001953125 -223.61083984375 239.14990234375
-1279.946044921875 -223.6290283203125 239.53125
-1280.836669921875 -223.4771728515625 239.9634246826172
-1281.7872314453125 -223.5900421142578 240.2603302001953
-1282.7557373046875 -223.49826049804688 240.5447235107422
-1283.70263671875 -223.49990844726565 240.8012237548828
-1284.7049560546875 -223.45372009277344 240.82630920410156
-1285.6749267578125 -223.25579833984375 240.9975128173828
-1286.6751708984375 -223.14620971679688 240.92543029785156
-1287.6202392578125 -222.8561248779297 240.91712951660156
-1288.5830078125 -222.57443237304688 240.98741149902344
-1289.516357421875 -222.2399139404297 240.8789825439453
-1290.43701171875 -221.8645477294922 240.9694061279297
-1291.3037109375 -221.35275268554688 240.97445678710935
-1292.2864990234375 -221.15838623046875 240.95767211914065
-1293.2591552734375 -221.0055389404297 241.0480804443359
-1294.2310791015625 -221.0816345214844 241.2007598876953
-1295.0975341796875 -221.4768218994141 241.28701782226565
-1295.980712890625 -221.95022583007812 241.48187255859375
-1296.754638671875 -222.6311492919922 241.46664428710935
-1296.754638671875 -222.6311492919922 241.46664428710935
-1298.105712890625 -223.3883056640625 241.36871337890625
-1299.356689453125 -224.16355895996097 240.99249267578125
-1300.6395263671875 -224.82473754882812 240.67694091796875
-1300.6395263671875 -224.82473754882812 240.67694091796875
-1301.0155029296875 -225.58140563964844 239.365234375
-1301.58251953125 -225.92025756835935 238.51095581054688
-1302.1075439453125 -226.23719787597656 237.7303009033203
-1302.4971923828125 -226.2816162109375 236.77044677734375
-1302.691650390625 -226.29730224609375 235.72396850585935
-1302.938232421875 -226.47994995117188 234.7300262451172
-1303.2496337890625 -226.6201171875 233.7479248046875
-1303.5181884765625 -226.55894470214844 232.7587432861328
-1303.78466796875 -226.62100219726565 231.749755859375
-1304.2442626953125 -226.66830444335935 230.8347015380859
-1304.8251953125 -226.86524963378903 230.00076293945312
-1305.287353515625 -226.89959716796875 229.0832061767578
-1305.791259765625 -226.92843627929688 228.1793212890625
-1306.6209716796875 -227.09779357910156 226.86416625976565
-1306.6209716796875 -227.09779357910156 226.86416625976565
-1308.716064453125 -226.28140258789065 226.54022216796875
-1309.6458740234375 -225.9963836669922 226.27981567382812
-1310.5662841796875 -225.66700744628903 226.1250915527344
-1311.4033203125 -225.1917724609375 225.86947631835935
-1311.836181640625 -224.84288024902344 225.0789794921875
-1312.29248046875 -224.56137084960935 224.26695251464844
-1312.5206298828125 -224.07949829101565 223.43299865722656
-1312.681640625 -223.93191528320312 222.44564819335935
-1312.9466552734375 -223.92221069335935 221.5220642089844
-1313.5035400390625 -223.82774353027344 220.68267822265625
-1314.256103515625 -223.6374053955078 220.0842742919922
-1315.15478515625 -223.25048828125 219.91351318359375
-1316.0648193359375 -222.90106201171875 219.77235412597656
-1317.0135498046875 -222.6657257080078 219.68356323242188
-1317.7835693359375 -222.1480712890625 220.02481079101565
-1318.458251953125 -221.5966796875 220.56793212890625
-1318.879638671875 -220.8574676513672 221.0256195068359
-1319.1439208984375 -220.08062744140625 221.5874938964844
-1319.6942138671875 -219.63096618652344 222.30755615234375
-1320.287841796875 -219.23683166503903 222.99447631835935
-1320.803466796875 -219.11587524414065 223.85122680664065
-1321.6368408203125 -218.90858459472656 224.3816375732422
-1322.4033203125 -218.68348693847656 224.96383666992188
-1323.3057861328125 -218.5674591064453 225.3632354736328
-1324.03515625 -218.49136352539065 226.0264587402344
-1324.8956298828125 -218.0711669921875 226.0786590576172
-1325.820556640625 -218.0386657714844 226.47103881835935
-1326.76904296875 -218.19424438476565 226.67922973632812
-1327.698974609375 -218.31985473632812 226.99343872070312
-1328.6531982421875 -218.5524139404297 227.0398406982422
-1329.6207275390625 -218.67759704589844 227.19869995117188
-1330.59033203125 -218.8163604736328 227.28713989257812
-1331.5032958984375 -219.0744171142578 227.4835662841797
-1332.400634765625 -219.4077606201172 227.7661895751953
-1333.1785888671875 -220.0163116455078 227.8117828369141
-1333.997314453125 -220.5757751464844 227.77432250976565
-1334.802490234375 -221.14906311035156 227.8473358154297
-1335.4818115234375 -221.8534393310547 228.01187133789065
-1336.1448974609375 -222.5696258544922 228.20301818847656
-1336.8184814453125 -223.25534057617188 228.3611297607422
-1337.2777099609375 -224.08189392089844 228.64161682128903
-1337.57421875 -225.0159912109375 228.90646362304688
-1337.96630859375 -225.89068603515625 229.12648010253903
-1338.1934814453125 -226.6874237060547 229.7273101806641
-1338.65576171875 -227.5550994873047 229.7043304443359
-1338.931884765625 -228.49407958984375 229.98507690429688
-1339.3548583984375 -229.38623046875 229.9922790527344
-1339.585693359375 -230.39837646484375 230.04090881347656
-1340.0281982421875 -231.28240966796875 229.93800354003903
-1340.51708984375 -232.13540649414065 230.1179962158203
-1340.865234375 -233.06149291992188 230.3063507080078
-1341.2215576171875 -233.99392700195312 230.40225219726565
-1341.603271484375 -234.87496948242188 230.69073486328125
-1342.0340576171875 -235.77386474609375 230.81887817382812
-1342.2501220703125 -236.7418975830078 231.01268005371097
-1342.497802734375 -237.6354522705078 231.40191650390625
-1342.8392333984375 -238.58067321777344 231.44683837890625
-1343.169189453125 -239.4713592529297 231.7693328857422
-1343.3128662109375 -240.46063232421875 231.85076904296875
-1343.384765625 -241.45156860351565 231.9589385986328
-1343.5908203125 -242.39309692382812 232.24758911132812
-1343.854736328125 -243.30337524414065 232.537353515625
-1343.95166015625 -244.26010131835935 232.8795928955078
-1344.119384765625 -245.2326507568359 232.83946228027344
-1344.3294677734375 -246.20948791503903 232.9093475341797
-1344.4056396484375 -247.0540313720703 233.3497772216797
-1344.507568359375 -248.03184509277344 233.59095764160156
-1344.656982421875 -249.00067138671875 233.73011779785156
-1344.7275390625 -249.90020751953125 234.14010620117188
-1344.7137451171875 -250.90963745117188 234.0448760986328
-1344.8516845703125 -251.80355834960935 234.50384521484375
-1344.99755859375 -252.7882843017578 234.52621459960935
-1345.1553955078125 -253.6540374755859 235.0003204345703
-1345.2890625 -254.58067321777344 235.0840301513672
-1345.24365234375 -255.55416870117188 234.79864501953125
-1345.37353515625 -256.4757385253906 235.12986755371097
-1345.44775390625 -257.38616943359375 235.53659057617188
-1345.322021484375 -258.355712890625 235.77993774414065
-1345.433837890625 -259.2697448730469 236.064697265625
-1345.4375 -260.28955078125 236.1079864501953
-1345.528076171875 -261.2561340332031 236.24240112304688
-1345.419677734375 -262.2196350097656 236.4670257568359
-1345.5224609375 -263.1778564453125 236.73550415039065
-1345.3363037109375 -264.1350402832031 236.96307373046875
-1345.299560546875 -265.1748962402344 236.9971466064453
-1345.1700439453125 -266.057861328125 237.3238067626953
-1345.3912353515625 -267.0585632324219 237.52432250976565
-1345.4578857421875 -268.0141296386719 237.8166046142578
-1345.393798828125 -268.93707275390625 238.22149658203125
-1345.193115234375 -269.90643310546875 237.95132446289065
-1345.1129150390625 -270.8369445800781 237.883544921875
-1345.0364990234375 -271.7628173828125 238.3490753173828
-1344.8546142578125 -272.73016357421875 238.52247619628903
-1344.8673095703125 -273.63330078125 238.9595947265625
-1345.148193359375 -274.5534362792969 239.02883911132812
-1345.269775390625 -275.57763671875 238.79144287109375
-1345.085693359375 -276.5598449707031 239.00192260742188
-1345.1278076171875 -277.4745788574219 239.3932647705078
-1345.02490234375 -278.46295166015625 239.4713897705078
-1306.6209716796875 -227.09779357910156 226.86416625976565
-1306.8253173828125 -227.59523010253903 225.36431884765625
-1306.9974365234375 -227.8590545654297 224.69430541992188
-1307.0418701171875 -228.1770172119141 224.0477752685547
-1307.0418701171875 -228.1770172119141 224.0477752685547
-1308.4940185546875 -229.03506469726565 223.6912841796875
-1309.193603515625 -229.62881469726565 223.31158447265625
-1310.0008544921875 -230.1598358154297 223.23846435546875
-1310.9410400390625 -230.47125244140625 223.0836181640625
-1311.635498046875 -231.13612365722656 222.9251251220703
-1312.51611328125 -231.60491943359375 222.69976806640625
-1312.9942626953125 -232.32460021972656 222.2003936767578
-1313.198486328125 -233.22332763671875 221.83636474609375
-1313.474853515625 -234.08204650878903 221.43069458007812
-1313.3037109375 -234.97767639160156 221.0708465576172
-1312.85986328125 -235.8302764892578 220.82379150390625
-1312.474365234375 -236.7366943359375 220.7872314453125
-1311.8985595703125 -237.48947143554688 220.60171508789065
-1311.46826171875 -238.36965942382812 220.7447204589844
-1311.0780029296875 -239.2589569091797 221.0982666015625
-1310.8414306640625 -240.25347900390625 221.2725372314453
-1310.87744140625 -240.96632385253903 221.94772338867188
-1310.8359375 -241.7969207763672 222.49685668945312
-1311.09765625 -242.63003540039065 222.99789428710935
-1311.536865234375 -243.3547210693359 223.59075927734375
-1311.8992919921875 -244.2469024658203 223.7528533935547
-1312.46875 -244.97042846679688 224.14602661132812
-1313.2283935546875 -245.6385040283203 224.24411010742188
-1314.064697265625 -246.1608428955078 224.3249053955078
-1314.92431640625 -246.65402221679688 224.2438201904297
-1315.59375 -247.04559326171875 223.63418579101565
-1316.249755859375 -247.4547119140625 223.0350341796875
-1317.025146484375 -247.72361755371097 222.44483947753903
-1317.58251953125 -247.85964965820312 221.6174163818359
-1318.33984375 -247.9502410888672 221.00326538085935
-1318.9781494140625 -248.32647705078125 220.2907562255859
-1319.3231201171875 -248.7427978515625 219.51577758789065
-1320.052978515625 -249.10484313964844 218.91246032714844
-1320.693359375 -249.76773071289065 218.5475616455078
-1321.4073486328125 -250.3048095703125 218.10633850097656
-1322.204833984375 -250.8114471435547 217.80953979492188
-1323.1195068359375 -251.2022705078125 217.5847015380859
-1324.05029296875 -251.33262634277344 217.28460693359375
-1325.027099609375 -251.5316925048828 217.14060974121097
-1325.995361328125 -251.57135009765625 216.92828369140625
-1326.9700927734375 -251.31295776367188 217.04701232910156
-1327.9322509765625 -251.07357788085935 216.89222717285156
-1328.747802734375 -250.5849609375 217.00424194335935
-1329.6986083984375 -250.3250732421875 216.88626098632812
-1330.661865234375 -250.00396728515625 216.99896240234375
-1331.6435546875 -249.814697265625 216.98358154296875
-1332.5281982421875 -249.3591766357422 217.1302947998047
-1333.3128662109375 -248.90884399414065 217.4401397705078
-1334.09326171875 -248.54454040527344 217.9490203857422
-1334.8397216796875 -248.14276123046875 218.5019073486328
-1335.4525146484375 -247.94667053222656 219.25035095214844
-1336.29541015625 -247.68614196777344 219.72891235351565
-1336.98291015625 -247.3764190673828 220.38412475585935
-1337.79931640625 -247.15310668945312 220.9556884765625
-1338.42626953125 -246.9054412841797 221.635986328125
-1339.2222900390625 -246.7748260498047 222.246826171875
-1339.92529296875 -246.9956817626953 222.87950134277344
-1340.772705078125 -246.83786010742188 223.43069458007812
-1341.5819091796875 -247.01974487304688 223.9677734375
-1342.3919677734375 -247.1673126220703 224.5248565673828
-1343.2462158203125 -247.5495758056641 224.8763427734375
-1343.9178466796875 -248.03390502929688 225.4555206298828
-1344.6116943359375 -248.63572692871097 225.80564880371097
-1345.256103515625 -249.2971954345703 226.20550537109375
-1345.923583984375 -249.87667846679688 226.6558074951172
-1346.426025390625 -250.677978515625 226.99998474121097
-1347.0758056640625 -251.42616271972656 227.21340942382812
-1347.513427734375 -252.3249359130859 227.3277587890625
-1347.8863525390625 -253.2261505126953 227.55552673339844
-1348.3018798828125 -254.1179046630859 227.71536254882812
-1348.71826171875 -255.0255889892578 227.8528289794922
-1349.0416259765625 -255.97552490234375 227.9138336181641
-1349.3304443359375 -256.90814208984375 228.1746368408203
-1349.7791748046875 -257.8052062988281 228.2257537841797
-1350.087646484375 -258.7511901855469 228.39239501953125
-1350.326416015625 -259.7244567871094 228.4723358154297
-1350.567138671875 -260.69793701171875 228.44911193847656
-1350.9366455078125 -261.5931396484375 228.7212677001953
-1351.2144775390625 -262.5558166503906 228.82081604003903
-1351.5574951171875 -263.4947204589844 228.76075744628903
-1351.8634033203125 -264.421630859375 229.00930786132812
-1352.2200927734375 -265.36279296875 229.04458618164065
-1352.432861328125 -266.3414611816406 229.0372009277344
-1352.8236083984375 -267.24395751953125 229.29025268554688
-1353.1536865234375 -268.1759033203125 229.36370849609375
-1353.49365234375 -269.103759765625 229.5814666748047
-1353.72802734375 -270.0760803222656 229.58004760742188
-1354.1917724609375 -270.97967529296875 229.61404418945312
-1354.483642578125 -271.892578125 229.9172821044922
-1354.429931640625 -272.9196472167969 229.7232208251953
-1354.681640625 -273.8135986328125 229.9552459716797
-1354.800537109375 -274.81610107421875 230.08157348632812
-1354.757080078125 -275.8136291503906 230.09939575195312
-1355.0328369140625 -276.77703857421875 230.20362854003903
-1355.0968017578125 -277.7891845703125 230.2785491943359
-1355.14111328125 -278.7762451171875 230.4759521484375
-1355.3223876953125 -279.74383544921875 230.47280883789065
-1307.0418701171875 -228.1770172119141 224.0477752685547
-1306.439697265625 -228.43272399902344 222.86326599121097
-1306.0947265625 -228.7965087890625 221.9941864013672
-1305.44970703125 -228.99998474121097 221.2643585205078
-1304.7901611328125 -228.95228576660156 220.51400756835935
-1304.1434326171875 -229.1633148193359 219.78121948242188
-1303.3155517578125 -229.3272399902344 219.25547790527344
-1302.58056640625 -229.5852813720703 218.64459228515625
-1301.96923828125 -229.83436584472656 217.93263244628903
-1301.266845703125 -230.28697204589844 217.408203125
-1300.734619140625 -230.78567504882812 216.7392120361328
-1300.079833984375 -231.4768829345703 216.37738037109375
-1299.527099609375 -232.02096557617188 215.758544921875
-1298.8101806640625 -232.5464630126953 215.31820678710935
-1298.2186279296875 -233.0987091064453 214.87136840820312
-1297.7205810546875 -233.8973846435547 214.54083251953125
-1297.164306640625 -234.44154357910156 213.9342041015625
-1296.672607421875 -235.32247924804688 213.7032012939453
-1296.2291259765625 -235.75389099121097 212.94351196289065
-1295.63818359375 -236.52957153320312 212.6755523681641
-1294.980224609375 -237.09922790527344 212.1705322265625
-1294.34375 -237.8407745361328 212.0824432373047
-1293.5274658203125 -238.2401123046875 211.95327758789065
-1292.755615234375 -238.81661987304688 211.6341094970703
-1292.0384521484375 -239.38754272460935 211.50799560546875
-1291.3094482421875 -239.88272094726565 211.05697631835935
-1290.60205078125 -240.57748413085935 210.92556762695312
-1289.816162109375 -241.136474609375 210.99526977539065
-1288.9732666015625 -241.5688934326172 210.6898956298828
-1288.10400390625 -242.0152587890625 210.78701782226565
-1287.2115478515625 -242.42481994628903 210.6404571533203
-1286.42333984375 -242.9668426513672 210.775146484375
-1285.6195068359375 -243.43296813964844 210.4456329345703
-1284.915283203125 -243.98936462402344 210.10462951660156
-1284.1763916015625 -244.6211853027344 209.9234161376953
-1283.5516357421875 -245.41818237304688 209.8607635498047
-1282.9619140625 -246.0865173339844 209.41468811035156
-1282.511962890625 -246.92776489257812 209.09817504882812
-1282.044921875 -247.78729248046875 208.99571228027344
-1281.8619384765625 -248.7197265625 208.66636657714844
-1282.0042724609375 -249.6263885498047 208.2558135986328
-1282.1810302734375 -250.60476684570312 208.3618927001953
-1282.44189453125 -251.48390197753903 207.9794158935547
-1282.9681396484375 -252.31736755371097 208.19461059570312
-1283.5784912109375 -253.04611206054688 208.4627685546875
-1284.23388671875 -253.7292938232422 208.78160095214844
-1284.9073486328125 -254.315185546875 209.24755859375
-1285.5406494140625 -254.5975799560547 209.9693603515625
-1286.14453125 -255.166259765625 210.52392578125
-1286.7635498046875 -255.28256225585935 211.3225860595703
-1287.3582763671875 -255.24679565429688 212.13308715820312
-1287.981201171875 -255.368408203125 212.91036987304688
-1288.6260986328125 -255.2978515625 213.66043090820312
-1289.221923828125 -255.1017608642578 214.43508911132812
-1289.9111328125 -254.77154541015625 215.1121063232422
-1290.50830078125 -254.4049072265625 215.82608032226565
-1291.231689453125 -254.03855895996097 216.38539123535156
-1291.8448486328125 -253.561767578125 217.0194549560547
-1292.53125 -253.24566650390625 217.66392517089844
-1293.233642578125 -252.8540802001953 218.275634765625
-1293.94140625 -252.6619415283203 218.95477294921875
-1294.6217041015625 -252.45806884765625 219.64353942871097
-1295.29833984375 -252.3936004638672 220.3917236328125
-1295.8590087890625 -252.4065093994141 221.2205810546875
-1296.3587646484375 -252.74346923828125 222.0159454345703
-1296.8299560546875 -253.21041870117188 222.76405334472656
-1297.31591796875 -253.91168212890625 223.2891387939453
-1297.6844482421875 -254.76724243164065 223.63368225097656
-1298.0662841796875 -255.66197204589844 223.8433837890625
-1298.2337646484375 -256.6518859863281 223.81338500976565
-1298.3529052734375 -257.62847900390625 223.65155029296875
-1298.4764404296875 -258.5341491699219 223.19168090820312
-1298.6805419921875 -259.51666259765625 223.02963256835935
-1298.82568359375 -260.4508972167969 223.01573181152344
-1299.0565185546875 -261.3768310546875 222.57269287109375
-1299.1683349609375 -262.277587890625 222.1726531982422
-1299.36181640625 -263.2017822265625 221.96469116210935
-1299.4444580078125 -264.10198974609375 221.64459228515625
-1299.5733642578125 -265.0011901855469 221.2702178955078
-1299.7197265625 -265.8258056640625 220.82310485839844
-1300.043212890625 -266.58807373046875 220.27577209472656
-1300.6427001953125 -267.29388427734375 219.87600708007812
-1301.2860107421875 -267.8864440917969 219.38034057617188
-1301.8955078125 -268.54925537109375 218.96371459960935
-1302.7041015625 -268.9150085449219 218.4977264404297
-1303.4354248046875 -269.4951171875 218.15084838867188
-1304.3360595703125 -269.77178955078125 217.85372924804688
-1305.1904296875 -270.1166687011719 217.40220642089844
-1306.0997314453125 -270.13861083984375 217.06002807617188
-1306.82470703125 -270.6846008300781 216.62461853027344
-1307.4794921875 -271.0079650878906 215.9424743652344
-1308.2598876953125 -271.5005187988281 215.53672790527344
-1308.815185546875 -272.1474609375 215.0075531005859
-1309.0950927734375 -272.8584899902344 214.36666870117188
-1309.406982421875 -273.7138671875 213.9542999267578
-1309.56005859375 -274.6393737792969 213.6062164306641
-1309.6566162109375 -275.5601501464844 213.32327270507812
-1309.605224609375 -276.55670166015625 213.4313812255859
-1309.703369140625 -277.5441589355469 213.45217895507812
-1309.641845703125 -278.53369140625 213.2331390380859
-1309.413818359375 -279.47918701171875 213.28189086914065
-1086.7449951171875 -257.5234375 275.0335693359375
-1089.75537109375 -258.62615966796875 273.04144287109375
-1090.6939697265625 -258.86053466796875 272.6891784667969
-1091.542236328125 -259.055419921875 272.2607116699219
-1092.41943359375 -259.1142578125 271.7868957519531
-1093.39404296875 -259.0998229980469 271.5484619140625
-1094.34619140625 -258.95428466796875 271.2455749511719
-1095.3310546875 -258.8492126464844 271.1263122558594
-1096.2860107421875 -258.6806335449219 270.850830078125
-1097.2528076171875 -258.5029602050781 270.65924072265625
-1098.2230224609375 -258.3121337890625 270.54010009765625
-1099.220703125 -258.2153625488281 270.4500732421875
-1100.196533203125 -257.9732666015625 270.4055480957031
-1101.1756591796875 -257.75567626953125 270.3657531738281
-1102.165283203125 -257.6163330078125 270.28826904296875
-1103.1439208984375 -257.491455078125 270.1192321777344
-1104.1163330078125 -257.4155578613281 269.91510009765625
-1105.067626953125 -257.15185546875 269.69989013671875
-1106.0352783203125 -256.9032287597656 269.6071472167969
-1107.005615234375 -256.67626953125 269.5301208496094
-1108.0040283203125 -256.5834045410156 269.6094055175781
-1108.989990234375 -256.4355773925781 269.4581298828125
-1109.978515625 -256.3031005859375 269.45428466796875
-1110.9578857421875 -256.17315673828125 269.3023986816406
-1111.9451904296875 -255.9879913330078 269.25433349609375
-1112.935791015625 -255.90316772460935 269.1407165527344
-1113.9193115234375 -255.7461395263672 269.02734375
-1114.8934326171875 -255.5399169921875 268.9527893066406
-1115.8775634765625 -255.38812255859375 269.0613098144531
-1116.8656005859375 -255.3951873779297 269.10693359375
-1117.83447265625 -255.21487426757812 269.0411376953125
-1118.827392578125 -255.05482482910156 269.049072265625
-1119.82177734375 -254.8864898681641 269.05596923828125
-1120.822509765625 -254.84947204589844 269.0833740234375
-1121.8031005859375 -254.86537170410156 269.2247314453125
-1122.7845458984375 -254.68698120117188 269.1427917480469
-1123.763671875 -254.4268798828125 269.1349182128906
-1124.7471923828125 -254.42088317871097 269.27789306640625
-1125.7408447265625 -254.38906860351565 269.3335266113281
-1126.6951904296875 -254.2667694091797 269.0406188964844
-1127.6856689453125 -254.22589111328125 268.9039611816406
-1128.687255859375 -254.1931610107422 268.947265625
-1129.6907958984375 -254.1297607421875 268.91082763671875
-1130.6815185546875 -254.1980743408203 268.79266357421875
-1131.675048828125 -254.26351928710935 268.8733215332031
-1132.6539306640625 -254.2216339111328 269.0950012207031
-1133.6180419921875 -254.2232360839844 269.3970947265625
-1134.6085205078125 -254.1448516845703 269.4954833984375
-1135.5946044921875 -253.95584106445312 269.44110107421875
-1136.587158203125 -253.95904541015625 269.30877685546875
-1137.585693359375 -253.88607788085935 269.2864074707031
-1138.5921630859375 -253.91162109375 269.2886047363281
-1139.570556640625 -253.68502807617188 269.27618408203125
-1140.5523681640625 -253.48577880859375 269.1760559082031
-1141.5535888671875 -253.37075805664065 269.186767578125
-1142.518310546875 -253.1775665283203 269.0468444824219
-1143.4852294921875 -253.0211944580078 268.8127136230469
-1144.4530029296875 -252.84786987304688 268.59857177734375
-1145.453857421875 -252.8273162841797 268.5865783691406
-1146.4559326171875 -252.8317108154297 268.6834716796875
-1147.4581298828125 -252.85630798339844 268.72662353515625
-1148.4488525390625 -252.8206024169922 268.5522766113281
-1149.447021484375 -252.7449493408203 268.62103271484375
-1150.4464111328125 -252.65379333496097 268.61834716796875
-1151.4249267578125 -252.4297790527344 268.6905517578125
-1152.4217529296875 -252.37734985351565 268.7240905761719
-1153.4232177734375 -252.38040161132812 268.71014404296875
-1154.405517578125 -252.2401580810547 268.5971374511719
-1155.4080810546875 -252.1446533203125 268.62237548828125
-1156.399658203125 -252.13580322265625 268.4766540527344
-1157.37841796875 -251.95883178710935 268.3970947265625
-1158.383056640625 -251.8706512451172 268.315185546875
-1159.373046875 -251.77670288085935 268.39593505859375
-1160.361572265625 -251.5990753173828 268.3542175292969
-1161.344482421875 -251.47569274902344 268.4983825683594
-1162.3399658203125 -251.33636474609375 268.4320983886719
-1163.3369140625 -251.3133087158203 268.37469482421875
-1164.296142578125 -251.08938598632812 268.41339111328125
-1165.23779296875 -250.83737182617188 268.5809020996094
-1166.2230224609375 -250.63099670410156 268.5779724121094
-1167.2171630859375 -250.61578369140625 268.45819091796875
-1168.1934814453125 -250.41064453125 268.5583801269531
-1169.18310546875 -250.2662811279297 268.533203125
-1170.124755859375 -249.96693420410156 268.28900146484375
-1171.0491943359375 -249.7872009277344 268.514404296875
-1172.0001220703125 -249.5813140869141 268.734619140625
-1173.00048828125 -249.5425262451172 268.6810302734375
-1174.0010986328125 -249.49607849121097 268.6754150390625
-1174.985107421875 -249.3171234130859 268.652587890625
-1175.9443359375 -249.02963256835935 268.6221618652344
-1176.9112548828125 -248.7992706298828 268.6279296875
-1177.8974609375 -248.6150665283203 268.6841735839844
-1178.8892822265625 -248.51416015625 268.63714599609375
-1179.8448486328125 -248.23599243164065 268.6206359863281
-1180.79736328125 -247.96258544921875 268.5127868652344
-1181.7799072265625 -247.7339324951172 268.5001525878906
-1182.7523193359375 -247.53709411621097 268.5614929199219
-1183.75244140625 -247.52967834472656 268.54931640625
-1184.734130859375 -247.39207458496097 268.3819580078125
-1185.7271728515625 -247.3180694580078 268.26055908203125
-1186.7025146484375 -247.1101531982422 268.3426513671875
-1187.6448974609375 -246.86341857910156 268.572021484375
-1188.6083984375 -246.71275329589844 268.4106140136719
-1189.60888671875 -246.6643524169922 268.2760925292969
-1190.5953369140625 -246.73863220214844 268.33636474609375
-1191.5589599609375 -246.58743286132812 268.1008605957031
-1192.5347900390625 -246.4333648681641 267.9409484863281
-1193.5390625 -246.47885131835935 267.7391662597656
-1194.4822998046875 -246.2652587890625 267.5435791015625
-1195.4825439453125 -246.29129028320312 267.53778076171875
-1196.426513671875 -245.97601318359375 267.48028564453125
-1197.4254150390625 -245.8937225341797 267.4795837402344
-1198.4185791015625 -245.82481384277344 267.3412780761719
-1199.3642578125 -245.75108337402344 267.50164794921875
-1200.34130859375 -245.57456970214844 267.4984130859375
-1201.3427734375 -245.53585815429688 267.388427734375
-1202.34130859375 -245.45431518554688 267.3084411621094
-1203.3082275390625 -245.46644592285156 267.17071533203125
-1204.2735595703125 -245.5615234375 266.9269714355469
-1205.2532958984375 -245.4834899902344 266.7356872558594
-1206.2296142578125 -245.5126953125 266.5445556640625
-1207.2110595703125 -245.480712890625 266.3465881347656
-1208.1270751953125 -245.55404663085935 265.9786682128906
-1209.1209716796875 -245.53579711914065 265.8313903808594
-1210.0872802734375 -245.75753784179688 265.6949157714844
-1211.0523681640625 -246.01365661621097 265.6709289550781
-1212.01611328125 -246.191650390625 265.51177978515625
-1212.972900390625 -246.49270629882812 265.5131530761719
-1213.926513671875 -246.726318359375 265.551025390625
-1214.9017333984375 -246.9137420654297 265.3147888183594
-1215.8941650390625 -247.00845336914065 265.3529357910156
-1216.87353515625 -247.0187225341797 265.4265441894531
-1217.7911376953125 -247.419921875 265.42877197265625
-1218.7772216796875 -247.5783233642578 265.5128479003906
-1219.780517578125 -247.5795135498047 265.45489501953125
-1220.780517578125 -247.59011840820312 265.56787109375
-1221.765380859375 -247.47109985351565 265.6833190917969
-1222.7518310546875 -247.5830993652344 265.904052734375
-1223.7264404296875 -247.51171875 266.1029357910156
-1224.6868896484375 -247.508544921875 266.3367614746094
-1225.638671875 -247.3494110107422 266.42913818359375
-1226.5867919921875 -247.40280151367188 266.68133544921875
-1227.571533203125 -247.21011352539065 266.7829284667969
-1228.572021484375 -247.3111114501953 266.85272216796875
-1229.5733642578125 -247.2760772705078 266.92266845703125
-1230.5367431640625 -247.51361083984375 266.99993896484375
-1231.5380859375 -247.63462829589844 267.0451965332031
-1232.5146484375 -247.82313537597656 267.1471252441406
-1233.4859619140625 -247.84866333007812 267.2961120605469
-1234.455078125 -247.71652221679688 267.480712890625
-1235.4505615234375 -247.61456298828125 267.58599853515625
-1236.4364013671875 -247.45831298828125 267.7118835449219
-1237.4375 -247.3760528564453 267.7239990234375
-1238.4219970703125 -247.33859252929688 267.7666320800781
-1239.4189453125 -247.32745361328125 267.69488525390625
-1240.2235107421875 -247.12498474121097 266.6368713378906
-1240.2235107421875 -247.12498474121097 266.6368713378906
-1241.2138671875 -246.76307678222656 265.32073974609375
-1241.4615478515625 -246.55702209472656 264.3083190917969
-1241.5504150390625 -246.1412811279297 263.4572448730469
-1241.525634765625 -246.03012084960935 262.4423828125
-1241.42041015625 -245.50164794921875 261.5799255371094
-1241.4263916015625 -244.9294586181641 260.7604675292969
-1241.661376953125 -244.232421875 260.0870666503906
-1241.9678955078125 -243.48538208007812 259.5013122558594
-1242.308349609375 -242.67547607421875 259.0140380859375
-1242.6715087890625 -241.8005828857422 258.7170104980469
-1243.102783203125 -240.9526824951172 258.4275207519531
-1243.6846923828125 -240.2006378173828 258.1158752441406
-1244.201904296875 -239.3224639892578 258.1373596191406
-1244.8702392578125 -238.66885375976565 257.77850341796875
-1245.538818359375 -237.9308624267578 257.65850830078125
-1246.328369140625 -237.30992126464844 257.6036682128906
-1247.1845703125 -236.797119140625 257.4838562011719
-1247.98583984375 -236.18592834472656 257.430419921875
-1248.898193359375 -235.8203887939453 257.35693359375
-1249.743408203125 -235.25234985351565 257.3972473144531
-1250.630859375 -234.77684020996097 257.3369445800781
-1251.56884765625 -234.42739868164065 257.3511047363281
-1252.5115966796875 -234.12026977539065 257.5406494140625
-1253.4854736328125 -234.1913604736328 257.5507507324219
-1254.3419189453125 -234.66246032714844 257.7170104980469
-1254.9757080078125 -235.3439483642578 258.0702819824219
-1255.5941162109375 -235.98106384277344 258.540771484375
-1255.91259765625 -236.6696014404297 259.1819152832031
-1256.5745849609375 -237.02491760253903 259.8246154785156
-1256.8270263671875 -237.55191040039065 260.672607421875
-1257.2353515625 -238.04393005371097 261.4442443847656
-1257.5528564453125 -238.88320922851565 261.90850830078125
-1257.99609375 -239.7817840576172 261.9821472167969
-1258.460693359375 -240.65142822265625 261.8815612792969
-1258.9700927734375 -241.2767333984375 261.2814025878906
-1259.781982421875 -241.7642059326172 260.9564514160156
-1260.54248046875 -242.102783203125 260.3863525390625
-1261.392333984375 -242.37974548339844 259.93402099609375
-1262.0975341796875 -242.8985290527344 259.4463806152344
-1262.729736328125 -243.41262817382812 258.8571472167969
-1263.248046875 -243.80360412597656 258.5218200683594
-1263.248046875 -243.80360412597656 258.5218200683594
-1261.8572998046875 -243.83810424804688 257.4136047363281
-1261.08984375 -244.20375061035156 256.8843078613281
-1260.1376953125 -244.1903839111328 256.58642578125
-1259.1361083984375 -244.3831024169922 256.58184814453125
-1258.168701171875 -244.46023559570312 256.69287109375
-1257.2216796875 -244.66943359375 256.89453125
-1256.270751953125 -244.8462829589844 256.8499450683594
-1255.3165283203125 -245.1025848388672 256.96630859375
-1254.3486328125 -245.42254638671875 257.0421142578125
-1253.347412109375 -245.43690490722656 257.0482482910156
-1252.3782958984375 -245.70257568359375 256.8893737792969
-1251.43212890625 -246.0914764404297 256.9305419921875
-1250.4974365234375 -246.28843688964844 257.2152099609375
-1249.62060546875 -246.53175354003903 257.6381530761719
-1248.7442626953125 -246.93569946289065 257.885498046875
-1247.80322265625 -247.2112274169922 258.07269287109375
-1246.944580078125 -247.76364135742188 257.9752197265625
-1246.0963134765625 -248.24656677246097 258.1731872558594
-1245.2412109375 -248.71246337890625 258.39483642578125
-1244.4593505859375 -249.25425720214844 258.62939453125
-1243.5665283203125 -249.59890747070312 259.0254821777344
-1242.7412109375 -250.1719512939453 259.15533447265625
-1242.0794677734375 -250.8444061279297 259.3622741699219
-1241.3873291015625 -251.4984130859375 259.7103271484375
-1240.5946044921875 -252.09503173828125 259.88214111328125
-1239.787109375 -252.6571044921875 259.97808837890625
-1239.016845703125 -253.27249145507812 260.1999206542969
-1238.400390625 -253.99508666992188 260.5369567871094
-1237.7935791015625 -254.70867919921875 260.8560791015625
-1237.19189453125 -255.50477600097656 260.98785400390625
-1236.7119140625 -256.29388427734375 261.3685302734375
-1236.1011962890625 -257.0422668457031 261.6843566894531
-1235.660400390625 -257.9170227050781 261.88995361328125
-1235.2623291015625 -258.7884826660156 262.08819580078125
-1234.8931884765625 -259.7077941894531 262.3035583496094
-1234.6002197265625 -260.5820617675781 262.714111328125
-1234.1510009765625 -261.4013671875 263.1268615722656
-1233.7362060546875 -262.2859802246094 263.285888671875
-1233.3614501953125 -263.1385498046875 263.67822265625
-1233.1136474609375 -264.04571533203125 264.0050048828125
-1232.891357421875 -265.0295715332031 263.94769287109375
-1232.5316162109375 -265.93670654296875 264.19580078125
-1232.3936767578125 -266.9129943847656 264.3017272949219
-1232.328369140625 -267.8765563964844 264.5977478027344
-1232.02392578125 -268.7760314941406 264.9375915527344
-1231.9058837890625 -269.7679443359375 265.083740234375
-1231.5469970703125 -270.6562194824219 264.8357849121094
-1231.5220947265625 -271.66973876953125 265.1263122558594
-1231.410400390625 -272.6661682128906 265.07720947265625
-1231.49951171875 -273.6549987792969 265.1521301269531
-1231.4014892578125 -274.6296081542969 265.4720458984375
-1231.3543701171875 -275.6327819824219 265.4613037109375
-1231.11962890625 -276.6107482910156 265.67724609375
-1230.928466796875 -277.59027099609375 265.5206298828125
-1230.7325439453125 -278.58148193359375 265.5425720214844
-1230.527099609375 -279.5535888671875 265.5131530761719
-1263.248046875 -243.80360412597656 258.5218200683594
-1264.1832275390625 -244.22422790527344 258.44464111328125
-1264.9049072265625 -244.6725616455078 258.5549621582031
-1265.3758544921875 -245.0580291748047 258.52325439453125
-1265.3758544921875 -245.0580291748047 258.52325439453125
-1265.589111328125 -246.37869262695312 259.54681396484375
-1265.4571533203125 -247.13742065429688 260.1982727050781
-1265.146240234375 -247.9875640869141 260.670654296875
-1264.694580078125 -248.7596893310547 261.1405944824219
-1264.0810546875 -249.46241760253903 261.5182800292969
-1263.4051513671875 -250.22314453125 261.5583190917969
-1262.6473388671875 -250.9045562744141 261.48681640625
-1261.7828369140625 -251.4172210693359 261.2727966308594
-1260.8818359375 -251.78713989257812 260.9382629394531
-1260.17138671875 -252.29261779785156 260.447509765625
-1259.63720703125 -253.03591918945312 260.0421447753906
-1258.8468017578125 -253.7417755126953 259.851318359375
-1258.37109375 -254.61761474609375 259.6374206542969
-1258.0931396484375 -255.58509826660156 259.555419921875
-1258.2191162109375 -256.6064453125 259.61273193359375
-1258.143798828125 -257.5550537109375 260.0235595703125
-1257.9356689453125 -258.50701904296875 260.13311767578125
-1257.954345703125 -259.5452575683594 259.80670166015625
-1257.8216552734375 -260.5088195800781 259.400634765625
-1257.9139404296875 -261.4831848144531 259.1870422363281
-1257.95654296875 -262.4949035644531 259.0213317871094
-1258.1240234375 -263.497314453125 258.92694091796875
-1258.244873046875 -264.515625 258.9086608886719
-1258.5157470703125 -265.5045471191406 258.86572265625
-1258.7091064453125 -266.5085144042969 258.80218505859375
-1258.9302978515625 -267.5010681152344 259.0122375488281
-1259.1749267578125 -268.459716796875 258.85565185546875
-1259.17138671875 -269.477294921875 258.6858215332031
-1259.0936279296875 -270.52197265625 258.68634033203125
-1259.1815185546875 -271.5306396484375 258.829833984375
-1258.9879150390625 -272.5244140625 258.5372009277344
-1258.8037109375 -273.5148620605469 258.48199462890625
-1259.0843505859375 -274.5033264160156 258.4835205078125
-1259.1846923828125 -275.493896484375 258.6221923828125
-1259.273193359375 -276.50494384765625 258.5758361816406
-1259.5750732421875 -277.49755859375 258.5435485839844
-1259.7806396484375 -278.48394775390625 258.5137023925781
-1265.3758544921875 -245.0580291748047 258.52325439453125
-1266.6044921875 -245.20054626464844 257.65911865234375
-1267.586181640625 -245.5220947265625 257.2595520019531
-1268.608154296875 -245.43016052246097 257.1646728515625
-1269.634033203125 -245.6900329589844 256.9568176269531
-1270.6585693359375 -245.87933349609375 257.0757141113281
-1271.5772705078125 -246.2587432861328 257.0913391113281
-1272.6309814453125 -246.2646942138672 257.34246826171875
-1273.6593017578125 -246.2401123046875 257.6042175292969
-1274.5672607421875 -245.8404998779297 257.763671875
-1275.253662109375 -245.7434539794922 257.9501647949219
-1275.253662109375 -245.7434539794922 257.9501647949219
-1275.1202392578125 -244.55357360839844 258.54736328125
-1274.8623046875 -243.6960296630859 258.98394775390625
-1274.34521484375 -243.2425079345703 259.6767883300781
-1273.6707763671875 -242.487060546875 259.9794616699219
-1272.812255859375 -242.10289001464844 260.2667541503906
-1272.0430908203125 -241.49658203125 260.5019836425781
-1271.326904296875 -240.8439483642578 260.5887451171875
-1270.6646728515625 -240.14572143554688 260.6746520996094
-1269.9146728515625 -239.55699157714844 260.8802795410156
-1269.431640625 -238.66574096679688 260.9719543457031
-1268.9261474609375 -238.13275146484375 261.6308898925781
-1268.537353515625 -237.41270446777344 262.23529052734375
-1268.0535888671875 -237.2658538818359 263.0516357421875
-1267.9698486328125 -237.48353576660156 264.0546569824219
-1267.93310546875 -238.14291381835935 264.7692565917969
-1268.03759765625 -239.0171356201172 265.2481384277344
-1268.382080078125 -239.892333984375 265.615966796875
-1268.4844970703125 -240.87937927246097 265.4927978515625
-1268.566162109375 -241.8489532470703 265.42333984375
-1268.8060302734375 -242.7804718017578 265.6252746582031
-1268.85302734375 -243.796142578125 265.4308166503906
-1269.2213134765625 -244.6879119873047 265.54925537109375
-1269.1844482421875 -245.6921234130859 265.68890380859375
-1269.303955078125 -246.70248413085935 265.6860656738281
-1269.58642578125 -247.65768432617188 265.7641906738281
-1269.746826171875 -248.59710693359375 266.024169921875
-1270.0767822265625 -249.54437255859375 266.1954650878906
-1270.31884765625 -250.4701385498047 266.0968017578125
-1270.164794921875 -251.43006896972656 265.8290100097656
-1270.00048828125 -252.37017822265625 265.5474853515625
-1269.925048828125 -253.36317443847656 265.35906982421875
-1269.964111328125 -254.3612823486328 265.4895324707031
-1269.9295654296875 -255.34674072265625 265.5434875488281
-1269.9208984375 -256.2874450683594 265.2071838378906
-1269.9573974609375 -257.266845703125 265.0240783691406
-1269.955810546875 -258.255615234375 265.1749572753906
-1269.775146484375 -259.253662109375 265.14111328125
-1269.8726806640625 -260.2610778808594 265.1020202636719
-1270.1312255859375 -261.2170104980469 265.0283508300781
-1270.1861572265625 -262.2355041503906 265.05181884765625
-1270.168212890625 -263.19952392578125 265.3290100097656
-1269.9044189453125 -264.1872253417969 265.2364807128906
-1269.808349609375 -265.1690673828125 265.4934997558594
-1269.927978515625 -266.14239501953125 265.4661865234375
-1269.9573974609375 -267.14556884765625 265.5107116699219
-1269.9888916015625 -268.1333312988281 265.41436767578125
-1269.9254150390625 -269.08123779296875 265.5070495605469
-1270.05859375 -269.97760009765625 265.91455078125
-1269.98876953125 -270.9335632324219 266.06304931640625
-1270.044677734375 -271.9165954589844 266.0013427734375
-1269.8980712890625 -272.892578125 266.0056457519531
-1270.1424560546875 -273.8659362792969 265.83563232421875
-1270.0760498046875 -274.8236999511719 265.7499084472656
-1270.047119140625 -275.7832336425781 265.80242919921875
-1270.0791015625 -276.76947021484375 266.0957946777344
-1270.1937255859375 -277.76666259765625 266.1213073730469
-1270.272705078125 -278.64031982421875 266.546142578125
-1275.253662109375 -245.7434539794922 257.9501647949219
-1275.98974609375 -246.06153869628903 257.92889404296875
-1277.083984375 -246.5602264404297 258.1683044433594
-1278.114013671875 -247.16004943847656 258.4007568359375
-1278.621337890625 -247.48733520507812 258.6995544433594
-1278.621337890625 -247.48733520507812 258.6995544433594
-1279.903564453125 -248.4186553955078 258.1705322265625
-1280.7066650390625 -248.9981689453125 257.9851989746094
-1281.6058349609375 -249.45066833496097 257.8497009277344
-1282.44287109375 -250.01541137695312 257.90576171875
-1283.0577392578125 -250.7367706298828 258.2590637207031
-1283.8330078125 -251.39138793945312 258.3707275390625
-1284.5408935546875 -251.9898223876953 258.7319641113281
-1285.261474609375 -252.6975250244141 258.78887939453125
-1285.9295654296875 -253.41436767578125 259.0818786621094
-1286.521240234375 -254.21437072753903 259.1536560058594
-1287.070556640625 -254.97999572753903 259.49273681640625
-1287.5167236328125 -255.803466796875 259.8742370605469
-1288.1279296875 -256.5413818359375 260.1938781738281
-1288.4478759765625 -257.3792724609375 260.6557312011719
-1288.9429931640625 -258.2613830566406 260.8365173339844
-1289.345947265625 -259.0661926269531 261.1684265136719
-1289.92333984375 -259.9107666015625 261.0478210449219
-1290.313720703125 -260.7741394042969 261.42047119140625
-1290.7769775390625 -261.66229248046875 261.5035705566406
-1291.246337890625 -262.52447509765625 261.75750732421875
-1291.494873046875 -263.50604248046875 261.7753601074219
-1291.7266845703125 -264.4740905761719 261.9529724121094
-1292.166015625 -265.3749694824219 262.1460266113281
-1292.57373046875 -266.2536315917969 262.4107971191406
-1293.0172119140625 -267.1633605957031 262.5028381347656
-1293.3895263671875 -268.09881591796875 262.6654052734375
-1293.77197265625 -268.9933166503906 262.93505859375
-1294.3289794921875 -269.84735107421875 263.0211181640625
-1294.7435302734375 -270.74224853515625 263.23046875
-1295.0732421875 -271.686767578125 263.3788757324219
-1295.463623046875 -272.5892028808594 263.63787841796875
-1295.8907470703125 -273.4845275878906 263.8633728027344
-1296.1424560546875 -274.4314880371094 264.1202697753906
-1296.483642578125 -275.350341796875 264.3761291503906
-1297.0196533203125 -276.2126159667969 264.44952392578125
-1297.4971923828125 -277.0856628417969 264.4992980957031
-1278.621337890625 -247.48733520507812 258.6995544433594
-1279.0648193359375 -247.69537353515625 259.92388916015625
-1279.6688232421875 -248.0672149658203 260.7645263671875
-1279.8878173828125 -248.7384490966797 261.40093994140625
-1280.1177978515625 -249.62998962402344 261.8338928222656
-1280.4166259765625 -250.5909881591797 261.9512023925781
-1280.700927734375 -251.5189208984375 261.83135986328125
-1280.9412841796875 -252.48533630371097 261.8308410644531
-1281.44921875 -253.3252410888672 261.7535705566406
-1281.8021240234375 -254.2965545654297 261.8768310546875
-1282.2794189453125 -255.1714630126953 261.8038330078125
-1282.6142578125 -256.109619140625 261.67205810546875
-1283.054931640625 -257.01861572265625 261.4643859863281
-1283.3472900390625 -257.9749450683594 261.4135437011719
-1283.6226806640625 -258.93182373046875 261.2851257324219
-1283.8995361328125 -259.8966064453125 261.1989440917969
-1284.22998046875 -260.83203125 261.04803466796875
-1284.5859375 -261.7480163574219 260.7884521484375
-1284.780517578125 -262.7372741699219 260.7070617675781
-1284.9842529296875 -263.7283020019531 260.70416259765625
-1285.1075439453125 -264.713134765625 260.52947998046875
-1285.2662353515625 -265.6950988769531 260.6978454589844
-1285.467529296875 -266.6793518066406 260.8088073730469
-1285.6502685546875 -267.65966796875 260.62860107421875
-1285.9130859375 -268.633544921875 260.4947509765625
-1285.9058837890625 -269.6268310546875 260.4896545410156
-1286.1029052734375 -270.63629150390625 260.5484924316406
-1286.2012939453125 -271.6031799316406 260.8127746582031
-1286.1773681640625 -272.6246337890625 260.8476257324219
-1286.1998291015625 -273.5950927734375 260.9863586425781
-1286.2548828125 -274.5430908203125 261.3214416503906
-1286.322998046875 -275.5487060546875 261.3638610839844
-1286.275634765625 -276.5619812011719 261.1879577636719
-1286.3109130859375 -277.547607421875 261.3848876953125
-1286.3154296875 -278.5562744140625 261.4701232910156
-1286.3310546875 -279.53643798828125 261.400390625
-1297.003173828125 -222.00326538085935 259.982421875
-1295.99658203125 -224.2803649902344 260.0142517089844
-1295.697021484375 -225.21641540527344 260.0980224609375
-1295.3673095703125 -226.14505004882812 259.9190368652344
-1294.9385986328125 -227.02920532226565 259.7021484375
-1294.6895751953125 -227.9849090576172 259.66943359375
-1294.759521484375 -228.9585876464844 259.7583923339844
-1294.2786865234375 -229.78842163085935 260.0397033691406
-1294.114013671875 -230.48382568359375 260.7311096191406
-1293.8592529296875 -231.09584045410156 261.50030517578125
-1293.565673828125 -231.9463806152344 261.9296875
-1293.246826171875 -232.61956787109375 262.56842041015625
-1292.7823486328125 -233.3475341796875 263.0708923339844
-1292.2623291015625 -233.93673706054688 263.66717529296875
-1291.801025390625 -234.63308715820312 264.1954650878906
-1291.3309326171875 -235.36912536621097 264.6401672363281
-1290.7445068359375 -236.0225067138672 265.10186767578125
-1290.18115234375 -236.7469940185547 265.5078430175781
-1289.5723876953125 -237.3416748046875 266.0471496582031
-1289.0257568359375 -238.1279296875 266.3963317871094
-1288.3565673828125 -238.71524047851565 266.8500061035156
-1287.833984375 -239.5316925048828 267.1531066894531
-1287.3031005859375 -240.3337554931641 267.0419006347656
-1286.879638671875 -241.2399444580078 266.9952697753906
-1286.68115234375 -242.2004547119141 266.7159423828125
-1286.26513671875 -243.08547973632812 266.80743408203125
-1285.851318359375 -243.97308349609375 266.6010437011719
-1285.8155517578125 -244.95252990722656 266.7386169433594
-1285.8089599609375 -245.93289184570312 267.0669250488281
-1285.633544921875 -246.8963165283203 267.0820617675781
-1285.6885986328125 -247.8556976318359 266.9871520996094
-1285.790283203125 -248.85626220703125 267.0186767578125
-1285.91650390625 -249.7713623046875 267.4088439941406
-1286.174560546875 -250.71429443359375 267.64373779296875
-1286.5147705078125 -251.4595489501953 268.2227478027344
-1286.8349609375 -252.4043426513672 268.4163818359375
-1286.86962890625 -253.26126098632812 268.9040222167969
-1286.9967041015625 -254.1036834716797 269.3836669921875
-1287.0574951171875 -255.04714965820312 269.7093505859375
-1287.0299072265625 -255.93409729003903 270.1372375488281
-1287.188232421875 -256.9674377441406 270.0133972167969
-1287.1337890625 -257.8916931152344 270.2971496582031
-1287.1236572265625 -258.8677978515625 270.5714111328125
-1287.193359375 -259.8296203613281 270.7340087890625
-1287.189697265625 -260.8131103515625 270.6568298339844
-1287.0960693359375 -261.7410888671875 271.0403137207031
-1286.94775390625 -262.740966796875 271.1403503417969
-1287.290771484375 -263.6540222167969 271.30242919921875
-1287.4447021484375 -264.6341857910156 271.2149658203125
-1287.4794921875 -265.63507080078125 271.21563720703125
-1287.54296875 -266.60675048828125 271.4391784667969
-1287.706787109375 -267.5611572265625 271.6333923339844
-1287.9884033203125 -268.4478454589844 271.9825134277344
-1288.0057373046875 -269.390869140625 272.3295593261719
-1288.2166748046875 -270.2586364746094 272.7798156738281
-1288.4468994140625 -271.14849853515625 273.2368469238281
-1288.5701904296875 -272.1260070800781 273.1235656738281
-1288.4686279296875 -273.06170654296875 272.6673278808594
-1288.4080810546875 -274.02874755859375 272.6318664550781
-1288.38818359375 -275.0296630859375 272.46246337890625
-1288.4649658203125 -276.015625 272.4606628417969
-1288.578369140625 -276.97930908203125 272.5196533203125
-1288.520751953125 -277.967529296875 272.4434814453125
-1288.9097900390625 -278.8926696777344 272.4515380859375
-1289.1806640625 -279.8160400390625 272.481689453125
-1094.69091796875 -251.0709228515625 235.82452392578125
-1098.593505859375 -251.36541748046875 237.7577362060547
-1099.541015625 -251.53285217285156 238.03269958496097
-1100.4954833984375 -251.66307067871097 238.2895965576172
-1101.383056640625 -251.6270446777344 238.7509307861328
-1102.28271484375 -251.6959686279297 239.19577026367188
-1103.20751953125 -251.7898406982422 239.56179809570312
-1104.1317138671875 -251.6879425048828 239.92694091796875
-1105.0638427734375 -251.7415771484375 240.2884979248047
-1105.9837646484375 -251.8019866943359 240.6839599609375
-1106.889892578125 -251.76429748535156 241.10662841796875
-1107.8282470703125 -251.87693786621097 241.44839477539065
-1108.764404296875 -251.9954833984375 241.79019165039065
-1109.7227783203125 -251.90370178222656 242.0378875732422
-1110.683837890625 -251.8875274658203 242.32861328125
-1111.642578125 -251.7860565185547 242.61029052734375
-1112.62744140625 -251.659912109375 242.7418975830078
-1113.625244140625 -251.7729949951172 242.90188598632812
-1114.578857421875 -251.91102600097656 243.1936187744141
-1115.497314453125 -251.59396362304688 243.36257934570312
-1116.483642578125 -251.5441131591797 243.6002655029297
-1117.4447021484375 -251.22560119628903 243.7149200439453
-1118.3978271484375 -251.3006591796875 243.9872589111328
-1119.388916015625 -251.2313232421875 244.0865478515625
-1120.367919921875 -251.17959594726565 244.3312835693359
-1121.292724609375 -250.89654541015625 244.5787811279297
-1122.276123046875 -250.7569580078125 244.702392578125
-1123.253662109375 -250.62814331054688 244.79827880859375
-1124.2344970703125 -250.4766540527344 244.87271118164065
-1125.2373046875 -250.45108032226565 244.91656494140625
-1126.2169189453125 -250.614990234375 245.00421142578125
-1127.2037353515625 -250.6861572265625 245.1470947265625
-1128.174560546875 -250.8191375732422 245.2863922119141
-1129.128173828125 -250.54083251953125 245.4097595214844
-1130.099365234375 -250.5508575439453 245.61178588867188
-1131.0675048828125 -250.3953094482422 245.41419982910156
-1132.064208984375 -250.3016357421875 245.4371032714844
-1133.04931640625 -250.22276306152344 245.51901245117188
-1134.049072265625 -250.2498016357422 245.41604614257812
-1135.04150390625 -250.30088806152344 245.5760040283203
-1136.036376953125 -250.21627807617188 245.60189819335935
-1137.0103759765625 -250.00823974609375 245.6891326904297
-1138.0093994140625 -249.9405059814453 245.66552734375
-1139.0008544921875 -249.7915802001953 245.632568359375
-1139.987548828125 -249.6174468994141 245.6451416015625
-1140.988525390625 -249.58871459960935 245.69131469726565
-1141.97216796875 -249.56179809570312 245.64686584472656
-1142.9635009765625 -249.66661071777344 245.68844604492188
-1143.958984375 -249.6724395751953 245.61070251464844
-1144.9576416015625 -249.6359405517578 245.5196990966797
-1145.9530029296875 -249.5272674560547 245.54339599609375
-1146.9476318359375 -249.4492950439453 245.60940551757812
-1147.9451904296875 -249.32081604003903 245.54896545410156
-1148.9300537109375 -249.24655151367188 245.3805389404297
-1149.927490234375 -249.2404632568359 245.32281494140625
-1150.905517578125 -249.00082397460935 245.2735595703125
-1151.885009765625 -248.83322143554688 245.2189788818359
-1152.8734130859375 -248.71319580078125 245.13034057617188
-1153.86865234375 -248.67764282226565 245.08590698242188
-1154.8658447265625 -248.57879638671875 245.0247344970703
-1155.8658447265625 -248.57728576660156 244.9604949951172
-1156.8642578125 -248.64125061035156 245.01821899414065
-1157.86767578125 -248.6354827880859 244.9849548339844
-1158.8626708984375 -248.65318298339844 244.87881469726565
-1159.8309326171875 -248.46554565429688 244.67282104492188
-1160.7962646484375 -248.3092041015625 244.45431518554688
-1161.7861328125 -248.18621826171875 244.41050720214844
-1162.764892578125 -248.03236389160156 244.52682495117188
-1163.762451171875 -247.9400329589844 244.42672729492188
-1164.7489013671875 -247.9265289306641 244.2923583984375
-1165.7476806640625 -247.90890502929688 244.2244873046875
-1166.7313232421875 -248.0909118652344 244.1184844970703
-1167.705810546875 -247.98992919921875 243.96942138671875
-1168.7069091796875 -247.96243286132812 243.9553985595703
-1169.7047119140625 -247.9388427734375 243.89195251464844
-1170.6656494140625 -247.7176513671875 243.73471069335935
-1171.6563720703125 -247.6033172607422 243.64309692382812
-1172.62841796875 -247.46340942382812 243.44789123535156
-1173.63525390625 -247.45318603515625 243.41551208496097
-1174.6021728515625 -247.49424743652344 243.1959228515625
-1175.5482177734375 -247.45860290527344 242.8819580078125
-1176.4998779296875 -247.45462036132812 242.62974548339844
-1177.514404296875 -247.364990234375 242.5914764404297
-1178.4609375 -247.4249267578125 242.2974090576172
-1179.4332275390625 -247.3346710205078 242.0913848876953
-1180.397705078125 -247.43594360351565 241.91615295410156
-1181.379638671875 -247.4122314453125 241.7381134033203
-1182.3585205078125 -247.34255981445312 241.6250457763672
-1183.2979736328125 -247.0740509033203 241.4076690673828
-1184.24365234375 -247.02420043945312 241.1321258544922
-1185.1793212890625 -246.9901885986328 240.82212829589844
-1186.1573486328125 -246.85421752929688 240.658447265625
-1187.0975341796875 -246.68240356445312 240.37713623046875
-1188.020263671875 -246.69363403320312 239.99525451660156
-1188.9803466796875 -246.7028656005859 239.7368927001953
-1189.9434814453125 -246.6294708251953 239.53262329101565
-1190.9400634765625 -246.54653930664065 239.46470642089844
-1191.8748779296875 -246.4011993408203 239.14730834960935
-1192.8070068359375 -246.33641052246097 238.81358337402344
-1193.7657470703125 -246.16246032714844 238.58534240722656
-1194.7069091796875 -245.83059692382812 238.4842987060547
-1195.6322021484375 -245.6848907470703 238.15785217285156
-1196.5611572265625 -245.5422210693359 237.81829833984375
-1197.5133056640625 -245.47694396972656 237.5474548339844
-1198.41748046875 -245.4748382568359 237.1336669921875
-1199.3841552734375 -245.34967041015625 236.9275360107422
-1200.34375 -245.44203186035156 236.68399047851565
-1201.293212890625 -245.2326812744141 236.4051513671875
-1202.2332763671875 -244.8619384765625 236.42591857910156
-1203.1650390625 -244.6965179443359 236.17007446289065
-1204.11279296875 -244.5463409423828 235.886474609375
-1205.09912109375 -244.6046142578125 235.67987060546875
-1206.041015625 -244.51486206054688 235.3659820556641
-1207.0506591796875 -244.5580291748047 235.43548583984375
-1208.0552978515625 -244.5552520751953 235.4660491943359
-1209.0687255859375 -244.3390350341797 235.58248901367188
-1210.00048828125 -244.61805725097656 235.4122009277344
-1210.9794921875 -244.8140869140625 235.45025634765625
-1211.95458984375 -245.00946044921875 235.58096313476565
-1212.915283203125 -245.24752807617188 235.71421813964844
-1213.8955078125 -245.3225860595703 235.89614868164065
-1214.8602294921875 -245.37045288085935 236.1508331298828
-1215.7735595703125 -245.7014617919922 236.3728179931641
-1216.7408447265625 -245.920166015625 236.53762817382812
-1217.6925048828125 -246.18338012695312 236.62771606445312
-1218.66162109375 -246.42381286621097 236.63177490234375
-1219.6285400390625 -246.53521728515625 236.60630798339844
-1220.630615234375 -246.57513427734375 236.61550903320312
-1221.6201171875 -246.4688720703125 236.5078125
-1222.5697021484375 -246.6038818359375 236.2892913818359
-1223.57470703125 -246.6522979736328 236.2564239501953
-1224.4752197265625 -246.78091430664065 235.87420654296875
-1225.4063720703125 -246.82322692871097 235.5368499755859
-1226.394775390625 -246.6905517578125 235.4138641357422
-1227.37841796875 -246.7986297607422 235.29339599609375
-1228.3612060546875 -246.6673583984375 235.25010681152344
-1229.2315673828125 -246.38052368164065 234.82469177246097
-1230.1744384765625 -246.1363983154297 234.6515655517578
-1231.103759765625 -245.76268005371097 234.51251220703125
-1232.083984375 -245.5837249755859 234.46827697753903
-1233.0419921875 -245.30987548828125 234.3833770751953
-1234.026611328125 -245.14161682128903 234.5030517578125
-1234.9893798828125 -244.90261840820312 234.59564208984375
-1235.9427490234375 -244.7816619873047 234.8706512451172
-1236.8486328125 -244.38804626464844 235.10906982421875
-1237.8126220703125 -244.3627166748047 235.36392211914065
-1238.7281494140625 -244.1061553955078 235.66323852539065
-1239.648681640625 -243.96908569335935 235.99725341796875
-1240.4764404296875 -243.97824096679688 236.5727996826172
-1241.19775390625 -243.71937561035156 237.2176055908203
-1241.7801513671875 -243.66798400878903 238.00987243652344
-1242.291259765625 -243.71087646484375 238.88145446777344
-1242.4879150390625 -243.54454040527344 239.82791137695312
-1242.4095458984375 -243.34811401367188 240.7908172607422
-1242.103515625 -242.8366241455078 241.59927368164065
-1241.757568359375 -242.3960723876953 242.4084930419922
-1241.2244873046875 -241.87591552734375 243.07313537597656
-1240.727294921875 -241.14361572265625 243.56446838378903
-1240.3079833984375 -240.36453247070312 244.0094757080078
-1240.20947265625 -239.5042266845703 244.46075439453125
-1240.2119140625 -238.4816741943359 244.5644989013672
-1240.5020751953125 -237.5426025390625 244.73013305664065
-1240.8505859375 -236.6248321533203 244.6099090576172
-1241.276123046875 -235.7657012939453 244.36575317382812
-1241.7939453125 -234.92788696289065 244.3582763671875
-1242.3193359375 -234.0982666015625 244.58692932128903
-1242.8515625 -233.3099365234375 244.8891143798828
-1243.4583740234375 -232.5503387451172 245.04244995117188
-1244.306640625 -232.13140869140625 245.29229736328125
-1245.20458984375 -231.58978271484375 245.51107788085935
-1246.1317138671875 -231.64540100097656 245.7468414306641
-1247.0447998046875 -231.33624267578125 246.1602478027344
-1248.0198974609375 -231.22232055664065 246.33338928222656
-1248.9947509765625 -231.2058868408203 246.5070343017578
-1249.9268798828125 -231.19171142578125 246.87826538085935
-1250.9122314453125 -231.30157470703125 247.0589141845703
-1251.859375 -231.4269561767578 246.93783569335935
-1252.8375244140625 -231.44349670410156 246.66229248046875
-1253.4783935546875 -231.4854431152344 245.9004821777344
-1254.1907958984375 -231.6245880126953 245.22018432617188
-1254.9766845703125 -231.83981323242188 244.630615234375
-1255.817138671875 -232.18191528320312 244.21568298339844
-1256.7254638671875 -232.59048461914065 244.2490234375
-1257.4359130859375 -233.19764709472656 244.18589782714844
-1258.1475830078125 -233.92715454101565 244.38104248046875
-1258.999267578125 -234.31019592285156 244.03591918945312
-1259.8824462890625 -234.53216552734375 243.62779235839844
-1260.6468505859375 -234.95375061035156 243.1854705810547
-1261.2576904296875 -235.62091064453125 242.77505493164065
-1261.6849365234375 -236.50791931152344 242.59031677246097
-1262.0826416015625 -237.3159637451172 242.1949157714844
-1262.23583984375 -238.2648773193359 241.94232177734375
-1262.1732177734375 -239.26397705078125 241.96583557128903
-1262.55078125 -240.17393493652344 241.75311279296875
-1262.6871337890625 -241.118408203125 241.62498474121097
-1263.0712890625 -242.04693603515625 241.5722198486328
-1263.3214111328125 -242.99937438964844 241.6045684814453
-1263.461181640625 -243.9758758544922 241.4636077880859
-1263.856201171875 -244.85940551757812 241.2154235839844
-1264.0806884765625 -245.8113555908203 241.4532928466797
-1264.462890625 -246.72836303710935 241.50010681152344
-1264.712158203125 -247.67054748535156 241.246337890625
-1265.0380859375 -248.60939025878903 241.293212890625
-1265.227783203125 -249.5862274169922 241.21334838867188
-1265.3411865234375 -250.5624542236328 241.41697692871097
-1265.5926513671875 -251.53903198242188 241.37127685546875
-1265.6951904296875 -252.52879333496097 241.2439117431641
-1265.89892578125 -253.4654235839844 240.94305419921875
-1266.1962890625 -254.40774536132812 240.78114318847656
-1266.348876953125 -255.3664093017578 240.5287322998047
-1266.5927734375 -256.3167419433594 240.62745666503903
-1266.6461181640625 -257.31732177734375 240.55804443359375
-1266.89892578125 -258.2702941894531 240.6331024169922
-1267.00244140625 -259.2618408203125 240.70706176757812
-1267.1334228515625 -260.2402038574219 240.5352478027344
-1267.3123779296875 -261.21282958984375 240.4270477294922
-1267.693359375 -262.1351013183594 240.38323974609375
-1267.9681396484375 -263.0896911621094 240.26353454589844
-1268.195556640625 -264.0523681640625 240.2999267578125
-1268.428955078125 -265.0118408203125 240.34326171875
-1268.6053466796875 -265.986572265625 240.2644805908203
-1268.9100341796875 -266.9388732910156 240.1700134277344
-1269.1002197265625 -267.8878479003906 239.91033935546875
-1268.969970703125 -268.8733825683594 240.1012420654297
-1269.033203125 -269.85528564453125 239.99522399902344
-1269.182861328125 -270.85113525390625 239.9161834716797
-1269.5091552734375 -271.7330322265625 239.7721405029297
-1269.5634765625 -272.71826171875 239.89566040039065
-1269.6502685546875 -273.6815490722656 240.0005340576172
-1269.9334716796875 -274.647705078125 239.89764404296875
-1270.134521484375 -275.59765625 240.0549468994141
-1270.4703369140625 -276.529052734375 239.9737548828125
-1270.51318359375 -277.501220703125 239.71083068847656
-1270.8309326171875 -278.4208984375 239.5215301513672
-1296.754638671875 -222.6311492919922 241.46664428710935
-1295.7587890625 -224.8355712890625 241.9955291748047
-1295.2052001953125 -225.663818359375 242.3605804443359
-1294.6015625 -226.48052978515625 242.63038635253903
-1294.34521484375 -227.38279724121097 243.20753479003903
-1294.0257568359375 -228.2580413818359 243.70005798339844
-1293.722900390625 -229.14486694335935 244.1864776611328
-1293.6026611328125 -230.11488342285156 244.53497314453125
-1293.3699951171875 -230.80206298828125 244.84925842285156
-1293.3699951171875 -230.80206298828125 244.84925842285156
-1293.3858642578125 -231.0167694091797 246.08523559570312
-1292.818603515625 -231.0122528076172 246.91456604003903
-1292.1580810546875 -231.20449829101565 247.6195831298828
-1291.6585693359375 -231.2868194580078 248.51470947265625
-1291.2015380859375 -231.4678192138672 249.38050842285156
-1290.3458251953125 -231.30828857421875 249.82797241210935
-1289.432373046875 -231.42108154296875 250.2473602294922
-1288.6566162109375 -231.28500366210935 250.76661682128903
-1287.820068359375 -230.99264526367188 250.99234008789065
-1286.8712158203125 -230.774169921875 251.23439025878903
-1285.69384765625 -230.73187255859375 251.3439483642578
-1284.7255859375 -230.60464477539065 251.4514617919922
-1283.7559814453125 -230.49647521972656 251.63494873046875
-1282.780029296875 -230.42562866210935 251.84632873535156
-1281.8212890625 -230.21804809570312 252.0200958251953
-1280.831787109375 -230.24354553222656 252.2097625732422
-1279.8726806640625 -230.00831604003903 252.3160858154297
-1278.8939208984375 -229.81381225585935 252.39309692382812
-1277.9144287109375 -229.71221923828125 252.51817321777344
-1276.9229736328125 -229.6121063232422 252.59866333007812
-1275.9561767578125 -229.55548095703125 252.83729553222656
-1274.9671630859375 -229.4367218017578 252.94972229003903
-1274.0106201171875 -229.39247131347656 252.7059326171875
-1273.040771484375 -229.62893676757812 252.531982421875
-1272.154296875 -229.5435028076172 252.07516479492188
-1271.379638671875 -229.63377380371097 251.4274139404297
-1270.7880859375 -230.15646362304688 250.8311004638672
-1270.274658203125 -230.3693084716797 250.02081298828125
-1270.0850830078125 -230.85240173339844 249.196044921875
-1269.975830078125 -231.3370361328125 248.32908630371097
-1270.0506591796875 -231.8289794921875 247.49774169921875
-1270.3314208984375 -232.36648559570312 246.71304321289065
-1270.6102294921875 -233.06739807128903 246.20242309570312
-1271.1298828125 -233.56524658203125 245.51597595214844
-1271.3829345703125 -234.0253143310547 244.6867218017578
-1271.72314453125 -234.5413055419922 243.95452880859375
-1271.902099609375 -234.95132446289065 243.04937744140625
-1271.808349609375 -235.2701873779297 242.13636779785156
-1272.36962890625 -235.22657775878903 241.2961578369141
-1272.0096435546875 -235.0770721435547 240.38623046875
-1272.0826416015625 -235.03189086914065 239.4523162841797
-1272.024169921875 -234.99624633789065 238.4303436279297
-1271.5194091796875 -234.88807678222656 237.58865356445312
-1270.90771484375 -234.9846954345703 236.80166625976565
-1270.159423828125 -234.9552459716797 236.1524658203125
-1269.51708984375 -235.0309295654297 235.40293884277344
-1268.9107666015625 -234.98667907714844 234.67103576660156
-1268.4654541015625 -234.95741271972656 233.77261352539065
-1268.03955078125 -234.9556427001953 232.9289398193359
-1267.8841552734375 -235.1865692138672 231.9669647216797
-1267.8602294921875 -235.43414306640625 231.0716552734375
-1267.9176025390625 -235.96316528320312 230.2300720214844
-1268.2030029296875 -236.6898956298828 229.6139373779297
-1268.76220703125 -237.44932556152344 229.30699157714844
-1269.1474609375 -238.32003784179688 229.07901000976565
-1269.68408203125 -239.16983032226565 229.25523376464844
-1270.28564453125 -239.90721130371097 229.4459686279297
-1270.6865234375 -240.74777221679688 229.76284790039065
-1271.1424560546875 -241.5808868408203 230.0937957763672
-1271.7216796875 -242.31610107421875 230.43011474609375
-1272.133056640625 -243.17530822753903 230.75132751464844
-1272.7042236328125 -243.95472717285156 230.9893798828125
-1273.09228515625 -244.7996368408203 231.35501098632812
-1273.5013427734375 -245.6399688720703 231.6471710205078
-1274.06689453125 -246.3918304443359 232.00477600097656
-1274.571533203125 -247.19236755371097 232.30160522460935
-1275.1312255859375 -247.99929809570312 232.5842437744141
-1275.76513671875 -248.602294921875 232.96617126464844
-1276.0396728515625 -249.5940399169922 233.2294158935547
-1276.4920654296875 -250.4094390869141 233.49801635742188
-1276.9281005859375 -251.2505340576172 233.8195037841797
-1277.2916259765625 -252.07647705078125 234.22328186035156
-1277.641845703125 -252.9739227294922 234.51315307617188
-1278.0135498046875 -253.82736206054688 234.8472442626953
-1278.399658203125 -254.6553955078125 235.21180725097656
-1278.879150390625 -255.51283264160156 235.3830413818359
-1279.2412109375 -256.4110107421875 235.511474609375
-1279.659423828125 -257.3046875 235.6617431640625
-1280.013427734375 -258.2288513183594 235.799560546875
-1280.3048095703125 -259.155029296875 236.02642822265625
-1280.76708984375 -260.0009765625 236.2929229736328
-1281.0902099609375 -260.9535827636719 236.37750244140625
-1281.4471435546875 -261.8210754394531 236.70965576171875
-1281.7969970703125 -262.7202453613281 236.95285034179688
-1282.20166015625 -263.5859375 237.2438201904297
-1282.5150146484375 -264.4677429199219 237.5998077392578
-1282.825439453125 -265.413330078125 237.66439819335935
-1283.07568359375 -266.2991638183594 238.08367919921875
-1283.3685302734375 -267.2449951171875 238.1030731201172
-1283.6778564453125 -268.15850830078125 238.35630798339844
-1284.0672607421875 -269.0611877441406 238.53988647460935
-1284.4111328125 -269.92071533203125 238.85987854003903
-1284.6302490234375 -270.92333984375 238.861328125
-1284.8775634765625 -271.8254699707031 239.1676483154297
-1285.1571044921875 -272.7921142578125 239.1236572265625
-1285.512451171875 -273.6839599609375 239.32521057128903
-1285.740234375 -274.65948486328125 239.2527008056641
-1285.873779296875 -275.6273498535156 239.4454803466797
-1286.0008544921875 -276.615966796875 239.5036773681641
-1286.1278076171875 -277.5863342285156 239.377197265625
-1286.1839599609375 -278.58502197265625 239.4460296630859
-1286.1279296875 -279.55963134765625 239.38665771484375
-1293.3699951171875 -230.80206298828125 244.84925842285156
-1292.913330078125 -231.85443115234375 244.0440216064453
-1292.4306640625 -232.5166778564453 243.4938201904297
-1291.9063720703125 -233.2527618408203 243.07305908203125
-1291.211181640625 -233.93943786621097 242.9131622314453
-1290.7138671875 -234.6719512939453 242.4362945556641
-1289.803466796875 -235.0276641845703 242.34242248535156
-1289.0921630859375 -235.736328125 242.08140563964844
-1288.4525146484375 -236.4654083251953 241.96371459960935
-1287.734130859375 -237.16453552246097 241.96041870117188
-1287.243896484375 -237.9704132080078 241.6361083984375
-1286.8109130859375 -238.86471557617188 241.70408630371097
-1286.361328125 -239.7537384033203 241.4405059814453
-1286.2998046875 -240.7184295654297 241.30587768554688
-1286.2998046875 -241.71522521972656 241.23497009277344
-1286.4326171875 -242.7008514404297 241.14451599121097
-1286.75048828125 -243.64662170410156 241.0822906494141
-1287.10693359375 -244.57098388671875 240.92056274414065
-1287.3675537109375 -245.5278778076172 240.90798950195312
-1287.69677734375 -246.45538330078125 241.06150817871097
-1287.5732421875 -247.37255859375 241.40011596679688
-1287.320068359375 -248.13731384277344 241.97866821289065
-1287.032958984375 -248.9397735595703 242.50094604492188
-1286.8619384765625 -249.77853393554688 242.9519805908203
-1286.7760009765625 -250.6124267578125 243.47561645507812
-1286.5811767578125 -251.50624084472656 243.8771514892578
-1286.4266357421875 -252.3659515380859 244.36837768554688
-1286.187744140625 -253.1480712890625 244.91246032714844
-1285.886962890625 -254.04019165039065 245.20101928710935
-1285.6363525390625 -254.85223388671875 245.74671936035156
-1285.6776123046875 -255.80825805664065 246.05226135253903
-1285.75146484375 -256.64251708984375 246.5828094482422
-1285.7314453125 -257.58447265625 246.90834045410156
-1285.79833984375 -258.5428161621094 247.03274536132812
-1285.9847412109375 -259.4983825683594 247.3024749755859
-1286.183349609375 -260.42645263671875 247.49659729003903
-1286.34912109375 -261.3531494140625 247.8848419189453
-1286.2569580078125 -262.3323974609375 247.7959899902344
-1286.1767578125 -263.2865295410156 248.0173492431641
-1286.0745849609375 -264.2146911621094 248.37745666503903
-1286.2138671875 -265.1803894042969 248.54998779296875
-1286.29736328125 -266.10699462890625 248.9102783203125
-1286.2813720703125 -267.1241760253906 248.97691345214844
-1286.24951171875 -268.1156921386719 249.15896606445312
-1286.246337890625 -269.0567932128906 249.4066925048828
-1286.2254638671875 -270.0744323730469 249.35061645507812
-1286.1483154296875 -271.0299072265625 249.4470062255859
-1286.1884765625 -271.9794006347656 249.1377868652344
-1286.314697265625 -272.9391784667969 248.8914031982422
-1286.4736328125 -273.92547607421875 248.9844970703125
-1286.48828125 -274.86431884765625 249.3188018798828
-1286.572998046875 -275.8219909667969 249.65074157714844
-1286.6591796875 -276.78240966796875 249.8414001464844
-1286.78759765625 -277.73895263671875 249.9846343994141
-1286.9315185546875 -278.7133483886719 250.1221618652344
-1287.020751953125 -279.64434814453125 250.39369201660156
-424.61578369140625 -214.77630615234375 207.4321746826172
-421.2392883300781 -215.23764038085935 206.7490234375
-420.2679443359375 -215.5500640869141 206.56027221679688
-419.35992431640625 -215.82211303710935 206.4304351806641
-418.3993835449219 -216.0435333251953 206.257568359375
-417.4922180175781 -216.4582977294922 206.1618499755859
-416.5670471191406 -216.81362915039065 206.0012359619141
-415.6164855957031 -217.06674194335935 205.81961059570312
-414.6429443359375 -217.29815673828125 205.76220703125
-413.7066345214844 -217.61495971679688 205.60743713378903
-412.7920837402344 -217.98178100585935 205.41497802734375
-411.8220825195313 -218.15049743652344 205.2891387939453
-410.9056396484375 -218.57847595214844 205.2425537109375
-409.9427185058594 -218.83924865722656 205.1643829345703
-409.024658203125 -219.21310424804688 205.04183959960935
-408.1499938964844 -219.69796752929688 204.9509429931641
-407.1901550292969 -219.97088623046875 204.8447265625
-406.3265075683594 -220.40982055664065 204.57872009277344
-405.4954833984375 -220.9396820068359 204.38763427734375
-404.6775817871094 -221.4738616943359 204.1725311279297
-403.88031005859375 -221.9993896484375 203.8714599609375
-403.06634521484375 -222.5511932373047 203.66558837890625
-402.2034301757813 -223.04144287109375 203.55628967285156
-401.3163146972656 -223.4971618652344 203.46945190429688
-400.4194641113281 -223.9398193359375 203.50457763671875
-399.498779296875 -224.33753967285156 203.45770263671875
-398.576416015625 -224.70095825195312 203.55218505859375
-397.667236328125 -225.09841918945312 203.37576293945312
-396.7945251464844 -225.58042907714844 203.4174041748047
-395.9096374511719 -226.03456115722656 203.34994506835935
-394.995361328125 -226.40928649902344 203.1924285888672
-394.1251525878906 -226.8020782470703 202.8859100341797
-393.2545166015625 -227.26902770996097 202.727294921875
-392.3987731933594 -227.76840209960935 202.5935211181641
-391.5748901367187 -228.3210906982422 202.64273071289065
-390.7003173828125 -228.82765197753903 202.5693359375
-389.8431396484375 -229.33294677734375 202.5039825439453
-389.010986328125 -229.8961181640625 202.5679931640625
-388.1675720214844 -230.4327087402344 202.4983673095703
-387.33099365234375 -230.98541259765625 202.57684326171875
-386.47698974609375 -231.5011444091797 202.564697265625
-385.6287841796875 -232.01800537109375 202.3990173339844
-384.8224792480469 -232.60462951660156 202.43153381347656
-383.9800720214844 -233.1504364013672 202.3663024902344
-383.1208190917969 -233.66600036621097 202.37258911132812
-382.2093811035156 -234.0689697265625 202.4484100341797
-381.36529541015625 -234.61285400390625 202.42861938476565
-380.5269775390625 -235.16729736328125 202.443359375
-379.6072082519531 -235.55650329589844 202.39443969726565
-378.7359924316406 -236.0337371826172 202.26451110839844
-377.8900146484375 -236.55718994140625 202.1453399658203
-376.97802734375 -236.9562225341797 202.0660095214844
-376.0784912109375 -237.4010467529297 202.02252197265625
-375.1989135742187 -237.8401641845703 201.89662170410156
-374.2217102050781 -238.0945587158203 201.81459045410156
-373.3159484863281 -238.5066680908203 201.69871520996097
-372.3880004882813 -238.85923767089844 201.56700134277344
-371.43072509765625 -239.1488037109375 201.51483154296875
-370.4850158691406 -239.4511260986328 201.40350341796875
-369.5641479492187 -239.78094482421875 201.1898651123047
-368.6517028808594 -240.15997314453125 201.02670288085935
-367.7441101074219 -240.5093688964844 200.79470825195312
-366.8616027832031 -240.8356781005859 200.4509429931641
-365.9432373046875 -241.19960021972656 200.2998962402344
-364.9860229492187 -241.33653259277344 200.03208923339844
-364.01458740234375 -241.48898315429688 199.84466552734375
-363.03717041015625 -241.6902618408203 199.775634765625
-362.1060485839844 -241.91456604003903 199.46551513671875
-361.1554260253906 -242.1564788818359 199.2652282714844
-360.2406005859375 -242.4905548095703 199.02833557128903
-359.28125 -242.74679565429688 198.99964904785156
-358.3028869628906 -242.90130615234375 198.87033081054688
-357.3624572753906 -243.18324279785156 198.6865692138672
-356.41741943359375 -243.41326904296875 198.45413208007812
-355.4863586425781 -243.6696624755859 198.185302734375
-354.5217590332031 -243.8599548339844 198.0134124755859
-353.5701904296875 -244.1027679443359 197.8148193359375
-352.60552978515625 -244.2705078125 197.619873046875
-351.6725769042969 -244.51150512695312 197.33250427246097
-350.74920654296875 -244.74172973632812 197.0265960693359
-349.8014221191406 -245.03109741210935 196.89291381835935
-348.841064453125 -245.22378540039065 196.685791015625
-347.8919677734375 -245.38986206054688 196.4314727783203
-347.0179748535156 -245.8049774169922 196.11924743652344
-346.06170654296875 -245.9092712402344 195.89439392089844
-345.0871276855469 -246.08384704589844 195.74302673339844
-344.06689453125 -246.27540588378903 195.75631713867188
-343.08123779296875 -246.3954315185547 195.65652465820312
-342.1905212402344 -246.54336547851565 195.24008178710935
-341.2444763183594 -246.7486572265625 194.91793823242188
-340.2710266113281 -246.8857879638672 194.80810546875
-339.2836608886719 -247.0005645751953 194.7899932861328
-338.331787109375 -247.2873992919922 194.5860290527344
-337.3780212402344 -247.50772094726565 194.29393005371097
-336.39501953125 -247.6167907714844 194.31716918945312
-335.41412353515625 -247.8259429931641 194.2771453857422
-334.45562744140625 -248.06768798828125 194.17295837402344
-333.5101013183594 -248.2845001220703 193.920654296875
-332.524658203125 -248.2356109619141 193.7961273193359
-331.5558776855469 -248.4004669189453 193.55088806152344
-330.5852966308594 -248.53826904296875 193.3463592529297
-329.6283264160156 -248.7904052734375 193.17535400390625
-328.68621826171875 -249.17955017089844 193.1401824951172
-327.71588134765625 -249.2665557861328 193.3234710693359
-326.75347900390625 -249.5178985595703 193.16607666015625
-325.7915954589844 -249.7121429443359 193.0053253173828
-324.79931640625 -249.82225036621097 193.0305023193359
-323.8143310546875 -249.90074157714844 192.85650634765625
-322.8858642578125 -250.2438507080078 192.64170837402344
-321.9190979003906 -250.48106384277344 192.61817932128903
-320.9602966308594 -250.76287841796875 192.64370727539065
-319.99908447265625 -251.04949951171875 192.59640502929688
-319.0318908691406 -251.222900390625 192.6663055419922
-318.0455322265625 -251.45745849609375 192.57501220703125
-317.0662841796875 -251.53570556640625 192.7584228515625
-316.0859375 -251.70033264160156 192.64317321777344
-315.1028747558594 -251.88540649414065 192.6302490234375
-314.1612854003906 -252.22341918945312 192.63023376464844
-313.1728210449219 -252.3829040527344 192.61460876464844
-312.18292236328125 -252.5191192626953 192.6768798828125
-311.23724365234375 -252.78353881835935 192.8523712158203
-310.2748107910156 -253.0344390869141 192.97157287597656
-309.3338623046875 -253.33102416992188 193.09649658203125
-308.3628234863281 -253.4757537841797 193.3376922607422
-307.3890686035156 -253.6473388671875 193.4698944091797
-306.40936279296875 -253.741943359375 193.62266540527344
-305.4618225097656 -254.0379180908203 193.75254821777344
-304.48846435546875 -254.13465881347656 193.9756774902344
-303.5685119628906 -254.3694305419922 194.3026580810547
-302.62030029296875 -254.6326904296875 194.47894287109375
-301.6735534667969 -254.8731384277344 194.68539428710935
-300.7347717285156 -255.13726806640625 194.91004943847656
-299.8104248046875 -255.41146850585935 195.17904663085935
-298.8282470703125 -255.52847290039065 195.3324737548828
-297.8800964355469 -255.68826293945312 195.61534118652344
-296.99176025390625 -256.0213623046875 195.93348693847656
-296.0940246582031 -256.28143310546875 196.280517578125
-295.1466369628906 -256.4139709472656 196.5623016357422
-294.18951416015625 -256.4457702636719 196.84722900390625
-293.29925537109375 -256.5838623046875 197.2845001220703
-292.3500671386719 -256.8226318359375 197.48191833496097
-291.3854064941406 -256.9921569824219 197.69439697265625
-290.455810546875 -257.2227783203125 197.98068237304688
-289.5055236816406 -257.3777770996094 198.2526092529297
-288.5245666503906 -257.4781188964844 198.3896484375
-287.5596618652344 -257.5934753417969 198.6397399902344
-286.59881591796875 -257.6856689453125 198.88751220703125
-285.629150390625 -257.6944274902344 199.13931274414065
-284.6856994628906 -257.9381103515625 199.3733062744141
-283.726806640625 -258.1528625488281 199.5244140625
-282.7535400390625 -258.36041259765625 199.5989990234375
-281.7799377441406 -258.4687805175781 199.7532501220703
-280.79443359375 -258.3747253417969 199.9686737060547
-279.8249816894531 -258.5188903808594 200.1060333251953
-278.8482971191406 -258.71783447265625 200.1988220214844
-277.879638671875 -258.8930358886719 200.38037109375
-276.91180419921875 -259.08807373046875 200.54666137695312
-275.92816162109375 -259.29473876953125 200.57469177246097
-274.9576110839844 -259.5109558105469 200.6462860107422
-273.9690246582031 -259.5979309082031 200.75527954101565
-272.9845886230469 -259.69598388671875 200.90597534179688
-272.0106201171875 -259.75299072265625 200.79718017578125
-271.01837158203125 -259.8165283203125 200.74441528320312
-270.01763916015625 -259.8083190917969 200.7733917236328
-269.0233459472656 -259.86309814453125 200.85287475585935
-268.03411865234375 -259.9598693847656 200.7942047119141
-267.0521545410156 -260.1441650390625 200.82760620117188
-266.0469055175781 -260.1890869140625 200.9382476806641
-265.08404541015625 -260.4328918457031 200.84097290039065
-264.0864562988281 -260.6231689453125 201.04803466796875
-263.113525390625 -260.6330871582031 200.96485900878903
-262.1219177246094 -260.6816711425781 200.81036376953125
-261.13055419921875 -260.770263671875 200.95863342285156
-260.1286315917969 -260.85723876953125 200.99481201171875
-259.13323974609375 -260.91552734375 201.01205444335935
-258.15460205078125 -261.11907958984375 201.1267547607422
-257.1955871582031 -261.3897705078125 201.0879364013672
-256.20562744140625 -261.4975280761719 201.0517578125
-255.19155883789065 -261.4310302734375 201.1708984375
-254.21336364746097 -261.490966796875 201.0594024658203
-253.20753479003903 -261.4432678222656 201.1326446533203
-252.2193603515625 -261.5253601074219 201.3356781005859
-251.2250518798828 -261.4159240722656 201.3684844970703
-250.249267578125 -261.3019104003906 201.37855529785156
-249.26084899902344 -261.1773376464844 201.45193481445312
-248.2637176513672 -261.1786193847656 201.4026641845703
-247.2725524902344 -261.086181640625 201.40687561035156
-246.30364990234375 -260.9266357421875 201.2242889404297
-245.3171539306641 -261.0469970703125 201.11514282226565
-244.308837890625 -260.9149475097656 201.08580017089844
-243.32534790039065 -260.9639892578125 201.11683654785156
-242.3494415283203 -260.8847351074219 201.33026123046875
-241.35687255859375 -260.7151184082031 201.3052673339844
-240.37380981445312 -260.6226501464844 201.4400177001953
-239.37771606445312 -260.7184143066406 201.426025390625
-238.38633728027344 -260.6189270019531 201.3407440185547
-237.40951538085935 -260.3991394042969 201.30889892578125
-236.4083709716797 -260.4272155761719 201.2731170654297
-235.4065704345703 -260.3489074707031 201.2178497314453
-234.4402008056641 -260.1421203613281 201.11090087890625
-233.45147705078125 -260.01214599609375 201.10890197753903
-232.4508514404297 -259.94085693359375 201.0312042236328
-231.48040771484375 -259.72491455078125 201.05162048339844
-230.4949493408203 -259.600830078125 201.19325256347656
-229.51336669921875 -259.492919921875 201.3409118652344
-228.5754241943359 -259.20452880859375 201.49838256835935
-227.61199951171875 -258.9501647949219 201.42630004882812
-226.62637329101565 -258.7783203125 201.4194793701172
-225.642333984375 -258.6012878417969 201.47933959960935
-224.64599609375 -258.537841796875 201.4368438720703
-223.6544647216797 -258.3962097167969 201.47097778320312
-222.6556396484375 -258.3399963378906 201.4869842529297
-221.6778106689453 -258.1686096191406 201.40359497070312
-220.7219085693359 -257.8945007324219 201.56417846679688
-219.77371215820312 -257.7122802734375 201.7512359619141
-218.80255126953125 -257.5251159667969 201.8869781494141
-217.8240509033203 -257.3104248046875 201.99908447265625
-216.8369140625 -257.2554931640625 202.14996337890625
-215.86849975585935 -257.0964660644531 202.26300048828125
-214.921630859375 -256.76416015625 202.37310791015625
-213.9392547607422 -256.64508056640625 202.50430297851565
-212.9609832763672 -256.45037841796875 202.55349731445312
-211.9767913818359 -256.414306640625 202.5525360107422
-210.9969482421875 -256.2645263671875 202.6726837158203
-210.0115203857422 -256.2310791015625 202.8417205810547
-209.05963134765625 -255.9693298339844 203.00259399414065
-208.0948181152344 -255.74835205078125 203.14401245117188
-207.1241149902344 -255.49444580078125 203.1226348876953
-206.1530609130859 -255.3596954345703 203.31707763671875
-205.16488647460935 -255.2560882568359 203.3415679931641
-204.2121734619141 -255.1067657470703 203.5758056640625
-203.2523651123047 -255.0095977783203 203.82815551757812
-202.28433227539065 -254.81332397460935 204.00291442871097
-201.3108367919922 -254.64447021484375 204.16470336914065
-200.3245391845703 -254.5070343017578 204.26531982421875
-199.36260986328125 -254.3768768310547 204.48011779785156
-198.4009704589844 -254.1478729248047 204.62823486328125
-197.4193115234375 -254.18356323242188 204.77061462402344
-196.4384002685547 -254.00869750976565 204.8673095703125
-195.4558258056641 -253.90086364746097 205.0308380126953
-194.46595764160156 -253.8495635986328 205.1842041015625
-193.49545288085935 -253.65249633789065 205.3071746826172
-192.5170440673828 -253.4530029296875 205.389404296875
-191.5473175048828 -253.25347900390625 205.51806640625
-190.561767578125 -253.09469604492188 205.49557495117188
-189.60910034179688 -252.78675842285156 205.49649047851565
-188.6398162841797 -252.5485076904297 205.5474548339844
-187.57308959960935 -252.3632049560547 205.63780212402344
-186.715087890625 -252.2322998046875 205.80001831054688
-184.89727783203125 -251.882568359375 205.92080688476565
-184.89727783203125 -251.882568359375 205.92080688476565
-182.69955444335935 -253.33624267578125 206.2841033935547
-181.71905517578125 -253.5186004638672 206.2828369140625
-180.7360382080078 -253.64230346679688 206.4466094970703
-179.74005126953125 -253.72393798828125 206.3988494873047
-178.7352752685547 -253.7796173095703 206.43624877929688
-177.76126098632812 -253.93447875976565 206.3039703369141
-176.76466369628906 -254.0024871826172 206.4051513671875
-175.7647705078125 -254.02993774414065 206.43540954589844
-174.7918701171875 -253.96807861328125 206.5924072265625
-173.8095245361328 -254.14028930664065 206.69711303710935
-172.8088836669922 -254.18405151367188 206.7397918701172
-171.82546997070312 -254.217041015625 206.9040374755859
-170.818603515625 -254.19480895996097 206.83511352539065
-169.8334197998047 -254.2161865234375 207.02198791503903
-168.83966064453125 -254.3585968017578 207.0842437744141
-167.8421173095703 -254.42930603027344 207.09066772460935
-166.85592651367188 -254.45985412597656 207.02658081054688
-165.90602111816406 -254.51541137695312 207.32972717285156
-164.90469360351565 -254.50445556640625 207.4263916015625
-163.90802001953125 -254.6298370361328 207.4684600830078
-162.92776489257812 -254.6755828857422 207.66636657714844
-161.92747497558594 -254.81179809570312 207.71295166015625
-160.951171875 -254.8391265869141 207.9084320068359
-159.98619079589844 -255.03517150878903 208.1005401611328
-159.0133056640625 -255.21502685546875 208.26727294921875
-158.02438354492188 -255.33055114746097 208.3824462890625
-157.0296173095703 -255.3656463623047 208.510009765625
-156.03663635253906 -255.31265258789065 208.6304626464844
-155.0553436279297 -255.4177093505859 208.80923461914065
-154.05287170410156 -255.3804931640625 208.83822631835935
-153.06407165527344 -255.48191833496097 208.9833221435547
-152.07032775878906 -255.57420349121097 209.1035919189453
-151.0683135986328 -255.67044067382812 209.09552001953125
-150.08840942382812 -255.4656219482422 209.06459045410156
-149.10227966308594 -255.47560119628903 209.25062561035156
-148.14468383789065 -255.46978759765625 209.56260681152344
-147.1424102783203 -255.492919921875 209.582275390625
-146.16360473632812 -255.5305023193359 209.8053741455078
-145.16661071777344 -255.53526306152344 209.85870361328125
-144.20310974121094 -255.58697509765625 210.13815307617188
-143.220458984375 -255.5377197265625 210.33827209472656
-142.23733520507812 -255.5319976806641 210.5320587158203
-141.2467498779297 -255.45794677734375 210.6903076171875
-140.26641845703125 -255.52365112304688 210.86627197265625
-139.29043579101565 -255.5545654296875 211.07411193847656
-138.3039093017578 -255.65359497070312 211.23475646972656
-137.33351135253906 -255.8230133056641 211.4304656982422
-136.35414123535156 -255.90724182128903 211.62161254882812
-135.36012268066406 -255.90093994140625 211.8063507080078
-134.3896484375 -256.0237731933594 211.74581909179688
-133.41712951660156 -256.18768310546875 211.94371032714844
-132.4183807373047 -256.296630859375 211.99954223632812
-131.45742797851565 -256.4530944824219 212.23028564453125
-130.46665954589844 -256.4139404296875 212.3935089111328
-129.47296142578125 -256.40484619140625 212.52346801757812
-128.53964233398438 -256.519287109375 212.88162231445312
-127.55099487304688 -256.56988525390625 213.04147338867188
-126.56521606445312 -256.70526123046875 213.16900634765625
-125.58991241455078 -256.83978271484375 213.36473083496097
-124.61870574951172 -256.988037109375 213.5130157470703
-123.62435913085938 -256.9638366699219 213.67332458496097
-122.66461181640624 -257.1368408203125 213.9111785888672
-121.68153381347656 -257.2216796875 214.0970916748047
-120.72731018066406 -257.4253234863281 214.34634399414065
-119.73795318603516 -257.4161376953125 214.47108459472656
-118.74292755126952 -257.4273681640625 214.57427978515625
-117.74534606933594 -257.4882507324219 214.64190673828125
-116.73529052734376 -257.51605224609375 214.65982055664065
-115.76839447021484 -257.6334533691406 214.88214111328125
-114.80133819580078 -257.7048034667969 215.07078552246097
-113.81097412109376 -257.8641052246094 215.01925659179688
-112.81607818603516 -257.95404052734375 214.91200256347656
-111.83430480957033 -258.0994567871094 215.0300750732422
-110.83721923828124 -258.2298583984375 215.0910491943359
-109.85807800292967 -258.43914794921875 214.95811462402344
-108.89105224609376 -258.5438537597656 215.13539123535156
-107.9700164794922 -258.7064514160156 215.5205993652344
-107.03953552246094 -258.6383056640625 215.5172576904297
-106.0837173461914 -258.5665588378906 215.24853515625
-105.08866119384766 -258.7012939453125 215.1811065673828
-104.10572052001952 -258.83984375 215.041748046875
-103.1283721923828 -258.9967956542969 214.8849334716797
-102.14956665039064 -259.2004089355469 214.96678161621097
-101.1710205078125 -259.42437744140625 214.9358367919922
-100.1781234741211 -259.4980773925781 214.81484985351565
-99.20713806152344 -259.7044677734375 214.69357299804688
-98.21651458740234 -259.82904052734375 214.591796875
-97.2462387084961 -260.1102600097656 214.5539093017578
-96.22679138183594 -260.1916198730469 214.49107360839844
-95.27140045166016 -259.92059326171875 214.40147399902344
-94.2704086303711 -259.9638977050781 214.4492950439453
-93.26940155029295 -260.0546875 214.3940887451172
-92.30318450927734 -260.2494201660156 214.29132080078125
-91.32144927978516 -260.4166259765625 214.17034912109375
-90.37466430664064 -260.7458801269531 214.10296630859375
-89.37840270996094 -260.8552551269531 214.0830078125
-88.39533233642578 -261.0046081542969 213.97943115234375
-87.40570068359375 -261.1548767089844 214.12081909179688
-86.41926574707031 -261.28729248046875 214.0393829345703
-85.45695495605469 -261.4725341796875 213.92117309570312
-84.48779296875 -261.8056640625 213.9943695068359
-83.53356170654297 -261.9161682128906 213.7272796630859
-82.55220031738281 -262.0723571777344 213.6839599609375
-81.54243469238281 -262.1312561035156 213.6071929931641
-80.6073226928711 -262.1858215332031 213.28961181640625
-79.73394775390625 -262.6636962890625 213.1188507080078
-78.787841796875 -262.9528503417969 213.043212890625
-77.79203796386719 -262.9688720703125 213.1004180908203
-76.7965316772461 -263.1014099121094 212.99435424804688
-75.8058090209961 -263.126953125 212.8844451904297
-74.80559539794922 -263.2196350097656 212.79930114746097
-73.84358215332031 -263.4741516113281 212.68716430664065
-72.89801025390625 -263.655517578125 212.4171142578125
-71.95747375488281 -263.79620361328125 212.13848876953125
-70.93132019042969 -263.9072570800781 212.138916015625
-69.96334838867188 -264.1269836425781 212.00131225585935
-68.984130859375 -264.3011169433594 211.8597412109375
-67.98219299316406 -264.35076904296875 211.8409881591797
-67.01669311523438 -264.5420227050781 211.77825927734375
-66.02366638183594 -264.6121520996094 211.6433563232422
-65.06532287597656 -264.9300842285156 211.6389312744141
-64.07714080810547 -265.056640625 211.6109313964844
-63.082275390625 -264.9459533691406 211.5731964111328
-62.07454299926758 -265.0071716308594 211.5810546875
-61.09899139404297 -265.2170715332031 211.4933624267578
-60.136253356933594 -265.43560791015625 211.44189453125
-59.13101959228515 -265.4154968261719 211.3656768798828
-58.15700912475586 -265.5338439941406 211.1674041748047
-57.18436050415039 -265.7218933105469 211.0188140869141
-56.18717575073242 -265.7585144042969 210.9557647705078
-55.195926666259766 -265.8210144042969 210.83290100097656
-54.20772171020508 -265.8551025390625 210.6301116943359
-53.21026611328125 -265.85009765625 210.568115234375
-52.21287155151367 -265.8624267578125 210.4672393798828
-51.23292922973633 -266.06243896484375 210.3910369873047
-50.26047897338867 -266.1968078613281 210.18161010742188
-49.28032684326172 -266.14215087890625 210.1927032470703
-48.28141784667969 -266.0714416503906 210.1883544921875
-47.28775787353515 -266.0837707519531 210.0824432373047
-46.307743072509766 -266.16571044921875 209.8736267089844
-45.310333251953125 -266.1966552734375 209.7967071533203
-44.34223556518555 -266.0803527832031 209.5646514892578
-43.38575744628906 -266.110107421875 209.2426300048828
-42.401649475097656 -266.15594482421875 209.0109405517578
-41.48626708984375 -265.9438171386719 208.70054626464844
-40.52357864379883 -265.9601135253906 208.3759307861328
-39.58987045288086 -265.8912353515625 208.07943725585935
-38.66542053222656 -265.78900146484375 207.81924438476565
-37.70931243896485 -265.65155029296875 207.55712890625
-36.849143981933594 -265.6606750488281 207.196044921875
-35.49475860595703 -265.62042236328125 206.69650268554688
-35.49475860595703 -265.62042236328125 206.69650268554688
-33.39324951171875 -266.15972900390625 207.59930419921875
-32.42213439941406 -266.0484313964844 207.7484893798828
-31.40009117126465 -266.0525207519531 207.79345703125
-30.38155174255371 -266.1166687011719 207.7551422119141
-29.37489128112793 -266.04443359375 207.99557495117188
-28.364013671875 -266.1031188964844 208.13999938964844
-27.348342895507812 -266.1385498046875 208.0295562744141
-26.32083320617676 -266.1189270019531 208.00521850585935
-25.29888343811035 -266.0841369628906 208.07205200195312
-24.29495429992676 -265.9922790527344 207.89793395996097
-23.310802459716797 -266.0968322753906 207.61131286621097
-22.336231231689453 -266.16265869140625 207.2819366455078
-21.32147979736328 -266.0820007324219 207.20411682128903
-20.313634872436523 -266.01544189453125 207.07489013671875
-19.299470901489254 -265.86358642578125 207.0161590576172
-18.286361694335938 -265.701416015625 206.9684295654297
-17.332704544067383 -265.3221740722656 207.05511474609375
-16.313365936279297 -265.1905822753906 207.06675720214844
-15.287919044494627 -265.12408447265625 207.15318298339844
-14.283642768859863 -265.098876953125 207.00634765625
-13.263006210327148 -265.05194091796875 207.0648956298828
-12.26634693145752 -264.8125305175781 207.1527557373047
-11.242724418640137 -264.7103576660156 207.1791229248047
-10.278093338012695 -264.36480712890625 207.2413024902344
-9.288114547729492 -264.1982116699219 207.44992065429688
-8.293720245361328 -263.9946594238281 207.596435546875
-7.291501998901367 -263.8034362792969 207.6652374267578
-6.266644477844238 -263.8309631347656 207.54666137695312
-5.240253925323486 -263.8219909667969 207.494384765625
-4.228965759277344 -263.9013671875 207.3178253173828
-3.2011120319366455 -263.7846984863281 207.416748046875
-2.237679243087769 -264.05133056640625 207.43008422851565
-35.49475860595703 -265.62042236328125 206.69650268554688
-34.452354431152344 -265.0523681640625 204.81448364257812
-33.639163970947266 -264.8673400878906 204.4382476806641
-32.780517578125 -264.8267517089844 203.6845245361328
-31.958934783935547 -264.76611328125 203.13327026367188
-31.13246726989746 -264.7823791503906 202.52195739746097
-30.251789093017575 -264.6034240722656 202.03695678710935
-29.43484687805176 -264.5041198730469 201.43106079101565
-28.513673782348633 -264.25604248046875 201.05271911621097
-27.634313583374023 -264.0560607910156 200.5803070068359
-26.671533584594727 -263.88275146484375 200.2878875732422
-25.661752700805664 -263.7308349609375 200.1001892089844
-24.7694034576416 -263.4915466308594 199.6744079589844
-23.78521156311035 -263.33203125 199.4728546142578
-22.805912017822266 -263.47442626953125 199.2313690185547
-21.798097610473633 -263.3735656738281 199.04087829589844
-20.82622718811035 -263.1219177246094 198.8513336181641
-19.84440040588379 -263.0073547363281 198.61251831054688
-18.876617431640625 -262.8591003417969 198.32972717285156
-17.895811080932617 -262.5717468261719 198.27310180664065
-16.895368576049805 -262.4424133300781 198.14096069335935
-15.882369041442873 -262.41046142578125 198.03268432617188
-14.870614051818848 -262.393310546875 197.87533569335935
-13.853769302368164 -262.3570251464844 197.84181213378903
-12.874592781066896 -262.3359069824219 197.43060302734375
-11.897032737731934 -262.3319396972656 197.6228485107422
-10.870970726013184 -262.31158447265625 197.5960235595703
-9.852767944335938 -262.26434326171875 197.57261657714844
-8.850394248962402 -262.1068420410156 197.5353851318359
-7.865321159362793 -261.8461608886719 197.41119384765625
-6.847311019897461 -261.7565002441406 197.3757781982422
-5.831568717956543 -261.82720947265625 197.366455078125
-4.8359222412109375 -261.6213684082031 197.4458923339844
-3.820018529891968 -261.51348876953125 197.4431304931641
-2.8077778816223145 -261.4083251953125 197.40049743652344
-184.89727783203125 -251.882568359375 205.92080688476565
-184.0346221923828 -249.8399353027344 205.7501983642578
-183.2932891845703 -249.1489715576172 205.72872924804688
-182.3957366943359 -248.6354827880859 205.7864990234375
-181.6150665283203 -247.98052978515625 205.6817321777344
-180.7227478027344 -247.51284790039065 205.50787353515625
-179.9027099609375 -246.90248107910156 205.64443969726565
-179.02293395996094 -246.38230895996097 205.6890411376953
-178.10394287109375 -245.94053649902344 205.53543090820312
-177.1662139892578 -245.53982543945312 205.59634399414065
-176.2432403564453 -245.1045379638672 205.60585021972656
-175.31390380859375 -244.68251037597656 205.58633422851565
-174.441162109375 -244.1244354248047 205.61033630371097
-173.49746704101565 -243.73226928710935 205.6549835205078
-172.60968017578125 -243.22573852539065 205.70571899414065
-171.76051330566406 -242.6618194580078 205.9011383056641
-170.88157653808594 -242.1713104248047 205.7875213623047
-169.94554138183594 -241.7500762939453 205.8806915283203
-169.014404296875 -241.34483337402344 205.98207092285156
-168.0933380126953 -240.89923095703125 205.91885375976565
-167.1337127685547 -240.54165649414065 205.92898559570312
-166.20387268066406 -240.12889099121097 206.031982421875
-165.2833709716797 -239.6745758056641 206.0051727294922
-164.4120330810547 -239.1385040283203 206.07693481445312
-163.5664825439453 -238.5671844482422 206.1548614501953
-162.64254760742188 -238.12501525878903 206.0855712890625
-161.74688720703125 -237.62550354003903 206.0671234130859
-160.7975616455078 -237.24404907226565 206.0918884277344
-159.89984130859375 -236.76666259765625 206.24172973632812
-158.94972229003906 -236.3951416015625 206.19992065429688
-158.0473175048828 -235.93505859375 206.38124084472656
-157.12680053710938 -235.4890899658203 206.39590454101565
-156.29933166503906 -234.8865509033203 206.52325439453125
-155.39297485351565 -234.4346160888672 206.59461975097656
-154.41978454589844 -234.39846801757812 206.2703094482422
-153.48846435546875 -234.1439208984375 205.9173126220703
-152.59051513671875 -233.77745056152344 205.61973571777344
-151.64308166503906 -233.6661834716797 205.26644897460935
-1305.18994140625 -218.6547088623047 277.1994323730469
-1306.1365966796875 -217.80906677246097 277.1813049316406
-1307.0345458984375 -217.37554931640625 277.19732666015625
-1307.9237060546875 -216.9268493652344 277.27044677734375
-1308.8934326171875 -217.0511016845703 277.29498291015625
-1309.872314453125 -217.020263671875 277.1880798339844
-1310.8369140625 -216.8670196533203 277.0903015136719
-1311.7218017578125 -216.41224670410156 277.0092468261719
-1312.5985107421875 -216.1925811767578 276.6236877441406
-1313.494873046875 -215.75550842285156 276.55377197265625
-1314.2564697265625 -215.4644012451172 275.9970397949219
-1315.0477294921875 -215.06948852539065 275.5626525878906
-1316.01318359375 -214.9631805419922 275.2987976074219
-1316.842529296875 -214.5251617431641 274.9613952636719
-1317.78564453125 -214.2593688964844 274.7716064453125
-1318.6591796875 -213.96925354003903 274.4477233886719
-1319.4439697265625 -214.00453186035156 273.80035400390625
-1320.1500244140625 -214.0879821777344 273.2151794433594
-1320.4093017578125 -214.9879150390625 272.876953125
-1320.736083984375 -215.89065551757812 272.62677001953125
-1320.9002685546875 -216.8194580078125 272.442626953125
-1321.4842529296875 -217.64308166503903 272.4084167480469
-1321.8988037109375 -218.5460968017578 272.3440856933594
-1322.272705078125 -219.4757537841797 272.3902587890625
-1322.7452392578125 -220.34524536132812 272.4299621582031
-1323.138671875 -221.26380920410156 272.4665832519531
-1323.7432861328125 -222.06643676757812 272.4421081542969
-1324.210693359375 -222.92724609375 272.60980224609375
-1324.52685546875 -223.87567138671875 272.68402099609375
-1325.0037841796875 -224.746337890625 272.667236328125
-1325.5240478515625 -225.5885772705078 272.8209533691406
-1325.794677734375 -226.5499267578125 272.86273193359375
-1326.312744140625 -227.4084930419922 272.82049560546875
-1326.6431884765625 -228.35516357421875 272.8482666015625
-1327.126708984375 -229.22459411621097 272.87628173828125
-1327.499755859375 -230.14759826660156 272.837646484375
-1328.07763671875 -230.95957946777344 272.7929382324219
-1328.6846923828125 -231.76693725585935 272.8163146972656
-1329.127685546875 -232.65415954589844 272.912841796875
-1329.5489501953125 -233.5367126464844 273.1182556152344
-1329.9500732421875 -234.453857421875 273.1971740722656
-1330.3973388671875 -235.3264312744141 273.3250427246094
-1330.6898193359375 -236.27981567382812 273.2816162109375
-1331.15576171875 -237.15489196777344 273.3228759765625
-1331.6593017578125 -237.99588012695312 273.3870544433594
-1332.020751953125 -238.9260406494141 273.3977966308594
-1332.400146484375 -239.7881774902344 273.63641357421875
-1332.916259765625 -240.6105499267578 273.84747314453125
-1333.3079833984375 -241.50425720214844 274.0145568847656
-1333.453125 -242.48321533203125 273.9361572265625
-1333.754638671875 -243.3814697265625 273.70220947265625
-1334.19482421875 -244.23751831054688 273.9347839355469
-1334.3603515625 -245.2493133544922 273.872802734375
-1334.8853759765625 -246.01905822753903 274.0967102050781
-1335.162353515625 -246.9776153564453 274.1714172363281
-1335.5208740234375 -247.65365600585935 274.7557373046875
-1335.8297119140625 -248.6026611328125 274.8606872558594
-1336.2135009765625 -249.5256195068359 274.86529541015625
-1336.5262451171875 -250.44041442871097 274.935546875
-1336.989501953125 -251.12989807128903 275.4327392578125
-1337.3619384765625 -252.02984619140625 275.5321960449219
-1337.64111328125 -252.92425537109375 275.9067077636719
-1337.78369140625 -253.85145568847656 275.936279296875
-1338.2626953125 -254.6992950439453 275.97003173828125
-1338.646240234375 -255.6169891357422 276.1708068847656
-1339.0078125 -256.409912109375 276.5416259765625
-1339.2698974609375 -257.3382873535156 276.77862548828125
-1339.56640625 -258.26629638671875 276.7147521972656
-1339.8846435546875 -259.19732666015625 276.61077880859375
-1340.1136474609375 -259.9906311035156 277.21759033203125
-1340.4990234375 -260.9144287109375 277.221923828125
-1340.8214111328125 -261.74346923828125 277.7082824707031
-1341.222900390625 -262.67510986328125 277.8860778808594
-1341.0897216796875 -263.6215515136719 278.0397644042969
-1341.127197265625 -264.6144104003906 278.094970703125
-1341.2393798828125 -265.54241943359375 278.264892578125
-1341.65087890625 -266.4269714355469 278.50555419921875
-1341.8331298828125 -267.3138732910156 278.8667907714844
-1342.2374267578125 -268.22442626953125 278.8660888671875
-1342.5120849609375 -269.1234436035156 279.1490173339844
-1342.89453125 -270.0633850097656 278.9497985839844
-1343.2667236328125 -270.9258117675781 279.236572265625
-1343.4742431640625 -271.8976135253906 279.2209167480469
-1343.70947265625 -272.85394287109375 279.2904968261719
-1343.8577880859375 -273.82550048828125 279.09881591796875
-1344.0877685546875 -274.7928466796875 279.01763916015625
-1344.3590087890625 -275.7339782714844 279.1803894042969
-1344.33154296875 -276.73040771484375 279.1274108886719
-1344.427001953125 -277.65740966796875 279.06182861328125
-1344.5194091796875 -278.6390380859375 279.10595703125
-1299.5504150390625 -222.7619171142578 261.5498352050781
-1301.4276123046875 -223.1644744873047 260.63385009765625
-1302.27197265625 -223.41587829589844 260.17620849609375
-1303.09912109375 -223.5506591796875 259.60943603515625
-1303.7989501953125 -223.5548553466797 258.9192199707031
-1304.3841552734375 -223.58448791503903 258.108642578125
-1304.88134765625 -223.47515869140625 257.2432556152344
-1305.5396728515625 -223.5703125 256.46588134765625
-1306.2642822265625 -223.31431579589844 255.85293579101565
-1307.05712890625 -223.1107940673828 255.2914276123047
-1307.9769287109375 -222.88787841796875 254.97402954101565
-1308.828857421875 -222.36489868164065 255.0171661376953
-1309.6971435546875 -221.92640686035156 255.14694213867188
-1310.568603515625 -221.410888671875 255.00698852539065
-1311.4810791015625 -221.09915161132812 255.1548309326172
-1312.3304443359375 -220.52066040039065 254.94578552246097
-1313.2598876953125 -220.3593292236328 255.05418395996097
-1314.22216796875 -220.17298889160156 255.31387329101565
-1315.0909423828125 -219.68031311035156 255.3788299560547
-1315.877685546875 -219.12002563476565 255.59178161621097
-1316.71240234375 -218.6117706298828 255.73074340820312
-1317.4359130859375 -217.9859619140625 255.95037841796875
-1318.1224365234375 -217.2718963623047 255.8766326904297
-1318.822265625 -216.56378173828125 255.85684204101565
-1319.4884033203125 -215.90184020996097 256.1366882324219
-1320.1343994140625 -215.13644409179688 256.0992736816406
-1320.68408203125 -214.18263244628903 256.1420593261719
-1321.5421142578125 -213.8082275390625 256.2766418457031
-1322.436279296875 -213.43850708007812 256.5103454589844
-1323.4068603515625 -213.42738342285156 256.6480407714844
-1324.30712890625 -213.17300415039065 256.9966125488281
-1325.29833984375 -213.0879821777344 257.1271667480469
-1326.111083984375 -212.60592651367188 257.3802795410156
-1327.0355224609375 -212.3475341796875 257.65240478515625
-1327.931884765625 -212.0030059814453 257.9109191894531
-1328.87548828125 -211.9920196533203 258.209228515625
-1329.68505859375 -211.9210968017578 258.7685852050781
-1330.5384521484375 -212.3466339111328 259.06231689453125
-1331.291259765625 -212.3838806152344 259.6956481933594
-1332.0391845703125 -212.6580810546875 260.2662658691406
-1332.8348388671875 -212.79412841796875 260.8465881347656
-1333.531494140625 -213.23240661621097 261.43896484375
-1334.2486572265625 -213.439697265625 262.0713195800781
-1334.8702392578125 -213.9063262939453 262.7004699707031
-1335.3486328125 -214.41416931152344 263.4124450683594
-1335.883056640625 -215.06179809570312 263.9533996582031
-1335.9801025390625 -215.59141540527344 264.79327392578125
-1336.3555908203125 -216.2076873779297 265.49462890625
-1336.4320068359375 -216.81040954589844 266.28472900390625
-1336.5152587890625 -217.39205932617188 267.065185546875
-1336.767333984375 -218.01123046875 267.8135070800781
-1336.959228515625 -218.430908203125 268.6791076660156
-1337.06689453125 -218.75729370117188 269.0792236328125
-1337.06689453125 -218.75729370117188 269.0792236328125
-1337.1273193359375 -217.9095458984375 270.5165710449219
-1337.0391845703125 -217.4403533935547 271.4060974121094
-1336.704833984375 -217.33302307128903 272.3255920410156
-1336.74365234375 -217.2698211669922 273.3069763183594
-1336.3365478515625 -217.5508575439453 274.1678466796875
-1335.7762451171875 -217.64601135253903 274.94732666015625
-1335.3238525390625 -218.04103088378903 275.7272033691406
-1334.6376953125 -218.4602508544922 276.3249816894531
-1333.9813232421875 -218.8878631591797 276.9389953613281
-1333.254150390625 -219.1844940185547 277.5571594238281
-1332.527099609375 -219.5158843994141 278.14306640625
-1331.875 -219.9615478515625 278.744873046875
-1331.356689453125 -220.19131469726565 279.5521545410156
-1330.5953369140625 -220.72335815429688 279.836669921875
-1330.1507568359375 -221.2463531494141 280.5158386230469
-1329.2984619140625 -221.62030029296875 280.87677001953125
-1328.6263427734375 -222.2588653564453 281.2298583984375
-1328.0433349609375 -223.00637817382812 281.53857421875
-1327.6685791015625 -223.9087371826172 281.7477111816406
-1327.3338623046875 -224.7950439453125 281.9940185546875
-1327.1859130859375 -225.70089721679688 281.84716796875
-1327.2098388671875 -226.71743774414065 281.99383544921875
-1327.228759765625 -227.71372985839844 281.872802734375
-1327.4598388671875 -228.69949340820312 281.7803649902344
-1327.814208984375 -229.56480407714844 281.4158020019531
-1328.3582763671875 -230.42337036132812 281.3638000488281
-1328.8465576171875 -231.27700805664065 281.2207946777344
-1329.3780517578125 -232.0911407470703 280.9689636230469
-1329.8692626953125 -232.9268798828125 280.70062255859375
-1330.23046875 -233.84146118164065 280.5129699707031
-1330.6793212890625 -234.7375946044922 280.48699951171875
-1331.248291015625 -235.54541015625 280.26690673828125
-1331.6676025390625 -236.4467010498047 280.1766662597656
-1332.1510009765625 -237.3096160888672 280.0000305175781
-1332.62353515625 -238.1676483154297 279.7808532714844
-1333.233642578125 -238.9459991455078 279.6020202636719
-1333.78515625 -239.7446746826172 279.3476867675781
-1334.3179931640625 -240.57620239257812 279.1944580078125
-1334.9881591796875 -241.28662109375 278.9621276855469
-1335.6630859375 -241.98968505859375 278.7391662597656
-1336.224609375 -242.8078765869141 278.6836242675781
-1336.7218017578125 -243.64353942871097 278.4555358886719
-1337.2669677734375 -244.4834442138672 278.3691711425781
-1337.713134765625 -245.3301239013672 278.0746154785156
-1338.202392578125 -246.15594482421875 277.7923889160156
-1338.5692138671875 -247.0510406494141 277.5238037109375
-1339.218994140625 -247.7682342529297 277.2732849121094
-1339.66796875 -248.6011962890625 276.95770263671875
-1340.266845703125 -249.37953186035156 276.7878112792969
-1340.7392578125 -250.26466369628903 276.6884765625
-1341.19970703125 -251.1240692138672 276.49420166015625
-1341.7490234375 -251.94509887695312 276.18145751953125
-1342.093994140625 -252.87368774414065 276.2577209472656
-1342.6910400390625 -253.65834045410156 276.21966552734375
-1343.31494140625 -254.34600830078125 275.8967590332031
-1344.06689453125 -254.9647979736328 275.6765441894531
-1344.6231689453125 -255.74305725097656 275.4019470214844
-1345.227294921875 -256.4783935546875 275.1070556640625
-1345.83642578125 -257.23681640625 274.9996643066406
-1346.3721923828125 -258.0736083984375 274.83685302734375
-1346.9305419921875 -258.8894958496094 274.7474670410156
-1347.337890625 -259.79364013671875 274.7040710449219
-1348.0689697265625 -260.50189208984375 274.7059020996094
-1348.533203125 -261.2996826171875 274.3716125488281
-1349.169921875 -262.0596618652344 274.1908264160156
-1349.6348876953125 -262.93084716796875 274.1592102050781
-1350.2318115234375 -263.71453857421875 273.9845275878906
-1350.7418212890625 -264.5633239746094 273.8417663574219
-1351.351318359375 -265.3480529785156 273.7261047363281
-1351.8421630859375 -266.21331787109375 273.5990295410156
-1352.187255859375 -267.115478515625 273.3773193359375
-1352.615966796875 -268.0399169921875 273.3897705078125
-1353.0279541015625 -268.91204833984375 273.1233215332031
-1353.49365234375 -269.80364990234375 273.19805908203125
-1353.989990234375 -270.64166259765625 272.95672607421875
-1354.4140625 -271.5257568359375 273.0723571777344
-1354.8577880859375 -272.4116516113281 273.0757141113281
-1354.981201171875 -273.3895263671875 272.9388122558594
-1355.2784423828125 -274.3378601074219 273.18511962890625
-1355.339111328125 -275.286865234375 272.9440612792969
-1355.39404296875 -276.2984924316406 272.9674987792969
-1355.4371337890625 -277.26947021484375 273.1521301269531
-1355.5604248046875 -278.2702331542969 273.2598876953125
-1355.519287109375 -279.26373291015625 273.2845764160156
-1300.6395263671875 -224.82473754882812 240.67694091796875
-1302.127685546875 -224.97650146484375 241.7258453369141
-1302.97900390625 -225.2707366943359 242.211181640625
-1303.7154541015625 -225.06837463378903 242.92379760742188
-1304.230224609375 -224.8337554931641 243.7815093994141
-1304.816650390625 -224.7848358154297 244.63174438476565
-1305.4598388671875 -224.36376953125 245.32212829589844
-1306.1253662109375 -223.82286071777344 245.86605834960935
-1307.02587890625 -223.6163024902344 246.30337524414065
-1307.9368896484375 -223.14859008789065 246.4420623779297
-1308.93115234375 -222.87417602539065 246.50534057617188
-1309.9290771484375 -222.5977325439453 246.52928161621097
-1310.8839111328125 -222.20367431640625 246.54888916015625
-1311.86279296875 -221.92483520507812 246.6451110839844
-1312.8948974609375 -222.00912475585935 246.48052978515625
-1313.7593994140625 -221.4943695068359 246.4042510986328
-1314.762451171875 -221.2730255126953 246.54969787597656
-1315.7540283203125 -221.00177001953125 246.608642578125
-1316.7340087890625 -220.65524291992188 246.53257751464844
-1317.7506103515625 -220.5035095214844 246.42369079589844
-1318.66064453125 -220.1559295654297 246.14495849609375
-1319.5601806640625 -219.66062927246097 246.15322875976565
-1320.3953857421875 -219.1206970214844 245.89810180664065
-1321.3275146484375 -218.65818786621097 246.0153656005859
-1322.0926513671875 -218.08726501464844 245.65618896484375
-1322.838623046875 -217.38949584960935 245.51869201660156
-1323.5433349609375 -216.7714080810547 245.19102478027344
-1324.0328369140625 -216.3639678955078 244.96092224121097
-1324.0328369140625 -216.3639678955078 244.96092224121097
-1325.4066162109375 -216.32614135742188 244.988037109375
-1326.451416015625 -216.33096313476565 245.10597229003903
-1327.4033203125 -216.248046875 244.9931182861328
-1328.3822021484375 -216.02297973632812 244.914306640625
-1329.3790283203125 -216.11819458007812 244.99302673339844
-1330.2762451171875 -216.0187835693359 244.5465545654297
-1331.2337646484375 -216.0518798828125 244.3160095214844
-1332.1519775390625 -216.06753540039065 243.99020385742188
-1333.0103759765625 -215.75119018554688 243.63768005371097
-1333.9808349609375 -215.89707946777344 243.8820648193359
-1334.9862060546875 -216.0659942626953 243.9311065673828
-1335.9871826171875 -216.01486206054688 243.99502563476565
-1336.9281005859375 -216.4062042236328 244.01016235351565
-1337.88525390625 -216.64854431152344 244.19927978515625
-1338.72802734375 -217.08799743652344 244.4495849609375
-1339.578369140625 -217.56092834472656 244.7221221923828
-1340.3896484375 -218.0669860839844 245.01084899902344
-1341.27734375 -218.5063018798828 244.8918304443359
-1342.1531982421875 -218.9128265380859 245.0447235107422
-1343.0185546875 -219.2967987060547 245.3220672607422
-1343.9075927734375 -219.79586791992188 245.3417205810547
-1344.77783203125 -220.15281677246097 245.7316741943359
-1345.676025390625 -220.60934448242188 245.77999877929688
-1346.5465087890625 -221.05503845214844 246.04896545410156
-1347.3408203125 -221.4927520751953 246.46485900878903
-1348.1544189453125 -221.90042114257812 246.87039184570312
-1348.6640625 -222.2556610107422 247.1350860595703
-1348.6640625 -222.2556610107422 247.1350860595703
-1349.8455810546875 -222.11380004882812 246.98085021972656
-1350.869140625 -222.0920562744141 247.0640411376953
-1351.79443359375 -222.41246032714844 246.9720001220703
-1352.7718505859375 -222.62599182128903 247.02430725097656
-1353.4466552734375 -223.3471221923828 247.13177490234375
-1353.9991455078125 -224.14520263671875 247.57052612304688
-1354.13134765625 -225.0896759033203 247.48458862304688
-1354.1485595703125 -225.964111328125 247.9680023193359
-1354.11572265625 -226.883056640625 248.35955810546875
-1353.745361328125 -227.8212127685547 248.3868865966797
-1353.493896484375 -228.5527801513672 249.01422119140625
-1353.3289794921875 -229.55859375 249.17431640625
-1353.1829833984375 -230.5006561279297 249.4645233154297
-1353.0135498046875 -231.45425415039065 249.75274658203125
-1352.687255859375 -232.3562164306641 250.01998901367188
-1352.0419921875 -233.12074279785156 250.28944396972656
-1351.93603515625 -234.09425354003903 250.2774200439453
-1351.549072265625 -234.8563232421875 250.71963500976565
-1351.076171875 -235.61460876464844 251.14059448242188
-1350.443603515625 -236.37954711914065 251.318115234375
-1349.880859375 -237.1397247314453 251.6861267089844
-1349.427001953125 -237.93197631835935 251.97166442871097
-1349.072998046875 -238.7276153564453 252.438232421875
-1348.4686279296875 -239.44346618652344 252.77627563476565
-1347.6749267578125 -239.96060180664065 253.09469604492188
-1346.8831787109375 -240.56993103027344 253.0291290283203
-1346.1136474609375 -241.19406127929688 252.94381713867188
-1345.447021484375 -241.9507293701172 252.85997009277344
-1344.986328125 -242.8413848876953 252.8573455810547
-1344.566650390625 -243.70394897460935 252.8435821533203
-1344.438720703125 -244.65191650390625 252.5531768798828
-1344.55859375 -245.60047912597656 252.28855895996097
-1345.009033203125 -246.341064453125 251.75900268554688
-1345.4879150390625 -246.961181640625 251.1259307861328
-1345.814208984375 -247.72634887695312 250.6052703857422
-1346.283203125 -248.35330200195312 249.92654418945312
-1346.419921875 -249.210693359375 249.50161743164065
-1346.5655517578125 -250.1631317138672 249.23597717285156
-1346.7784423828125 -251.12466430664065 249.06507873535156
-1346.755615234375 -252.1293182373047 249.1148376464844
-1346.8094482421875 -253.12481689453125 249.26394653320312
-1346.9447021484375 -254.0782165527344 249.4287109375
-1347.52978515625 -254.89788818359375 249.45205688476565
-1348.0631103515625 -255.68959045410156 249.2204437255859
-1348.6650390625 -256.4887390136719 249.21746826171875
-1349.3441162109375 -257.1479797363281 249.0017852783203
-1349.9415283203125 -257.9079284667969 249.01756286621097
-1350.5985107421875 -258.651611328125 249.28729248046875
-1351.2340087890625 -259.4114990234375 249.13818359375
-1351.69189453125 -260.306884765625 249.2690887451172
-1351.95703125 -261.24755859375 249.0293426513672
-1352.190185546875 -262.2178649902344 248.9580993652344
-1352.5653076171875 -263.1515808105469 248.9299163818359
-1352.8568115234375 -264.10064697265625 248.8551025390625
-1353.1937255859375 -265.04559326171875 248.8837890625
-1353.590087890625 -265.94854736328125 248.7048797607422
-1353.9285888671875 -266.9033203125 248.7505645751953
-1354.2669677734375 -267.82135009765625 248.56736755371097
-1354.54052734375 -268.7919921875 248.60870361328125
-1354.7398681640625 -269.7520751953125 248.56011962890625
-1355.0211181640625 -270.70867919921875 248.42138671875
-1355.30517578125 -271.65911865234375 248.517822265625
-1355.6019287109375 -272.6069030761719 248.40956115722656
-1355.93603515625 -273.5504455566406 248.54092407226565
-1355.8663330078125 -274.5417785644531 248.45721435546875
-1356.077880859375 -275.5041198730469 248.24510192871097
-1356.1763916015625 -276.50445556640625 248.26498413085935
-1356.3828125 -277.4772033691406 248.40155029296875
-1356.730224609375 -278.40966796875 248.53436279296875
-1356.875244140625 -279.3917236328125 248.6232147216797
-1348.6640625 -222.2556610107422 247.1350860595703
-1348.5186767578125 -223.25216674804688 247.9328155517578
-1348.736083984375 -223.9523468017578 248.6115875244141
-1348.94384765625 -224.67572021484375 249.25819396972656
-1349.07080078125 -225.3837127685547 249.9465789794922
-1349.1654052734375 -226.1745147705078 250.51231384277344
-1349.3956298828125 -227.07345581054688 250.87478637695312
-1349.6103515625 -227.80093383789065 251.50767517089844
-1349.7235107421875 -228.7292633056641 251.78076171875
-1349.7471923828125 -229.4665985107422 252.46762084960935
-1349.837158203125 -230.44480895996097 252.64463806152344
-1349.9295654296875 -231.24835205078125 253.2297210693359
-1349.9072265625 -232.2298126220703 253.39736938476565
-1349.60595703125 -233.0625457763672 253.81637573242188
-1349.5279541015625 -233.92933654785156 254.31021118164065
-1349.4869384765625 -234.83697509765625 254.7057647705078
-1349.3837890625 -235.73692321777344 255.1389923095703
-1349.3154296875 -236.49383544921875 255.71621704101565
-1349.1300048828125 -237.4605255126953 255.9992828369141
-1348.894287109375 -238.25990295410156 256.4833068847656
-1348.4305419921875 -239.10655212402344 256.7551574707031
-1348.1177978515625 -239.918212890625 257.0834045410156
-1347.7032470703125 -240.67330932617188 257.3670959472656
-1347.2421875 -241.63865661621097 257.27667236328125
-1346.980712890625 -242.5173797607422 257.6082763671875
-1346.4952392578125 -243.4127960205078 257.6163330078125
-1346.3427734375 -244.3854217529297 257.5340270996094
-1346.45703125 -245.33729553222656 257.3121643066406
-1346.8094482421875 -246.23590087890625 257.1541442871094
-1347.1312255859375 -247.11163330078125 256.7967834472656
-1347.562744140625 -247.8103485107422 256.3505554199219
-1348.0767822265625 -248.57778930664065 255.87266540527344
-1348.3345947265625 -249.43983459472656 255.41409301757812
-1348.5230712890625 -250.39730834960935 255.22169494628903
-1348.410400390625 -251.31507873535156 254.95437622070312
-1348.1314697265625 -252.2675323486328 254.8988800048828
-1347.8599853515625 -253.20718383789065 255.11227416992188
-1347.2059326171875 -254.0063934326172 255.34793090820312
-1346.9193115234375 -254.7825927734375 255.82115173339844
-1346.2445068359375 -255.43687438964844 256.1983642578125
-1345.9105224609375 -256.38128662109375 256.3359375
-1345.4803466796875 -257.2768249511719 256.3144836425781
-1344.962646484375 -258.0743408203125 255.99826049804688
-1344.42919921875 -258.8119812011719 255.6281890869141
-1343.82763671875 -259.3736572265625 255.0721435546875
-1343.014404296875 -259.9080810546875 254.89349365234375
-1342.3175048828125 -260.2178649902344 254.22352600097656
-1341.4864501953125 -260.6807861328125 253.92669677734375
-1340.7742919921875 -261.1291809082031 253.3761749267578
-1340.201416015625 -261.83941650390625 252.98472595214844
-1339.8453369140625 -262.4463195800781 252.29788208007812
-1340.0638427734375 -263.2962646484375 251.83370971679688
-1340.320068359375 -264.13458251953125 251.36587524414065
-1340.8472900390625 -264.8368225097656 250.9136657714844
-1341.1346435546875 -265.7038269042969 250.5359344482422
-1341.5091552734375 -266.583984375 250.32757568359375
-1341.89697265625 -267.4257507324219 249.9579620361328
-1341.9736328125 -268.40875244140625 249.96099853515625
-1342.10498046875 -269.434814453125 249.89810180664065
-1342.200439453125 -270.3619079589844 249.4959716796875
-1342.18994140625 -271.3537902832031 249.42449951171875
-1342.17138671875 -272.3568420410156 249.49949645996097
-1342.3984375 -273.29791259765625 249.59657287597656
-1342.3984375 -274.2687072753906 249.50759887695312
-1342.1551513671875 -275.25982666015625 249.30809020996097
-1342.0604248046875 -276.19464111328125 249.63226318359375
-1342.2596435546875 -277.18359375 249.79116821289065
-1342.3765869140625 -278.1455993652344 249.93478393554688
-1337.06689453125 -218.75729370117188 269.0792236328125
-1337.311767578125 -220.2765960693359 269.0771484375
-1337.427734375 -221.25872802734375 269.21142578125
-1337.5828857421875 -222.16787719726565 269.3592529296875
-1337.893310546875 -222.99917602539065 269.71844482421875
-1338.2044677734375 -223.84951782226565 270.074951171875
-1338.6990966796875 -224.65847778320312 270.3343200683594
-1338.9327392578125 -225.49278259277344 270.83135986328125
-1339.3521728515625 -226.3846435546875 270.9695739746094
-1339.4808349609375 -227.33712768554688 271.19940185546875
-1339.5828857421875 -228.32566833496097 271.0578918457031
-1339.9556884765625 -229.2560882568359 271.0875549316406
-1340.006103515625 -230.245849609375 271.08026123046875
-1340.122314453125 -231.22872924804688 270.9194641113281
-1340.0963134765625 -232.1641082763672 270.60675048828125
-1340.1558837890625 -233.1534881591797 270.4499206542969
-1340.013671875 -233.98883056640625 269.9639892578125
-1339.9256591796875 -234.90493774414065 269.5537414550781
-1339.729736328125 -235.79153442382812 269.1461486816406
-1339.447509765625 -236.5902862548828 268.6698913574219
-1339.277587890625 -237.55438232421875 268.60589599609375
-1339.337890625 -238.42715454101565 268.0788269042969
-1339.3966064453125 -239.43701171875 268.0727233886719
-1339.441162109375 -240.41741943359375 267.8604431152344
-1339.6717529296875 -241.4031982421875 267.663330078125
-1339.6812744140625 -242.3850555419922 267.6853332519531
-1339.9661865234375 -243.3387908935547 267.6546936035156
-1340.386962890625 -244.19281005859375 267.9009094238281
-1340.786376953125 -245.0825653076172 268.05584716796875
-1341.3978271484375 -245.8042755126953 268.3099670410156
-1342.126220703125 -246.50411987304688 268.4800109863281
-1342.791015625 -247.1513671875 268.771484375
-1343.031494140625 -248.0780792236328 269.081787109375
-1343.3353271484375 -249.02818298339844 269.26495361328125
-1343.537109375 -249.83529663085935 269.77471923828125
-1343.601806640625 -250.81982421875 269.9219055175781
-1343.31103515625 -251.76397705078125 269.8840026855469
-1343.2249755859375 -252.74595642089844 269.93438720703125
-1342.61767578125 -253.5441741943359 270.0340881347656
-1342.178955078125 -254.4289093017578 270.1585998535156
-1341.567626953125 -255.18768310546875 269.90771484375
-1341.037353515625 -256.0010986328125 269.8642883300781
-1340.52734375 -256.82879638671875 270.0534362792969
-1339.903076171875 -257.6113586425781 270.0216979980469
-1339.1729736328125 -258.2904357910156 270.1126403808594
-1338.59326171875 -259.07061767578125 270.067138671875
-1337.9925537109375 -259.8755187988281 270.2857971191406
-1337.5157470703125 -260.73651123046875 270.47344970703125
-1337.1197509765625 -261.63311767578125 270.54736328125
-1336.6202392578125 -262.4757995605469 270.5485534667969
-1336.0445556640625 -263.2490539550781 270.6875305175781
-1335.566650390625 -264.138916015625 270.4346923828125
-1335.391357421875 -265.0093994140625 270.7108459472656
-1335.3436279296875 -266.00006103515625 270.95855712890625
-1335.3052978515625 -266.9149475097656 270.6307067871094
-1335.429443359375 -267.8878479003906 270.685791015625
-1335.5194091796875 -268.8576354980469 270.6752014160156
-1335.7012939453125 -269.8322448730469 270.7584533691406
-1335.9061279296875 -270.7925109863281 270.8629455566406
-1335.90869140625 -271.7998962402344 270.7101745605469
-1335.7911376953125 -272.7560729980469 270.9342346191406
-1335.6744384765625 -273.7247314453125 271.08245849609375
-1335.7578125 -274.72589111328125 271.07354736328125
-1335.86767578125 -275.71868896484375 271.113525390625
-1336.0611572265625 -276.68743896484375 271.1845397949219
-1335.80908203125 -277.66070556640625 271.1883850097656
-1335.6500244140625 -278.61712646484375 271.4663391113281
-1335.409912109375 -279.55999755859375 271.3540344238281
-1324.0328369140625 -216.3639678955078 244.96092224121097
-1323.741943359375 -215.17544555664065 244.2269287109375
-1323.5853271484375 -214.3786773681641 243.68177795410156
-1323.8575439453125 -213.70162963867188 243.01339721679688
-1324.20556640625 -213.0504150390625 242.34854125976565
-1324.94287109375 -212.8034820556641 241.717041015625
-1325.7655029296875 -212.39669799804688 241.36892700195312
-1326.5316162109375 -212.11465454101565 240.80665588378903
-1327.4307861328125 -212.07708740234375 240.36184692382812
-1328.2911376953125 -212.1432342529297 239.86593627929688
-1329.108642578125 -211.7417449951172 239.55177307128903
-1329.9046630859375 -212.20599365234375 239.17681884765625
-1330.806396484375 -212.2389984130859 238.7368621826172
-1331.397705078125 -212.8448028564453 238.24171447753903
-1332.241943359375 -213.33457946777344 237.79721069335935
-1332.6644287109375 -213.84864807128903 237.1222686767578
-1333.231689453125 -214.21087646484375 236.39048767089844
-1334.0474853515625 -214.6192626953125 235.9220428466797
-1334.7467041015625 -214.96652221679688 235.2942657470703
-1335.4127197265625 -215.30438232421875 234.6076507568359
-1336.248291015625 -215.65675354003903 234.25970458984375
-1336.8402099609375 -216.1073455810547 233.58148193359375
-1337.7720947265625 -216.25714111328125 233.26559448242188
-1338.510986328125 -216.43133544921875 232.63267517089844
-1339.3590087890625 -216.78350830078125 232.234375
-1340.2513427734375 -217.08474731445312 231.94334411621097
-1340.9356689453125 -217.49746704101565 231.36314392089844
-1341.798828125 -217.98597717285156 231.16893005371097
-1342.4461669921875 -218.454833984375 230.7596435546875
-1342.8544921875 -219.16845703125 230.1725921630859
-1343.423828125 -219.92697143554688 229.8151092529297
-1343.723388671875 -220.83160400390625 229.49949645996097
-1343.9217529296875 -221.78855895996097 229.3052673339844
-1344.0462646484375 -222.63650512695312 228.83782958984375
-1344.1407470703125 -223.63742065429688 229.0064697265625
-1344.1082763671875 -224.57894897460935 228.62628173828125
-1344.0562744140625 -225.5567321777344 228.57806396484375
-1344.07275390625 -226.4891357421875 228.1559906005859
-1344.0870361328125 -227.44873046875 227.8838348388672
-1344.2265625 -228.32980346679688 227.44178771972656
-1344.4124755859375 -229.17823791503903 226.95779418945312
-1344.6033935546875 -230.104736328125 226.6506805419922
-1344.6715087890625 -231.08938598632812 226.4309844970703
-1344.7628173828125 -232.0065460205078 226.0707550048828
-1344.927001953125 -232.9213409423828 225.716552734375
-1345.1500244140625 -233.8434600830078 225.4115447998047
-1345.156005859375 -234.7848358154297 225.11795043945312
-1345.10791015625 -235.67312622070312 224.698974609375
-1345.068359375 -236.60752868652344 224.34719848632812
-1345.118408203125 -237.5728302001953 224.1079864501953
-1344.896728515625 -238.4895477294922 223.82554626464844
-1344.9742431640625 -239.46629333496097 223.5902557373047
-1345.0498046875 -240.41647338867188 223.32373046875
-1345.055908203125 -241.3436279296875 222.70111083984375
-1344.8885498046875 -242.2496032714844 222.79086303710935
-1344.784423828125 -243.21925354003903 222.9236602783203
-1344.6173095703125 -244.21514892578125 222.69081115722656
-1344.4302978515625 -245.1774749755859 222.759521484375
-1344.542724609375 -246.09080505371097 222.34861755371097
-1344.568359375 -247.05514526367188 222.14248657226565
-1344.4422607421875 -247.97732543945312 221.86085510253903
-1344.4696044921875 -248.9578399658203 221.6071014404297
-1344.5684814453125 -249.8526306152344 221.1812438964844
-1344.3336181640625 -250.79025268554688 221.00851440429688
-1344.59130859375 -251.7964782714844 221.0986785888672
-1344.628173828125 -252.74966430664065 220.86585998535156
-1344.255126953125 -253.68121337890625 221.1182556152344
-1344.2353515625 -254.5884552001953 220.7223663330078
-1344.0992431640625 -255.53793334960935 220.4320068359375
-1343.95458984375 -256.47845458984375 220.085205078125
-1343.742919921875 -257.434326171875 220.02037048339844
-1343.4656982421875 -258.41851806640625 219.87782287597656
-1343.39697265625 -259.3862609863281 219.9143218994141
-1343.3800048828125 -260.3782653808594 219.9344482421875
-1343.464111328125 -261.33001708984375 219.6527862548828
-1343.5172119140625 -262.3025817871094 219.4123382568359
-1343.6573486328125 -263.1980285644531 219.0310821533203
-1343.7833251953125 -264.18695068359375 218.90521240234375
-1343.71923828125 -265.1575927734375 219.1779632568359
-1343.41259765625 -266.0553283691406 218.9332733154297
-1343.4097900390625 -267.03570556640625 218.6555328369141
-1343.4725341796875 -267.9988098144531 218.3753204345703
-1343.3935546875 -268.9478759765625 218.2751617431641
-1343.241943359375 -269.9294128417969 218.2138214111328
-1343.368408203125 -270.8982238769531 217.954833984375
-1343.3162841796875 -271.8583068847656 218.18212890625
-1343.19580078125 -272.86431884765625 218.32601928710935
-1343.3369140625 -273.83673095703125 218.15826416015625
-1343.5286865234375 -274.80267333984375 217.9887237548828
-1343.4713134765625 -275.8045349121094 218.22035217285156
-1343.3997802734375 -276.7367858886719 217.98646545410156
-1343.6903076171875 -277.69586181640625 218.1252593994141
-1343.7296142578125 -278.6746520996094 218.1539306640625
LINES 145 10850
24 0 1 2 3 4 5 6 7 8 9 10 11 12 13 14 15 16 17 18 19 20 21 22 23
29 24 25 26 27 28 29 30 31 32 33 34 35 36 37 38 39 40 41 42 43 44 45 46 47 48 49 50 51 52
160 53 54 55 56 57 58 59 60 61 62 63 64 65 66 67 68 69 70 71 72 73 74 75 76 77 78 79 80 81 82 83 84 85 86 87 88 89 90 91 92 93 94 95 96 97 98 99 100 101 102 103 104 105 106 107 108 109 110 111 112 113 114 115 116 117 118 119 120 121 122 123 124 125 126 127 128 129 130 131 132 133 134 135 136 137 138 139 140 141 142 143 144 145 146 147 148 149 150 151 152 153 154 155 156 157 158 159 160 161 162 163 164 165 166 167 168 169 170 171 172 173 174 175 176 177 178 179 180 181 182 183 184 185 186 187 188 189 190 191 192 193 194 195 196 197 198 199 200 201 202 203 204 205 206 207 208 209 210 211 212
33 213 214 215 216 217 218 219 220 221 222 223 224 225 226 227 228 229 230 231 232 233 234 235 236 237 238 239 240 241 242 243 244 245
320 246 247 248 249 250 251 252 253 254 255 256 257 258 259 260 261 262 263 264 265 266 267 268 269 270 271 272 273 274 275 276 277 278 279 280 281 282 283 284 285 286 287 288 289 290 291 292 293 294 295 296 297 298 299 300 301 302 303 304 305 306 307 308 309 310 311 312 313 314 315 316 317 318 319 320 321 322 323 324 325 326 327 328 329 330 331 332 333 334 335 336 337 338 339 340 341 342 343 344 345 346 347 348 349 350 351 352 353 354 355 356 357 358 359 360 361 362 363 364 365 366 367 368 369 370 371 372 373 374 375 376 377 378 379 380 381 382 383 384 385 386 387 388 389 390 391 392 393 394 395 396 397 398 399 400 401 402 403 404 405 406 407 408 409 410 411 412 413 414 415 416 417 418 419 420 421 422 423 424 425 426 427 428 429 430 431 432 433 434 435 436 437 438 439 440 441 442 443 444 445 446 447 448 449 450 451 452 453 454 455 456 457 458 459 460 461 462 463 464 465 466 467 468 469 470 471 472 473 474 475 476 477 478 479 480 481 482 483 484 485 486 487 488 489 490 491 492 493 494 495 496 497 498 499 500 501 502 503 504 505 506 507 508 509 510 511 512 513 514 515 516 517 518 519 520 521 522 523 524 525 526 527 528 529 530 531 532 533 534 535 536 537 538 539 540 541 542 543 544 545 546 547 548 549 550 551 552 553 554 555 556 557 558 559 560 561 562 563 564 565
4 566 567 568 569
83 570 571 572 573 574 575 576 577 578 579 580 581 582 583 584 585 586 587 588 589 590 591 592 593 594 595 596 597 598 599 600 601 602 603 604 605 606 607 608 609 610 611 612 613 614 615 616 617 618 619 620 621 622 623 624 625 626 627 628 629 630 631 632 633 634 635 636 637 638 639 640 641 642 643 644 645 646 647 648 649 650 651 652
48 653 654 655 656 657 658 659 660 661 662 663 664 665 666 667 668 669 670 671 672 673 674 675 676 677 678 679 680 681 682 683 684 685 686 687 688 689 690 691 692 693 694 695 696 697 698 699 700
43 701 702 703 704 705 706 707 708 709 710 711 712 713 714 715 716 717 718 719 720 721 722 723 724 725 726 727 728 729 730 731 732 733 734 735 736 737 738 739 740 741 742 743
173 744 745 746 747 748 749 750 751 752 753 754 755 756 757 758 759 760 761 762 763 764 765 766 767 768 769 770 771 772 773 774 775 776 777 778 779 780 781 782 783 784 785 786 787 788 789 790 791 792 793 794 795 796 797 798 799 800 801 802 803 804 805 806 807 808 809 810 811 812 813 814 815 816 817 818 819 820 821 822 823 824 825 826 827 828 829 830 831 832 833 834 835 836 837 838 839 840 841 842 843 844 845 846 847 848 849 850 851 852 853 854 855 856 857 858 859 860 861 862 863 864 865 866 867 868 869 870 871 872 873 874 875 876 877 878 879 880 881 882 883 884 885 886 887 888 889 890 891 892 893 894 895 896 897 898 899 900 901 902 903 904 905 906 907 908 909 910 911 912 913 914 915 916
70 917 918 919 920 921 922 923 924 925 926 927 928 929 930 931 932 933 934 935 936 937 938 939 940 941 942 943 944 945 946 947 948 949 950 951 952 953 954 955 956 957 958 959 960 961 962 963 964 965 966 967 968 969 970 971 972 973 974 975 976 977 978 979 980 981 982 983 984 985 986
35 987 988 989 990 991 992 993 994 995 996 997 998 999 1000 1001 1002 1003 1004 1005 1006 1007 1008 1009 1010 1011 1012 1013 1014 1015 1016 1017 1018 1019 1020 1021
121 1022 1023 1024 1025 1026 1027 1028 1029 1030 1031 1032 1033 1034 1035 1036 1037 1038 1039 1040 1041 1042 1043 1044 1045 1046 1047 1048 1049 1050 1051 1052 1053 1054 1055 1056 1057 1058 1059 1060 1061 1062 1063 1064 1065 1066 1067 1068 1069 1070 1071 1072 1073 1074 1075 1076 1077 1078 1079 1080 1081 1082 1083 1084 1085 1086 1087 1088 1089 1090 1091 1092 1093 1094 1095 1096 1097 1098 1099 1100 1101 1102 1103 1104 1105 1106 1107 1108 1109 1110 1111 1112 1113 1114 1115 1116 1117 1118 1119 1120 1121 1122 1123 1124 1125 1126 1127 1128 1129 1130 1131 1132 1133 1134 1135 1136 1137 1138 1139 1140 1141 1142
22 1143 1144 1145 1146 1147 1148 1149 1150 1151 1152 1153 1154 1155 1156 1157 1158 1159 1160 1161 1162 1163 1164
116 1165 1166 1167 1168 1169 1170 1171 1172 1173 1174 1175 1176 1177 1178 1179 1180 1181 1182 1183 1184 1185 1186 1187 1188 1189 1190 1191 1192 1193 1194 1195 1196 1197 1198 1199 1200 1201 1202 1203 1204 1205 1206 1207 1208 1209 1210 1211 1212 1213 1214 1215 1216 1217 1218 1219 1220 1221 1222 1223 1224 1225 1226 1227 1228 1229 1230 1231 1232 1233 1234 1235 1236 1237 1238 1239 1240 1241 1242 1243 1244 1245 1246 1247 1248 1249 1250 1251 1252 1253 1254 1255 1256 1257 1258 1259 1260 1261 1262 1263 1264 1265 1266 1267 1268 1269 1270 1271 1272 1273 1274 1275 1276 1277 1278 1279 1280
89 1281 1282 1283 1284 1285 1286 1287 1288 1289 1290 1291 1292 1293 1294 1295 1296 1297 1298 1299 1300 1301 1302 1303 1304 1305 1306 1307 1308 1309 1310 1311 1312 1313 1314 1315 1316 1317 1318 1319 1320 1321 1322 1323 1324 1325 1326 1327 1328 1329 1330 1331 1332 1333 1334 1335 1336 1337 1338 1339 1340 1341 1342 1343 1344 1345 1346 1347 1348 1349 1350 1351 1352 1353 1354 1355 1356 1357 1358 1359 1360 1361 1362 1363 1364 1365 1366 1367 1368 1369
231 1370 1371 1372 1373 1374 1375 1376 1377 1378 1379 1380 1381 1382 1383 1384 1385 1386 1387 1388 1389 1390 1391 1392 1393 1394 1395 1396 1397 1398 1399 1400 1401 1402 1403 1404 1405 1406 1407 1408 1409 1410 1411 1412 1413 1414 1415 1416 1417 1418 1419 1420 1421 1422 1423 1424 1425 1426 1427 1428 1429 1430 1431 1432 1433 1434 1435 1436 1437 1438 1439 1440 1441 1442 1443 1444 1445 1446 1447 1448 1449 1450 1451 1452 1453 1454 1455 1456 1457 1458 1459 1460 1461 1462 1463 1464 1465 1466 1467 1468 1469 1470 1471 1472 1473 1474 1475 1476 1477 1478 1479 1480 1481 1482 1483 1484 1485 1486 1487 1488 1489 1490 1491 1492 1493 1494 1495 1496 1497 1498 1499 1500 1501 1502 1503 1504 1505 1506 1507 1508 1509 1510 1511 1512 1513 1514 1515 1516 1517 1518 1519 1520 1521 1522 1523 1524 1525 1526 1527 1528 1529 1530 1531 1532 1533 1534 1535 1536 1537 1538 1539 1540 1541 1542 1543 1544 1545 1546 1547 1548 1549 1550 1551 1552 1553 1554 1555 1556 1557 1558 1559 1560 1561 1562 1563 1564 1565 1566 1567 1568 1569 1570 1571 1572 1573 1574 1575 1576 1577 1578 1579 1580 1581 1582 1583 1584 1585 1586 1587 1588 1589 1590 1591 1592 1593 1594 1595 1596 1597 1598 1599 1600
121 1601 1602 1603 1604 1605 1606 1607 1608 1609 1610 1611 1612 1613 1614 1615 1616 1617 1618 1619 1620 1621 1622 1623 1624 1625 1626 1627 1628 1629 1630 1631 1632 1633 1634 1635 1636 1637 1638 1639 1640 1641 1642 1643 1644 1645 1646 1647 1648 1649 1650 1651 1652 1653 1654 1655 1656 1657 1658 1659 1660 1661 1662 1663 1664 1665 1666 1667 1668 1669 1670 1671 1672 1673 1674 1675 1676 1677 1678 1679 1680 1681 1682 1683 1684 1685 1686 1687 1688 1689 1690 1691 1692 1693 1694 1695 1696 1697 1698 1699 1700 1701 1702 1703 1704 1705 1706 1707 1708 1709 1710 1711 1712 1713 1714 1715 1716 1717 1718 1719 1720 1721
43 1722 1723 1724 1725 1726 1727 1728 1729 1730 1731 1732 1733 1734 1735 1736 1737 1738 1739 1740 1741 1742 1743 1744 1745 1746 1747 1748 1749 1750 1751 1752 1753 1754 1755 1756 1757 1758 1759 1760 1761 1762 1763 1764
46 1765 1766 1767 1768 1769 1770 1771 1772 1773 1774 1775 1776 1777 1778 1779 1780 1781 1782 1783 1784 1785 1786 1787 1788 1789 1790 1791 1792 1793 1794 1795 1796 1797 1798 1799 1800 1801 1802 1803 1804 1805 1806 1807 1808 1809 1810
181 1811 1812 1813 1814 1815 1816 1817 1818 1819 1820 1821 1822 1823 1824 1825 1826 1827 1828 1829 1830 1831 1832 1833 1834 1835 1836 1837 1838 1839 1840 1841 1842 1843 1844 1845 1846 1847 1848 1849 1850 1851 1852 1853 1854 1855 1856 1857 1858 1859 1860 1861 1862 1863 1864 1865 1866 1867 1868 1869 1870 1871 1872 1873 1874 1875 1876 1877 1878 1879 1880 1881 1882 1883 1884 1885 1886 1887 1888 1889 1890 1891 1892 1893 1894 1895 1896 1897 1898 1899 1900 1901 1902 1903 1904 1905 1906 1907 1908 1909 1910 1911 1912 1913 1914 1915 1916 1917 1918 1919 1920 1921 1922 1923 1924 1925 1926 1927 1928 1929 1930 1931 1932 1933 1934 1935 1936 1937 1938 1939 1940 1941 1942 1943 1944 1945 1946 1947 1948 1949 1950 1951 1952 1953 1954 1955 1956 1957 1958 1959 1960 1961 1962 1963 1964 1965 1966 1967 1968 1969 1970 1971 1972 1973 1974 1975 1976 1977 1978 1979 1980 1981 1982 1983 1984 1985 1986 1987 1988 1989 1990 1991
62 1992 1993 1994 1995 1996 1997 1998 1999 2000 2001 2002 2003 2004 2005 2006 2007 2008 2009 2010 2011 2012 2013 2014 2015 2016 2017 2018 2019 2020 2021 2022 2023 2024 2025 2026 2027 2028 2029 2030 2031 2032 2033 2034 2035 2036 2037 2038 2039 2040 2041 2042 2043 2044 2045 2046 2047 2048 2049 2050 2051 2052 2053
22 2054 2055 2056 2057 2058 2059 2060 2061 2062 2063 2064 2065 2066 2067 2068 2069 2070 2071 2072 2073 2074 2075
72 2076 2077 2078 2079 2080 2081 2082 2083 2084 2085 2086 2087 2088 2089 2090 2091 2092 2093 2094 2095 2096 2097 2098 2099 2100 2101 2102 2103 2104 2105 2106 2107 2108 2109 2110 2111 2112 2113 2114 2115 2116 2117 2118 2119 2120 2121 2122 2123 2124 2125 2126 2127 2128 2129 2130 2131 2132 2133 2134 2135 2136 2137 2138 2139 2140 2141 2142 2143 2144 2145 2146 2147
78 2148 2149 2150 2151 2152 2153 2154 2155 2156 2157 2158 2159 2160 2161 2162 2163 2164 2165 2166 2167 2168 2169 2170 2171 2172 2173 2174 2175 2176 2177 2178 2179 2180 2181 2182 2183 2184 2185 2186 2187 2188 2189 2190 2191 2192 2193 2194 2195 2196 2197 2198 2199 2200 2201 2202 2203 2204 2205 2206 2207 2208 2209 2210 2211 2212 2213 2214 2215 2216 2217 2218 2219 2220 2221 2222 2223 2224 2225
71 2226 2227 2228 2229 2230 2231 2232 2233 2234 2235 2236 2237 2238 2239 2240 2241 2242 2243 2244 2245 2246 2247 2248 2249 2250 2251 2252 2253 2254 2255 2256 2257 2258 2259 2260 2261 2262 2263 2264 2265 2266 2267 2268 2269 2270 2271 2272 2273 2274 2275 2276 2277 2278 2279 2280 2281 2282 2283 2284 2285 2286 2287 2288 2289 2290 2291 2292 2293 2294 2295 2296
25 2297 2298 2299 2300 2301 2302 2303 2304 2305 2306 2307 2308 2309 2310 2311 2312 2313 2314 2315 2316 2317 2318 2319 2320 2321
73 2322 2323 2324 2325 2326 2327 2328 2329 2330 2331 2332 2333 2334 2335 2336 2337 2338 2339 2340 2341 2342 2343 2344 2345 2346 2347 2348 2349 2350 2351 2352 2353 2354 2355 2356 2357 2358 2359 2360 2361 2362 2363 2364 2365 2366 2367 2368 2369 2370 2371 2372 2373 2374 2375 2376 2377 2378 2379 2380 2381 2382 2383 2384 2385 2386 2387 2388 2389 2390 2391 2392 2393 2394
7 2395 2396 2397 2398 2399 2400 2401
88 2402 2403 2404 2405 2406 2407 2408 2409 2410 2411 2412 2413 2414 2415 2416 2417 2418 2419 2420 2421 2422 2423 2424 2425 2426 2427 2428 2429 2430 2431 2432 2433 2434 2435 2436 2437 2438 2439 2440 2441 2442 2443 2444 2445 2446 2447 2448 2449 2450 2451 2452 2453 2454 2455 2456 2457 2458 2459 2460 2461 2462 2463 2464 2465 2466 2467 2468 2469 2470 2471 2472 2473 2474 2475 2476 2477 2478 2479 2480 2481 2482 2483 2484 2485 2486 2487 2488 2489
113 2490 2491 2492 2493 2494 2495 2496 2497 2498 2499 2500 2501 2502 2503 2504 2505 2506 2507 2508 2509 2510 2511 2512 2513 2514 2515 2516 2517 2518 2519 2520 2521 2522 2523 2524 2525 2526 2527 2528 2529 2530 2531 2532 2533 2534 2535 2536 2537 2538 2539 2540 2541 2542 2543 2544 2545 2546 2547 2548 2549 2550 2551 2552 2553 2554 2555 2556 2557 2558 2559 2560 2561 2562 2563 2564 2565 2566 2567 2568 2569 2570 2571 2572 2573 2574 2575 2576 2577 2578 2579 2580 2581 2582 2583 2584 2585 2586 2587 2588 2589 2590 2591 2592 2593 2594 2595 2596 2597 2598 2599 2600 2601 2602
238 2603 2604 2605 2606 2607 2608 2609 2610 2611 2612 2613 2614 2615 2616 2617 2618 2619 2620 2621 2622 2623 2624 2625 2626 2627 2628 2629 2630 2631 2632 2633 2634 2635 2636 2637 2638 2639 2640 2641 2642 2643 2644 2645 2646 2647 2648 2649 2650 2651 2652 2653 2654 2655 2656 2657 2658 2659 2660 2661 2662 2663 2664 2665 2666 2667 2668 2669 2670 2671 2672 2673 2674 2675 2676 2677 2678 2679 2680 2681 2682 2683 2684 2685 2686 2687 2688 2689 2690 2691 2692 2693 2694 2695 2696 2697 2698 2699 2700 2701 2702 2703 2704 2705 2706 2707 2708 2709 2710 2711 2712 2713 2714 2715 2716 2717 2718 2719 2720 2721 2722 2723 2724 2725 2726 2727 2728 2729 2730 2731 2732 2733 2734 2735 2736 2737 2738 2739 2740 2741 2742 2743 2744 2745 2746 2747 2748 2749 2750 2751 2752 2753 2754 2755 2756 2757 2758 2759 2760 2761 2762 2763 2764 2765 2766 2767 2768 2769 2770 2771 2772 2773 2774 2775 2776 2777 2778 2779 2780 2781 2782 2783 2784 2785 2786 2787 2788 2789 2790 2791 2792 2793 2794 2795 2796 2797 2798 2799 2800 2801 2802 2803 2804 2805 2806 2807 2808 2809 2810 2811 2812 2813 2814 2815 2816 2817 2818 2819 2820 2821 2822 2823 2824 2825 2826 2827 2828 2829 2830 2831 2832 2833 2834 2835 2836 2837 2838 2839 2840
86 2841 2842 2843 2844 2845 2846 2847 2848 2849 2850 2851 2852 2853 2854 2855 2856 2857 2858 2859 2860 2861 2862 2863 2864 2865 2866 2867 2868 2869 2870 2871 2872 2873 2874 2875 2876 2877 2878 2879 2880 2881 2882 2883 2884 2885 2886 2887 2888 2889 2890 2891 2892 2893 2894 2895 2896 2897 2898 2899 2900 2901 2902 2903 2904 2905 2906 2907 2908 2909 2910 2911 2912 2913 2914 2915 2916 2917 2918 2919 2920 2921 2922 2923 2924 2925 2926
4 2927 2928 2929 2930
53 2931 2932 2933 2934 2935 2936 2937 2938 2939 2940 2941 2942 2943 2944 2945 2946 2947 2948 2949 2950 2951 2952 2953 2954 2955 2956 2957 2958 2959 2960 2961 2962 2963 2964 2965 2966 2967 2968 2969 2970 2971 2972 2973 2974 2975 2976 2977 2978 2979 2980 2981 2982 2983
23 2984 2985 2986 2987 2988 2989 2990 2991 2992 2993 2994 2995 2996 2997 2998 2999 3000 3001 3002 3003 3004 3005 3006
25 3007 3008 3009 3010 3011 3012 3013 3014 3015 3016 3017 3018 3019 3020 3021 3022 3023 3024 3025 3026 3027 3028 3029 3030 3031
66 3032 3033 3034 3035 3036 3037 3038 3039 3040 3041 3042 3043 3044 3045 3046 3047 3048 3049 3050 3051 3052 3053 3054 3055 3056 3057 3058 3059 3060 3061 3062 3063 3064 3065 3066 3067 3068 3069 3070 3071 3072 3073 3074 3075 3076 3077 3078 3079 3080 3081 3082 3083 3084 3085 3086 3087 3088 3089 3090 3091 3092 3093 3094 3095 3096 3097
72 3098 3099 3100 3101 3102 3103 3104 3105 3106 3107 3108 3109 3110 3111 3112 3113 3114 3115 3116 3117 3118 3119 3120 3121 3122 3123 3124 3125 3126 3127 3128 3129 3130 3131 3132 3133 3134 3135 3136 3137 3138 3139 3140 3141 3142 3143 3144 3145 3146 3147 3148 3149 3150 3151 3152 3153 3154 3155 3156 3157 3158 3159 3160 3161 3162 3163 3164 3165 3166 3167 3168 3169
110 3170 3171 3172 3173 3174 3175 3176 3177 3178 3179 3180 3181 3182 3183 3184 3185 3186 3187 3188 3189 3190 3191 3192 3193 3194 3195 3196 3197 3198 3199 3200 3201 3202 3203 3204 3205 3206 3207 3208 3209 3210 3211 3212 3213 3214 3215 3216 3217 3218 3219 3220 3221 3222 3223 3224 3225 3226 3227 3228 3229 3230 3231 3232 3233 3234 3235 3236 3237 3238 3239 3240 3241 3242 3243 3244 3245 3246 3247 3248 3249 3250 3251 3252 3253 3254 3255 3256 3257 3258 3259 3260 3261 3262 3263 3264 3265 3266 3267 3268 3269 3270 3271 3272 3273 3274 3275 3276 3277 3278 3279
7 3280 3281 3282 3283 3284 3285 3286
23 3287 3288 3289 3290 3291 3292 3293 3294 3295 3296 3297 3298 3299 3300 3301 3302 3303 3304 3305 3306 3307 3308 3309
14 3310 3311 3312 3313 3314 3315 3316 3317 3318 3319 3320 3321 3322 3323
5 3324 3325 3326 3327 3328
10 3329 3330 3331 3332 3333 3334 3335 3336 3337 3338
7 3339 3340 3341 3342 3343 3344 3345
68 3346 3347 3348 3349 3350 3351 3352 3353 3354 3355 3356 3357 3358 3359 3360 3361 3362 3363 3364 3365 3366 3367 3368 3369 3370 3371 3372 3373 3374 3375 3376 3377 3378 3379 3380 3381 3382 3383 3384 3385 3386 3387 3388 3389 3390 3391 3392 3393 3394 3395 3396 3397 3398 3399 3400 3401 3402 3403 3404 3405 3406 3407 3408 3409 3410 3411 3412 3413
70 3414 3415 3416 3417 3418 3419 3420 3421 3422 3423 3424 3425 3426 3427 3428 3429 3430 3431 3432 3433 3434 3435 3436 3437 3438 3439 3440 3441 3442 3443 3444 3445 3446 3447 3448 3449 3450 3451 3452 3453 3454 3455 3456 3457 3458 3459 3460 3461 3462 3463 3464 3465 3466 3467 3468 3469 3470 3471 3472 3473 3474 3475 3476 3477 3478 3479 3480 3481 3482 3483
89 3484 3485 3486 3487 3488 3489 3490 3491 3492 3493 3494 3495 3496 3497 3498 3499 3500 3501 3502 3503 3504 3505 3506 3507 3508 3509 3510 3511 3512 3513 3514 3515 3516 3517 3518 3519 3520 3521 3522 3523 3524 3525 3526 3527 3528 3529 3530 3531 3532 3533 3534 3535 3536 3537 3538 3539 3540 3541 3542 3543 3544 3545 3546 3547 3548 3549 3550 3551 3552 3553 3554 3555 3556 3557 3558 3559 3560 3561 3562 3563 3564 3565 3566 3567 3568 3569 3570 3571 3572
24 3573 3574 3575 3576 3577 3578 3579 3580 3581 3582 3583 3584 3585 3586 3587 3588 3589 3590 3591 3592 3593 3594 3595 3596
6 3597 3598 3599 3600 3601 3602
140 3603 3604 3605 3606 3607 3608 3609 3610 3611 3612 3613 3614 3615 3616 3617 3618 3619 3620 3621 3622 3623 3624 3625 3626 3627 3628 3629 3630 3631 3632 3633 3634 3635 3636 3637 3638 3639 3640 3641 3642 3643 3644 3645 3646 3647 3648 3649 3650 3651 3652 3653 3654 3655 3656 3657 3658 3659 3660 3661 3662 3663 3664 3665 3666 3667 3668 3669 3670 3671 3672 3673 3674 3675 3676 3677 3678 3679 3680 3681 3682 3683 3684 3685 3686 3687 3688 3689 3690 3691 3692 3693 3694 3695 3696 3697 3698 3699 3700 3701 3702 3703 3704 3705 3706 3707 3708 3709 3710 3711 3712 3713 3714 3715 3716 3717 3718 3719 3720 3721 3722 3723 3724 3725 3726 3727 3728 3729 3730 3731 3732 3733 3734 3735 3736 3737 3738 3739 3740 3741 3742
112 3743 3744 3745 3746 3747 3748 3749 3750 3751 3752 3753 3754 3755 3756 3757 3758 3759 3760 3761 3762 3763 3764 3765 3766 3767 3768 3769 3770 3771 3772 3773 3774 3775 3776 3777 3778 3779 3780 3781 3782 3783 3784 3785 3786 3787 3788 3789 3790 3791 3792 3793 3794 3795 3796 3797 3798 3799 3800 3801 3802 3803 3804 3805 3806 3807 3808 3809 3810 3811 3812 3813 3814 3815 3816 3817 3818 3819 3820 3821 3822 3823 3824 3825 3826 3827 3828 3829 3830 3831 3832 3833 3834 3835 3836 3837 3838 3839 3840 3841 3842 3843 3844 3845 3846 3847 3848 3849 3850 3851 3852 3853 3854
33 3855 3856 3857 3858 3859 3860 3861 3862 3863 3864 3865 3866 3867 3868 3869 3870 3871 3872 3873 3874 3875 3876 3877 3878 3879 3880 3881 3882 3883 3884 3885 3886 3887
5 3888 3889 3890 3891 3892
47 3893 3894 3895 3896 3897 3898 3899 3900 3901 3902 3903 3904 3905 3906 3907 3908 3909 3910 3911 3912 3913 3914 3915 3916 3917 3918 3919 3920 3921 3922 3923 3924 3925 3926 3927 3928 3929 3930 3931 3932 3933 3934 3935 3936 3937 3938 3939
10 3940 3941 3942 3943 3944 3945 3946 3947 3948 3949
39 3950 3951 3952 3953 3954 3955 3956 3957 3958 3959 3960 3961 3962 3963 3964 3965 3966 3967 3968 3969 3970 3971 3972 3973 3974 3975 3976 3977 3978 3979 3980 3981 3982 3983 3984 3985 3986 3987 3988
36 3989 3990 3991 3992 3993 3994 3995 3996 3997 3998 3999 4000 4001 4002 4003 4004 4005 4006 4007 4008 4009 4010 4011 4012 4013 4014 4015 4016 4017 4018 4019 4020 4021 4022 4023 4024
52 4025 4026 4027 4028 4029 4030 4031 4032 4033 4034 4035 4036 4037 4038 4039 4040 4041 4042 4043 4044 4045 4046 4047 4048 4049 4050 4051 4052 4053 4054 4055 4056 4057 4058 4059 4060 4061 4062 4063 4064 4065 4066 4067 4068 4069 4070 4071 4072 4073 4074 4075 4076
108 4077 4078 4079 4080 4081 4082 4083 4084 4085 4086 4087 4088 4089 4090 4091 4092 4093 4094 4095 4096 4097 4098 4099 4100 4101 4102 4103 4104 4105 4106 4107 4108 4109 4110 4111 4112 4113 4114 4115 4116 4117 4118 4119 4120 4121 4122 4123 4124 4125 4126 4127 4128 4129 4130 4131 4132 4133 4134 4135 4136 4137 4138 4139 4140 4141 4142 4143 4144 4145 4146 4147 4148 4149 4150 4151 4152 4153 4154 4155 4156 4157 4158 4159 4160 4161 4162 4163 4164 4165 4166 4167 4168 4169 4170 4171 4172 4173 4174 4175 4176 4177 4178 4179 4180 4181 4182 4183 4184
28 4185 4186 4187 4188 4189 4190 4191 4192 4193 4194 4195 4196 4197 4198 4199 4200 4201 4202 4203 4204 4205 4206 4207 4208 4209 4210 4211 4212
26 4213 4214 4215 4216 4217 4218 4219 4220 4221 4222 4223 4224 4225 4226 4227 4228 4229 4230 4231 4232 4233 4234 4235 4236 4237 4238
17 4239 4240 4241 4242 4243 4244 4245 4246 4247 4248 4249 4250 4251 4252 4253 4254 4255
34 4256 4257 4258 4259 4260 4261 4262 4263 4264 4265 4266 4267 4268 4269 4270 4271 4272 4273 4274 4275 4276 4277 4278 4279 4280 4281 4282 4283 4284 4285 4286 4287 4288 4289
79 4290 4291 4292 4293 4294 4295 4296 4297 4298 4299 4300 4301 4302 4303 4304 4305 4306 4307 4308 4309 4310 4311 4312 4313 4314 4315 4316 4317 4318 4319 4320 4321 4322 4323 4324 4325 4326 4327 4328 4329 4330 4331 4332 4333 4334 4335 4336 4337 4338 4339 4340 4341 4342 4343 4344 4345 4346 4347 4348 4349 4350 4351 4352 4353 4354 4355 4356 4357 4358 4359 4360 4361 4362 4363 4364 4365 4366 4367 4368
11 4369 4370 4371 4372 4373 4374 4375 4376 4377 4378 4379
39 4380 4381 4382 4383 4384 4385 4386 4387 4388 4389 4390 4391 4392 4393 4394 4395 4396 4397 4398 4399 4400 4401 4402 4403 4404 4405 4406 4407 4408 4409 4410 4411 4412 4413 4414 4415 4416 4417 4418
52 4419 4420 4421 4422 4423 4424 4425 4426 4427 4428 4429 4430 4431 4432 4433 4434 4435 4436 4437 4438 4439 4440 4441 4442 4443 4444 4445 4446 4447 4448 4449 4450 4451 4452 4453 4454 4455 4456 4457 4458 4459 4460 4461 4462 4463 4464 4465 4466 4467 4468 4469 4470
29 4471 4472 4473 4474 4475 4476 4477 4478 4479 4480 4481 4482 4483 4484 4485 4486 4487 4488 4489 4490 4491 4492 4493 4494 4495 4496 4497 4498 4499
238 4500 4501 4502 4503 4504 4505 4506 4507 4508 4509 4510 4511 4512 4513 4514 4515 4516 4517 4518 4519 4520 4521 4522 4523 4524 4525 4526 4527 4528 4529 4530 4531 4532 4533 4534 4535 4536 4537 4538 4539 4540 4541 4542 4543 4544 4545 4546 4547 4548 4549 4550 4551 4552 4553 4554 4555 4556 4557 4558 4559 4560 4561 4562 4563 4564 4565 4566 4567 4568 4569 4570 4571 4572 4573 4574 4575 4576 4577 4578 4579 4580 4581 4582 4583 4584 4585 4586 4587 4588 4589 4590 4591 4592 4593 4594 4595 4596 4597 4598 4599 4600 4601 4602 4603 4604 4605 4606 4607 4608 4609 4610 4611 4612 4613 4614 4615 4616 4617 4618 4619 4620 4621 4622 4623 4624 4625 4626 4627 4628 4629 4630 4631 4632 4633 4634 4635 4636 4637 4638 4639 4640 4641 4642 4643 4644 4645 4646 4647 4648 4649 4650 4651 4652 4653 4654 4655 4656 4657 4658 4659 4660 4661 4662 4663 4664 4665 4666 4667 4668 4669 4670 4671 4672 4673 4674 4675 4676 4677 4678 4679 4680 4681 4682 4683 4684 4685 4686 4687 4688 4689 4690 4691 4692 4693 4694 4695 4696 4697 4698 4699 4700 4701 4702 4703 4704 4705 4706 4707 4708 4709 4710 4711 4712 4713 4714 4715 4716 4717 4718 4719 4720 4721 4722 4723 4724 4725 4726 4727 4728 4729 4730 4731 4732 4733 4734 4735 4736 4737
51 4738 4739 4740 4741 4742 4743 4744 4745 4746 4747 4748 4749 4750 4751 4752 4753 4754 4755 4756 4757 4758 4759 4760 4761 4762 4763 4764 4765 4766 4767 4768 4769 4770 4771 4772 4773 4774 4775 4776 4777 4778 4779 4780 4781 4782 4783 4784 4785 4786 4787 4788
422 4789 4790 4791 4792 4793 4794 4795 4796 4797 4798 4799 4800 4801 4802 4803 4804 4805 4806 4807 4808 4809 4810 4811 4812 4813 4814 4815 4816 4817 4818 4819 4820 4821 4822 4823 4824 4825 4826 4827 4828 4829 4830 4831 4832 4833 4834 4835 4836 4837 4838 4839 4840 4841 4842 4843 4844 4845 4846 4847 4848 4849 4850 4851 4852 4853 4854 4855 4856 4857 4858 4859 4860 4861 4862 4863 4864 4865 4866 4867 4868 4869 4870 4871 4872 4873 4874 4875 4876 4877 4878 4879 4880 4881 4882 4883 4884 4885 4886 4887 4888 4889 4890 4891 4892 4893 4894 4895 4896 4897 4898 4899 4900 4901 4902 4903 4904 4905 4906 4907 4908 4909 4910 4911 4912 4913 4914 4915 4916 4917 4918 4919 4920 4921 4922 4923 4924 4925 4926 4927 4928 4929 4930 4931 4932 4933 4934 4935 4936 4937 4938 4939 4940 4941 4942 4943 4944 4945 4946 4947 4948 4949 4950 4951 4952 4953 4954 4955 4956 4957 4958 4959 4960 4961 4962 4963 4964 4965 4966 4967 4968 4969 4970 4971 4972 4973 4974 4975 4976 4977 4978 4979 4980 4981 4982 4983 4984 4985 4986 4987 4988 4989 4990 4991 4992 4993 4994 4995 4996 4997 4998 4999 5000 5001 5002 5003 5004 5005 5006 5007 5008 5009 5010 5011 5012 5013 5014 5015 5016 5017 5018 5019 5020 5021 5022 5023 5024 5025 5026 5027 5028 5029 5030 5031 5032 5033 5034 5035 5036 5037 5038 5039 5040 5041 5042 5043 5044 5045 5046 5047 5048 5049 5050 5051 5052 5053 5054 5055 5056 5057 5058 5059 5060 5061 5062 5063 5064 5065 5066 5067 5068 5069 5070 5071 5072 5073 5074 5075 5076 5077 5078 5079 5080 5081 5082 5083 5084 5085 5086 5087 5088 5089 5090 5091 5092 5093 5094 5095 5096 5097 5098 5099 5100 5101 5102 5103 5104 5105 5106 5107 5108 5109 5110 5111 5112 5113 5114 5115 5116 5117 5118 5119 5120 5121 5122 5123 5124 5125 5126 5127 5128 5129 5130 5131 5132 5133 5134 5135 5136 5137 5138 5139 5140 5141 5142 5143 5144 5145 5146 5147 5148 5149 5150 5151 5152 5153 5154 5155 5156 5157 5158 5159 5160 5161 5162 5163 5164 5165 5166 5167 5168 5169 5170 5171 5172 5173 5174 5175 5176 5177 5178 5179 5180 5181 5182 5183 5184 5185 5186 5187 5188 5189 5190 5191 5192 5193 5194 5195 5196 5197 5198 5199 5200 5201 5202 5203 5204 5205 5206 5207 5208 5209 5210
173 5211 5212 5213 5214 5215 5216 5217 5218 5219 5220 5221 5222 5223 5224 5225 5226 5227 5228 5229 5230 5231 5232 5233 5234 5235 5236 5237 5238 5239 5240 5241 5242 5243 5244 5245 5246 5247 5248 5249 5250 5251 5252 5253 5254 5255 5256 5257 5258 5259 5260 5261 5262 5263 5264 5265 5266 5267 5268 5269 5270 5271 5272 5273 5274 5275 5276 5277 5278 5279 5280 5281 5282 5283 5284 5285 5286 5287 5288 5289 5290 5291 5292 5293 5294 5295 5296 5297 5298 5299 5300 5301 5302 5303 5304 5305 5306 5307 5308 5309 5310 5311 5312 5313 5314 5315 5316 5317 5318 5319 5320 5321 5322 5323 5324 5325 5326 5327 5328 5329 5330 5331 5332 5333 5334 5335 5336 5337 5338 5339 5340 5341 5342 5343 5344 5345 5346 5347 5348 5349 5350 5351 5352 5353 5354 5355 5356 5357 5358 5359 5360 5361 5362 5363 5364 5365 5366 5367 5368 5369 5370 5371 5372 5373 5374 5375 5376 5377 5378 5379 5380 5381 5382 5383
72 5384 5385 5386 5387 5388 5389 5390 5391 5392 5393 5394 5395 5396 5397 5398 5399 5400 5401 5402 5403 5404 5405 5406 5407 5408 5409 5410 5411 5412 5413 5414 5415 5416 5417 5418 5419 5420 5421 5422 5423 5424 5425 5426 5427 5428 5429 5430 5431 5432 5433 5434 5435 5436 5437 5438 5439 5440 5441 5442 5443 5444 5445 5446 5447 5448 5449 5450 5451 5452 5453 5454 5455
49 5456 5457 5458 5459 5460 5461 5462 5463 5464 5465 5466 5467 5468 5469 5470 5471 5472 5473 5474 5475 5476 5477 5478 5479 5480 5481 5482 5483 5484 5485 5486 5487 5488 5489 5490 5491 5492 5493 5494 5495 5496 5497 5498 5499 5500 5501 5502 5503 5504
61 5505 5506 5507 5508 5509 5510 5511 5512 5513 5514 5515 5516 5517 5518 5519 5520 5521 5522 5523 5524 5525 5526 5527 5528 5529 5530 5531 5532 5533 5534 5535 5536 5537 5538 5539 5540 5541 5542 5543 5544 5545 5546 5547 5548 5549 5550 5551 5552 5553 5554 5555 5556 5557 5558 5559 5560 5561 5562 5563 5564 5565
116 5566 5567 5568 5569 5570 5571 5572 5573 5574 5575 5576 5577 5578 5579 5580 5581 5582 5583 5584 5585 5586 5587 5588 5589 5590 5591 5592 5593 5594 5595 5596 5597 5598 5599 5600 5601 5602 5603 5604 5605 5606 5607 5608 5609 5610 5611 5612 5613 5614 5615 5616 5617 5618 5619 5620 5621 5622 5623 5624 5625 5626 5627 5628 5629 5630 5631 5632 5633 5634 5635 5636 5637 5638 5639 5640 5641 5642 5643 5644 5645 5646 5647 5648 5649 5650 5651 5652 5653 5654 5655 5656 5657 5658 5659 5660 5661 5662 5663 5664 5665 5666 5667 5668 5669 5670 5671 5672 5673 5674 5675 5676 5677 5678 5679 5680 5681
49 5682 5683 5684 5685 5686 5687 5688 5689 5690 5691 5692 5693 5694 5695 5696 5697 5698 5699 5700 5701 5702 5703 5704 5705 5706 5707 5708 5709 5710 5711 5712 5713 5714 5715 5716 5717 5718 5719 5720 5721 5722 5723 5724 5725 5726 5727 5728 5729 5730
22 5731 5732 5733 5734 5735 5736 5737 5738 5739 5740 5741 5742 5743 5744 5745 5746 5747 5748 5749 5750 5751 5752
400 5753 5754 5755 5756 5757 5758 5759 5760 5761 5762 5763 5764 5765 5766 5767 5768 5769 5770 5771 5772 5773 5774 5775 5776 5777 5778 5779 5780 5781 5782 5783 5784 5785 5786 5787 5788 5789 5790 5791 5792 5793 5794 5795 5796 5797 5798 5799 5800 5801 5802 5803 5804 5805 5806 5807 5808 5809 5810 5811 5812 5813 5814 5815 5816 5817 5818 5819 5820 5821 5822 5823 5824 5825 5826 5827 5828 5829 5830 5831 5832 5833 5834 5835 5836 5837 5838 5839 5840 5841 5842 5843 5844 5845 5846 5847 5848 5849 5850 5851 5852 5853 5854 5855 5856 5857 5858 5859 5860 5861 5862 5863 5864 5865 5866 5867 5868 5869 5870 5871 5872 5873 5874 5875 5876 5877 5878 5879 5880 5881 5882 5883 5884 5885 5886 5887 5888 5889 5890 5891 5892 5893 5894 5895 5896 5897 5898 5899 5900 5901 5902 5903 5904 5905 5906 5907 5908 5909 5910 5911 5912 5913 5914 5915 5916 5917 5918 5919 5920 5921 5922 5923 5924 5925 5926 5927 5928 5929 5930 5931 5932 5933 5934 5935 5936 5937 5938 5939 5940 5941 5942 5943 5944 5945 5946 5947 5948 5949 5950 5951 5952 5953 5954 5955 5956 5957 5958 5959 5960 5961 5962 5963 5964 5965 5966 5967 5968 5969 5970 5971 5972 5973 5974 5975 5976 5977 5978 5979 5980 5981 5982 5983 5984 5985 5986 5987 5988 5989 5990 5991 5992 5993 5994 5995 5996 5997 5998 5999 6000 6001 6002 6003 6004 6005 6006 6007 6008 6009 6010 6011 6012 6013 6014 6015 6016 6017 6018 6019 6020 6021 6022 6023 6024 6025 6026 6027 6028 6029 6030 6031 6032 6033 6034 6035 6036 6037 6038 6039 6040 6041 6042 6043 6044 6045 6046 6047 6048 6049 6050 6051 6052 6053 6054 6055 6056 6057 6058 6059 6060 6061 6062 6063 6064 6065 6066 6067 6068 6069 6070 6071 6072 6073 6074 6075 6076 6077 6078 6079 6080 6081 6082 6083 6084 6085 6086 6087 6088 6089 6090 6091 6092 6093 6094 6095 6096 6097 6098 6099 6100 6101 6102 6103 6104 6105 6106 6107 6108 6109 6110 6111 6112 6113 6114 6115 6116 6117 6118 6119 6120 6121 6122 6123 6124 6125 6126 6127 6128 6129 6130 6131 6132 6133 6134 6135 6136 6137 6138 6139 6140 6141 6142 6143 6144 6145 6146 6147 6148 6149 6150 6151 6152
179 6153 6154 6155 6156 6157 6158 6159 6160 6161 6162 6163 6164 6165 6166 6167 6168 6169 6170 6171 6172 6173 6174 6175 6176 6177 6178 6179 6180 6181 6182 6183 6184 6185 6186 6187 6188 6189 6190 6191 6192 6193 6194 6195 6196 6197 6198 6199 6200 6201 6202 6203 6204 6205 6206 6207 6208 6209 6210 6211 6212 6213 6214 6215 6216 6217 6218 6219 6220 6221 6222 6223 6224 6225 6226 6227 6228 6229 6230 6231 6232 6233 6234 6235 6236 6237 6238 6239 6240 6241 6242 6243 6244 6245 6246 6247 6248 6249 6250 6251 6252 6253 6254 6255 6256 6257 6258 6259 6260 6261 6262 6263 6264 6265 6266 6267 6268 6269 6270 6271 6272 6273 6274 6275 6276 6277 6278 6279 6280 6281 6282 6283 6284 6285 6286 6287 6288 6289 6290 6291 6292 6293 6294 6295 6296 6297 6298 6299 6300 6301 6302 6303 6304 6305 6306 6307 6308 6309 6310 6311 6312 6313 6314 6315 6316 6317 6318 6319 6320 6321 6322 6323 6324 6325 6326 6327 6328 6329 6330 6331
73 6332 6333 6334 6335 6336 6337 6338 6339 6340 6341 6342 6343 6344 6345 6346 6347 6348 6349 6350 6351 6352 6353 6354 6355 6356 6357 6358 6359 6360 6361 6362 6363 6364 6365 6366 6367 6368 6369 6370 6371 6372 6373 6374 6375 6376 6377 6378 6379 6380 6381 6382 6383 6384 6385 6386 6387 6388 6389 6390 6391 6392 6393 6394 6395 6396 6397 6398 6399 6400 6401 6402 6403 6404
48 6405 6406 6407 6408 6409 6410 6411 6412 6413 6414 6415 6416 6417 6418 6419 6420 6421 6422 6423 6424 6425 6426 6427 6428 6429 6430 6431 6432 6433 6434 6435 6436 6437 6438 6439 6440 6441 6442 6443 6444 6445 6446 6447 6448 6449 6450 6451 6452
64 6453 6454 6455 6456 6457 6458 6459 6460 6461 6462 6463 6464 6465 6466 6467 6468 6469 6470 6471 6472 6473 6474 6475 6476 6477 6478 6479 6480 6481 6482 6483 6484 6485 6486 6487 6488 6489 6490 6491 6492 6493 6494 6495 6496 6497 6498 6499 6500 6501 6502 6503 6504 6505 6506 6507 6508 6509 6510 6511 6512 6513 6514 6515 6516
129 6517 6518 6519 6520 6521 6522 6523 6524 6525 6526 6527 6528 6529 6530 6531 6532 6533 6534 6535 6536 6537 6538 6539 6540 6541 6542 6543 6544 6545 6546 6547 6548 6549 6550 6551 6552 6553 6554 6555 6556 6557 6558 6559 6560 6561 6562 6563 6564 6565 6566 6567 6568 6569 6570 6571 6572 6573 6574 6575 6576 6577 6578 6579 6580 6581 6582 6583 6584 6585 6586 6587 6588 6589 6590 6591 6592 6593 6594 6595 6596 6597 6598 6599 6600 6601 6602 6603 6604 6605 6606 6607 6608 6609 6610 6611 6612 6613 6614 6615 6616 6617 6618 6619 6620 6621 6622 6623 6624 6625 6626 6627 6628 6629 6630 6631 6632 6633 6634 6635 6636 6637 6638 6639 6640 6641 6642 6643 6644 6645
138 6646 6647 6648 6649 6650 6651 6652 6653 6654 6655 6656 6657 6658 6659 6660 6661 6662 6663 6664 6665 6666 6667 6668 6669 6670 6671 6672 6673 6674 6675 6676 6677 6678 6679 6680 6681 6682 6683 6684 6685 6686 6687 6688 6689 6690 6691 6692 6693 6694 6695 6696 6697 6698 6699 6700 6701 6702 6703 6704 6705 6706 6707 6708 6709 6710 6711 6712 6713 6714 6715 6716 6717 6718 6719 6720 6721 6722 6723 6724 6725 6726 6727 6728 6729 6730 6731 6732 6733 6734 6735 6736 6737 6738 6739 6740 6741 6742 6743 6744 6745 6746 6747 6748 6749 6750 6751 6752 6753 6754 6755 6756 6757 6758 6759 6760 6761 6762 6763 6764 6765 6766 6767 6768 6769 6770 6771 6772 6773 6774 6775 6776 6777 6778 6779 6780 6781 6782 6783
111 6784 6785 6786 6787 6788 6789 6790 6791 6792 6793 6794 6795 6796 6797 6798 6799 6800 6801 6802 6803 6804 6805 6806 6807 6808 6809 6810 6811 6812 6813 6814 6815 6816 6817 6818 6819 6820 6821 6822 6823 6824 6825 6826 6827 6828 6829 6830 6831 6832 6833 6834 6835 6836 6837 6838 6839 6840 6841 6842 6843 6844 6845 6846 6847 6848 6849 6850 6851 6852 6853 6854 6855 6856 6857 6858 6859 6860 6861 6862 6863 6864 6865 6866 6867 6868 6869 6870 6871 6872 6873 6874 6875 6876 6877 6878 6879 6880 6881 6882 6883 6884 6885 6886 6887 6888 6889 6890 6891 6892 6893 6894
30 6895 6896 6897 6898 6899 6900 6901 6902 6903 6904 6905 6906 6907 6908 6909 6910 6911 6912 6913 6914 6915 6916 6917 6918 6919 6920 6921 6922 6923 6924
167 6925 6926 6927 6928 6929 6930 6931 6932 6933 6934 6935 6936 6937 6938 6939 6940 6941 6942 6943 6944 6945 6946 6947 6948 6949 6950 6951 6952 6953 6954 6955 6956 6957 6958 6959 6960 6961 6962 6963 6964 6965 6966 6967 6968 6969 6970 6971 6972 6973 6974 6975 6976 6977 6978 6979 6980 6981 6982 6983 6984 6985 6986 6987 6988 6989 6990 6991 6992 6993 6994 6995 6996 6997 6998 6999 7000 7001 7002 7003 7004 7005 7006 7007 7008 7009 7010 7011 7012 7013 7014 7015 7016 7017 7018 7019 7020 7021 7022 7023 7024 7025 7026 7027 7028 7029 7030 7031 7032 7033 7034 7035 7036 7037 7038 7039 7040 7041 7042 7043 7044 7045 7046 7047 7048 7049 7050 7051 7052 7053 7054 7055 7056 7057 7058 7059 7060 7061 7062 7063 7064 7065 7066 7067 7068 7069 7070 7071 7072 7073 7074 7075 7076 7077 7078 7079 7080 7081 7082 7083 7084 7085 7086 7087 7088 7089 7090 7091
15 7092 7093 7094 7095 7096 7097 7098 7099 7100 7101 7102 7103 7104 7105 7106
29 7107 7108 7109 7110 7111 7112 7113 7114 7115 7116 7117 7118 7119 7120 7121 7122 7123 7124 7125 7126 7127 7128 7129 7130 7131 7132 7133 7134 7135
112 7136 7137 7138 7139 7140 7141 7142 7143 7144 7145 7146 7147 7148 7149 7150 7151 7152 7153 7154 7155 7156 7157 7158 7159 7160 7161 7162 7163 7164 7165 7166 7167 7168 7169 7170 7171 7172 7173 7174 7175 7176 7177 7178 7179 7180 7181 7182 7183 7184 7185 7186 7187 7188 7189 7190 7191 7192 7193 7194 7195 7196 7197 7198 7199 7200 7201 7202 7203 7204 7205 7206 7207 7208 7209 7210 7211 7212 7213 7214 7215 7216 7217 7218 7219 7220 7221 7222 7223 7224 7225 7226 7227 7228 7229 7230 7231 7232 7233 7234 7235 7236 7237 7238 7239 7240 7241 7242 7243 7244 7245 7246 7247
127 7248 7249 7250 7251 7252 7253 7254 7255 7256 7257 7258 7259 7260 7261 7262 7263 7264 7265 7266 7267 7268 7269 7270 7271 7272 7273 7274 7275 7276 7277 7278 7279 7280 7281 7282 7283 7284 7285 7286 7287 7288 7289 7290 7291 7292 7293 7294 7295 7296 7297 7298 7299 7300 7301 7302 7303 7304 7305 7306 7307 7308 7309 7310 7311 7312 7313 7314 7315 7316 7317 7318 7319 7320 7321 7322 7323 7324 7325 7326 7327 7328 7329 7330 7331 7332 7333 7334 7335 7336 7337 7338 7339 7340 7341 7342 7343 7344 7345 7346 7347 7348 7349 7350 7351 7352 7353 7354 7355 7356 7357 7358 7359 7360 7361 7362 7363 7364 7365 7366 7367 7368 7369 7370 7371 7372 7373 7374
18 7375 7376 7377 7378 7379 7380 7381 7382 7383 7384 7385 7386 7387 7388 7389 7390 7391 7392
34 7393 7394 7395 7396 7397 7398 7399 7400 7401 7402 7403 7404 7405 7406 7407 7408 7409 7410 7411 7412 7413 7414 7415 7416 7417 7418 7419 7420 7421 7422 7423 7424 7425 7426
117 7427 7428 7429 7430 7431 7432 7433 7434 7435 7436 7437 7438 7439 7440 7441 7442 7443 7444 7445 7446 7447 7448 7449 7450 7451 7452 7453 7454 7455 7456 7457 7458 7459 7460 7461 7462 7463 7464 7465 7466 7467 7468 7469 7470 7471 7472 7473 7474 7475 7476 7477 7478 7479 7480 7481 7482 7483 7484 7485 7486 7487 7488 7489 7490 7491 7492 7493 7494 7495 7496 7497 7498 7499 7500 7501 7502 7503 7504 7505 7506 7507 7508 7509 7510 7511 7512 7513 7514 7515 7516 7517 7518 7519 7520 7521 7522 7523 7524 7525 7526 7527 7528 7529 7530 7531 7532 7533 7534 7535 7536 7537 7538 7539 7540 7541 7542 7543
53 7544 7545 7546 7547 7548 7549 7550 7551 7552 7553 7554 7555 7556 7557 7558 7559 7560 7561 7562 7563 7564 7565 7566 7567 7568 7569 7570 7571 7572 7573 7574 7575 7576 7577 7578 7579 7580 7581 7582 7583 7584 7585 7586 7587 7588 7589 7590 7591 7592 7593 7594 7595 7596
42 7597 7598 7599 7600 7601 7602 7603 7604 7605 7606 7607 7608 7609 7610 7611 7612 7613 7614 7615 7616 7617 7618 7619 7620 7621 7622 7623 7624 7625 7626 7627 7628 7629 7630 7631 7632 7633 7634 7635 7636 7637 7638
102 7639 7640 7641 7642 7643 7644 7645 7646 7647 7648 7649 7650 7651 7652 7653 7654 7655 7656 7657 7658 7659 7660 7661 7662 7663 7664 7665 7666 7667 7668 7669 7670 7671 7672 7673 7674 7675 7676 7677 7678 7679 7680 7681 7682 7683 7684 7685 7686 7687 7688 7689 7690 7691 7692 7693 7694 7695 7696 7697 7698 7699 7700 7701 7702 7703 7704 7705 7706 7707 7708 7709 7710 7711 7712 7713 7714 7715 7716 7717 7718 7719 7720 7721 7722 7723 7724 7725 7726 7727 7728 7729 7730 7731 7732 7733 7734 7735 7736 7737 7738 7739 7740
119 7741 7742 7743 7744 7745 7746 7747 7748 7749 7750 7751 7752 7753 7754 7755 7756 7757 7758 7759 7760 7761 7762 7763 7764 7765 7766 7767 7768 7769 7770 7771 7772 7773 7774 7775 7776 7777 7778 7779 7780 7781 7782 7783 7784 7785 7786 7787 7788 7789 7790 7791 7792 7793 7794 7795 7796 7797 7798 7799 7800 7801 7802 7803 7804 7805 7806 7807 7808 7809 7810 7811 7812 7813 7814 7815 7816 7817 7818 7819 7820 7821 7822 7823 7824 7825 7826 7827 7828 7829 7830 7831 7832 7833 7834 7835 7836 7837 7838 7839 7840 7841 7842 7843 7844 7845 7846 7847 7848 7849 7850 7851 7852 7853 7854 7855 7856 7857 7858 7859
108 7860 7861 7862 7863 7864 7865 7866 7867 7868 7869 7870 7871 7872 7873 7874 7875 7876 7877 7878 7879 7880 7881 7882 7883 7884 7885 7886 7887 7888 7889 7890 7891 7892 7893 7894 7895 7896 7897 7898 7899 7900 7901 7902 7903 7904 7905 7906 7907 7908 7909 7910 7911 7912 7913 7914 7915 7916 7917 7918 7919 7920 7921 7922 7923 7924 7925 7926 7927 7928 7929 7930 7931 7932 7933 7934 7935 7936 7937 7938 7939 7940 7941 7942 7943 7944 7945 7946 7947 7948 7949 7950 7951 7952 7953 7954 7955 7956 7957 7958 7959 7960 7961 7962 7963 7964 7965 7966 7967
4 7968 7969 7970 7971
12 7972 7973 7974 7975 7976 7977 7978 7979 7980 7981 7982 7983
7 7984 7985 7986 7987 7988 7989 7990
99 7991 7992 7993 7994 7995 7996 7997 7998 7999 8000 8001 8002 8003 8004 8005 8006 8007 8008 8009 8010 8011 8012 8013 8014 8015 8016 8017 8018 8019 8020 8021 8022 8023 8024 8025 8026 8027 8028 8029 8030 8031 8032 8033 8034 8035 8036 8037 8038 8039 8040 8041 8042 8043 8044 8045 8046 8047 8048 8049 8050 8051 8052 8053 8054 8055 8056 8057 8058 8059 8060 8061 8062 8063 8064 8065 8066 8067 8068 8069 8070 8071 8072 8073 8074 8075 8076 8077 8078 8079 8080 8081 8082 8083 8084 8085 8086 8087 8088 8089
84 8090 8091 8092 8093 8094 8095 8096 8097 8098 8099 8100 8101 8102 8103 8104 8105 8106 8107 8108 8109 8110 8111 8112 8113 8114 8115 8116 8117 8118 8119 8120 8121 8122 8123 8124 8125 8126 8127 8128 8129 8130 8131 8132 8133 8134 8135 8136 8137 8138 8139 8140 8141 8142 8143 8144 8145 8146 8147 8148 8149 8150 8151 8152 8153 8154 8155 8156 8157 8158 8159 8160 8161 8162 8163 8164 8165 8166 8167 8168 8169 8170 8171 8172 8173
6 8174 8175 8176 8177 8178 8179
96 8180 8181 8182 8183 8184 8185 8186 8187 8188 8189 8190 8191 8192 8193 8194 8195 8196 8197 8198 8199 8200 8201 8202 8203 8204 8205 8206 8207 8208 8209 8210 8211 8212 8213 8214 8215 8216 8217 8218 8219 8220 8221 8222 8223 8224 8225 8226 8227 8228 8229 8230 8231 8232 8233 8234 8235 8236 8237 8238 8239 8240 8241 8242 8243 8244 8245 8246 8247 8248 8249 8250 8251 8252 8253 8254 8255 8256 8257 8258 8259 8260 8261 8262 8263 8264 8265 8266 8267 8268 8269 8270 8271 8272 8273 8274 8275
104 8276 8277 8278 8279 8280 8281 8282 8283 8284 8285 8286 8287 8288 8289 8290 8291 8292 8293 8294 8295 8296 8297 8298 8299 8300 8301 8302 8303 8304 8305 8306 8307 8308 8309 8310 8311 8312 8313 8314 8315 8316 8317 8318 8319 8320 8321 8322 8323 8324 8325 8326 8327 8328 8329 8330 8331 8332 8333 8334 8335 8336 8337 8338 8339 8340 8341 8342 8343 8344 8345 8346 8347 8348 8349 8350 8351 8352 8353 8354 8355 8356 8357 8358 8359 8360 8361 8362 8363 8364 8365 8366 8367 8368 8369 8370 8371 8372 8373 8374 8375 8376 8377 8378 8379
4 8380 8381 8382 8383
15 8384 8385 8386 8387 8388 8389 8390 8391 8392 8393 8394 8395 8396 8397 8398
100 8399 8400 8401 8402 8403 8404 8405 8406 8407 8408 8409 8410 8411 8412 8413 8414 8415 8416 8417 8418 8419 8420 8421 8422 8423 8424 8425 8426 8427 8428 8429 8430 8431 8432 8433 8434 8435 8436 8437 8438 8439 8440 8441 8442 8443 8444 8445 8446 8447 8448 8449 8450 8451 8452 8453 8454 8455 8456 8457 8458 8459 8460 8461 8462 8463 8464 8465 8466 8467 8468 8469 8470 8471 8472 8473 8474 8475 8476 8477 8478 8479 8480 8481 8482 8483 8484 8485 8486 8487 8488 8489 8490 8491 8492 8493 8494 8495 8496 8497 8498
4 8499 8500 8501 8502
98 8503 8504 8505 8506 8507 8508 8509 8510 8511 8512 8513 8514 8515 8516 8517 8518 8519 8520 8521 8522 8523 8524 8525 8526 8527 8528 8529 8530 8531 8532 8533 8534 8535 8536 8537 8538 8539 8540 8541 8542 8543 8544 8545 8546 8547 8548 8549 8550 8551 8552 8553 8554 8555 8556 8557 8558 8559 8560 8561 8562 8563 8564 8565 8566 8567 8568 8569 8570 8571 8572 8573 8574 8575 8576 8577 8578 8579 8580 8581 8582 8583 8584 8585 8586 8587 8588 8589 8590 8591 8592 8593 8594 8595 8596 8597 8598 8599 8600
101 8601 8602 8603 8604 8605 8606 8607 8608 8609 8610 8611 8612 8613 8614 8615 8616 8617 8618 8619 8620 8621 8622 8623 8624 8625 8626 8627 8628 8629 8630 8631 8632 8633 8634 8635 8636 8637 8638 8639 8640 8641 8642 8643 8644 8645 8646 8647 8648 8649 8650 8651 8652 8653 8654 8655 8656 8657 8658 8659 8660 8661 8662 8663 8664 8665 8666 8667 8668 8669 8670 8671 8672 8673 8674 8675 8676 8677 8678 8679 8680 8681 8682 8683 8684 8685 8686 8687 8688 8689 8690 8691 8692 8693 8694 8695 8696 8697 8698 8699 8700 8701
156 8702 8703 8704 8705 8706 8707 8708 8709 8710 8711 8712 8713 8714 8715 8716 8717 8718 8719 8720 8721 8722 8723 8724 8725 8726 8727 8728 8729 8730 8731 8732 8733 8734 8735 8736 8737 8738 8739 8740 8741 8742 8743 8744 8745 8746 8747 8748 8749 8750 8751 8752 8753 8754 8755 8756 8757 8758 8759 8760 8761 8762 8763 8764 8765 8766 8767 8768 8769 8770 8771 8772 8773 8774 8775 8776 8777 8778 8779 8780 8781 8782 8783 8784 8785 8786 8787 8788 8789 8790 8791 8792 8793 8794 8795 8796 8797 8798 8799 8800 8801 8802 8803 8804 8805 8806 8807 8808 8809 8810 8811 8812 8813 8814 8815 8816 8817 8818 8819 8820 8821 8822 8823 8824 8825 8826 8827 8828 8829 8830 8831 8832 8833 8834 8835 8836 8837 8838 8839 8840 8841 8842 8843 8844 8845 8846 8847 8848 8849 8850 8851 8852 8853 8854 8855 8856 8857
42 8858 8859 8860 8861 8862 8863 8864 8865 8866 8867 8868 8869 8870 8871 8872 8873 8874 8875 8876 8877 8878 8879 8880 8881 8882 8883 8884 8885 8886 8887 8888 8889 8890 8891 8892 8893 8894 8895 8896 8897 8898 8899
57 8900 8901 8902 8903 8904 8905 8906 8907 8908 8909 8910 8911 8912 8913 8914 8915 8916 8917 8918 8919 8920 8921 8922 8923 8924 8925 8926 8927 8928 8929 8930 8931 8932 8933 8934 8935 8936 8937 8938 8939 8940 8941 8942 8943 8944 8945 8946 8947 8948 8949 8950 8951 8952 8953 8954 8955 8956
4 8957 8958 8959 8960
38 8961 8962 8963 8964 8965 8966 8967 8968 8969 8970 8971 8972 8973 8974 8975 8976 8977 8978 8979 8980 8981 8982 8983 8984 8985 8986 8987 8988 8989 8990 8991 8992 8993 8994 8995 8996 8997 8998
11 8999 9000 9001 9002 9003 9004 9005 9006 9007 9008 9009
58 9010 9011 9012 9013 9014 9015 9016 9017 9018 9019 9020 9021 9022 9023 9024 9025 9026 9027 9028 9029 9030 9031 9032 9033 9034 9035 9036 9037 9038 9039 9040 9041 9042 9043 9044 9045 9046 9047 9048 9049 9050 9051 9052 9053 9054 9055 9056 9057 9058 9059 9060 9061 9062 9063 9064 9065 9066 9067
5 9068 9069 9070 9071 9072
37 9073 9074 9075 9076 9077 9078 9079 9080 9081 9082 9083 9084 9085 9086 9087 9088 9089 9090 9091 9092 9093 9094 9095 9096 9097 9098 9099 9100 9101 9102 9103 9104 9105 9106 9107 9108 9109
36 9110 9111 9112 9113 9114 9115 9116 9117 9118 9119 9120 9121 9122 9123 9124 9125 9126 9127 9128 9129 9130 9131 9132 9133 9134 9135 9136 9137 9138 9139 9140 9141 9142 9143 9144 9145
65 9146 9147 9148 9149 9150 9151 9152 9153 9154 9155 9156 9157 9158 9159 9160 9161 9162 9163 9164 9165 9166 9167 9168 9169 9170 9171 9172 9173 9174 9175 9176 9177 9178 9179 9180 9181 9182 9183 9184 9185 9186 9187 9188 9189 9190 9191 9192 9193 9194 9195 9196 9197 9198 9199 9200 9201 9202 9203 9204 9205 9206 9207 9208 9209 9210
234 9211 9212 9213 9214 9215 9216 9217 9218 9219 9220 9221 9222 9223 9224 9225 9226 9227 9228 9229 9230 9231 9232 9233 9234 9235 9236 9237 9238 9239 9240 9241 9242 9243 9244 9245 9246 9247 9248 9249 9250 9251 9252 9253 9254 9255 9256 9257 9258 9259 9260 9261 9262 9263 9264 9265 9266 9267 9268 9269 9270 9271 9272 9273 9274 9275 9276 9277 9278 9279 9280 9281 9282 9283 9284 9285 9286 9287 9288 9289 9290 9291 9292 9293 9294 9295 9296 9297 9298 9299 9300 9301 9302 9303 9304 9305 9306 9307 9308 9309 9310 9311 9312 9313 9314 9315 9316 9317 9318 9319 9320 9321 9322 9323 9324 9325 9326 9327 9328 9329 9330 9331 9332 9333 9334 9335 9336 9337 9338 9339 9340 9341 9342 9343 9344 9345 9346 9347 9348 9349 9350 9351 9352 9353 9354 9355 9356 9357 9358 9359 9360 9361 9362 9363 9364 9365 9366 9367 9368 9369 9370 9371 9372 9373 9374 9375 9376 9377 9378 9379 9380 9381 9382 9383 9384 9385 9386 9387 9388 9389 9390 9391 9392 9393 9394 9395 9396 9397 9398 9399 9400 9401 9402 9403 9404 9405 9406 9407 9408 9409 9410 9411 9412 9413 9414 9415 9416 9417 9418 9419 9420 9421 9422 9423 9424 9425 9426 9427 9428 9429 9430 9431 9432 9433 9434 9435 9436 9437 9438 9439 9440 9441 9442 9443 9444
9 9445 9446 9447 9448 9449 9450 9451 9452 9453
103 9454 9455 9456 9457 9458 9459 9460 9461 9462 9463 9464 9465 9466 9467 9468 9469 9470 9471 9472 9473 9474 9475 9476 9477 9478 9479 9480 9481 9482 9483 9484 9485 9486 9487 9488 9489 9490 9491 9492 9493 9494 9495 9496 9497 9498 9499 9500 9501 9502 9503 9504 9505 9506 9507 9508 9509 9510 9511 9512 9513 9514 9515 9516 9517 9518 9519 9520 9521 9522 9523 9524 9525 9526 9527 9528 9529 9530 9531 9532 9533 9534 9535 9536 9537 9538 9539 9540 9541 9542 9543 9544 9545 9546 9547 9548 9549 9550 9551 9552 9553 9554 9555 9556
56 9557 9558 9559 9560 9561 9562 9563 9564 9565 9566 9567 9568 9569 9570 9571 9572 9573 9574 9575 9576 9577 9578 9579 9580 9581 9582 9583 9584 9585 9586 9587 9588 9589 9590 9591 9592 9593 9594 9595 9596 9597 9598 9599 9600 9601 9602 9603 9604 9605 9606 9607 9608 9609 9610 9611 9612
250 9613 9614 9615 9616 9617 9618 9619 9620 9621 9622 9623 9624 9625 9626 9627 9628 9629 9630 9631 9632 9633 9634 9635 9636 9637 9638 9639 9640 9641 9642 9643 9644 9645 9646 9647 9648 9649 9650 9651 9652 9653 9654 9655 9656 9657 9658 9659 9660 9661 9662 9663 9664 9665 9666 9667 9668 9669 9670 9671 9672 9673 9674 9675 9676 9677 9678 9679 9680 9681 9682 9683 9684 9685 9686 9687 9688 9689 9690 9691 9692 9693 9694 9695 9696 9697 9698 9699 9700 9701 9702 9703 9704 9705 9706 9707 9708 9709 9710 9711 9712 9713 9714 9715 9716 9717 9718 9719 9720 9721 9722 9723 9724 9725 9726 9727 9728 9729 9730 9731 9732 9733 9734 9735 9736 9737 9738 9739 9740 9741 9742 9743 9744 9745 9746 9747 9748 9749 9750 9751 9752 9753 9754 9755 9756 9757 9758 9759 9760 9761 9762 9763 9764 9765 9766 9767 9768 9769 9770 9771 9772 9773 9774 9775 9776 9777 9778 9779 9780 9781 9782 9783 9784 9785 9786 9787 9788 9789 9790 9791 9792 9793 9794 9795 9796 9797 9798 9799 9800 9801 9802 9803 9804 9805 9806 9807 9808 9809 9810 9811 9812 9813 9814 9815 9816 9817 9818 9819 9820 9821 9822 9823 9824 9825 9826 9827 9828 9829 9830 9831 9832 9833 9834 9835 9836 9837 9838 9839 9840 9841 9842 9843 9844 9845 9846 9847 9848 9849 9850 9851 9852 9853 9854 9855 9856 9857 9858 9859 9860 9861 9862
152 9863 9864 9865 9866 9867 9868 9869 9870 9871 9872 9873 9874 9875 9876 9877 9878 9879 9880 9881 9882 9883 9884 9885 9886 9887 9888 9889 9890 9891 9892 9893 9894 9895 9896 9897 9898 9899 9900 9901 9902 9903 9904 9905 9906 9907 9908 9909 9910 9911 9912 9913 9914 9915 9916 9917 9918 9919 9920 9921 9922 9923 9924 9925 9926 9927 9928 9929 9930 9931 9932 9933 9934 9935 9936 9937 9938 9939 9940 9941 9942 9943 9944 9945 9946 9947 9948 9949 9950 9951 9952 9953 9954 9955 9956 9957 9958 9959 9960 9961 9962 9963 9964 9965 9966 9967 9968 9969 9970 9971 9972 9973 9974 9975 9976 9977 9978 9979 9980 9981 9982 9983 9984 9985 9986 9987 9988 9989 9990 9991 9992 9993 9994 9995 9996 9997 9998 9999 10000 10001 10002 10003 10004 10005 10006 10007 10008 10009 10010 10011 10012 10013 10014
33 10015 10016 10017 10018 10019 10020 10021 10022 10023 10024 10025 10026 10027 10028 10029 10030 10031 10032 10033 10034 10035 10036 10037 10038 10039 10040 10041 10042 10043 10044 10045 10046 10047
35 10048 10049 10050 10051 10052 10053 10054 10055 10056 10057 10058 10059 10060 10061 10062 10063 10064 10065 10066 10067 10068 10069 10070 10071 10072 10073 10074 10075 10076 10077 10078 10079 10080 10081 10082
38 10083 10084 10085 10086 10087 10088 10089 10090 10091 10092 10093 10094 10095 10096 10097 10098 10099 10100 10101 10102 10103 10104 10105 10106 10107 10108 10109 10110 10111 10112 10113 10114 10115 10116 10117 10118 10119 10120
90 10121 10122 10123 10124 10125 10126 10127 10128 10129 10130 10131 10132 10133 10134 10135 10136 10137 10138 10139 10140 10141 10142 10143 10144 10145 10146 10147 10148 10149 10150 10151 10152 10153 10154 10155 10156 10157 10158 10159 10160 10161 10162 10163 10164 10165 10166 10167 10168 10169 10170 10171 10172 10173 10174 10175 10176 10177 10178 10179 10180 10181 10182 10183 10184 10185 10186 10187 10188 10189 10190 10191 10192 10193 10194 10195 10196 10197 10198 10199 10200 10201 10202 10203 10204 10205 10206 10207 10208 10209 10210
53 10211 10212 10213 10214 10215 10216 10217 10218 10219 10220 10221 10222 10223 10224 10225 10226 10227 10228 10229 10230 10231 10232 10233 10234 10235 10236 10237 10238 10239 10240 10241 10242 10243 10244 10245 10246 10247 10248 10249 10250 10251 10252 10253 10254 10255 10256 10257 10258 10259 10260 10261 10262 10263
85 10264 10265 10266 10267 10268 10269 10270 10271 10272 10273 10274 10275 10276 10277 10278 10279 10280 10281 10282 10283 10284 10285 10286 10287 10288 10289 10290 10291 10292 10293 10294 10295 10296 10297 10298 10299 10300 10301 10302 10303 10304 10305 10306 10307 10308 10309 10310 10311 10312 10313 10314 10315 10316 10317 10318 10319 10320 10321 10322 10323 10324 10325 10326 10327 10328 10329 10330 10331 10332 10333 10334 10335 10336 10337 10338 10339 10340 10341 10342 10343 10344 10345 10346 10347 10348
28 10349 10350 10351 10352 10353 10354 10355 10356 10357 10358 10359 10360 10361 10362 10363 10364 10365 10366 10367 10368 10369 10370 10371 10372 10373 10374 10375 10376
28 10377 10378 10379 10380 10381 10382 10383 10384 10385 10386 10387 10388 10389 10390 10391 10392 10393 10394 10395 10396 10397 10398 10399 10400 10401 10402 10403 10404
71 10405 10406 10407 10408 10409 10410 10411 10412 10413 10414 10415 10416 10417 10418 10419 10420 10421 10422 10423 10424 10425 10426 10427 10428 10429 10430 10431 10432 10433 10434 10435 10436 10437 10438 10439 10440 10441 10442 10443 10444 10445 10446 10447 10448 10449 10450 10451 10452 10453 10454 10455 10456 10457 10458 10459 10460 10461 10462 10463 10464 10465 10466 10467 10468 10469 10470 10471 10472 10473 10474 10475
68 10476 10477 10478 10479 10480 10481 10482 10483 10484 10485 10486 10487 10488 10489 10490 10491 10492 10493 10494 10495 10496 10497 10498 10499 10500 10501 10502 10503 10504 10505 10506 10507 10508 10509 10510 10511 10512 10513 10514 10515 10516 10517 10518 10519 10520 10521 10522 10523 10524 10525 10526 10527 10528 10529 10530 10531 10532 10533 10534 10535 10536 10537 10538 10539 10540 10541 10542 10543
68 10544 10545 10546 10547 10548 10549 10550 10551 10552 10553 10554 10555 10556 10557 10558 10559 10560 10561 10562 10563 10564 10565 10566 10567 10568 10569 10570 10571 10572 10573 10574 10575 10576 10577 10578 10579 10580 10581 10582 10583 10584 10585 10586 10587 10588 10589 10590 10591 10592 10593 10594 10595 10596 10597 10598 10599 10600 10601 10602 10603 10604 10605 10606 10607 10608 10609 10610 10611
93 10612 10613 10614 10615 10616 10617 10618 10619 10620 10621 10622 10623 10624 10625 10626 10627 10628 10629 10630 10631 10632 10633 10634 10635 10636 10637 10638 10639 10640 10641 10642 10643 10644 10645 10646 10647 10648 10649 10650 10651 10652 10653 10654 10655 10656 10657 10658 10659 10660 10661 10662 10663 10664 10665 10666 10667 10668 10669 10670 10671 10672 10673 10674 10675 10676 10677 10678 10679 10680 10681 10682 10683 10684 10685 10686 10687 10688 10689 10690 10691 10692 10693 10694 10695 10696 10697 10698 10699 10700 10701 10702 10703 10704
